Inflow Arc,"Area
(sq. miles)","Average Annual Precipitaion
(inches)"
I_LKVLY,2790.827031,1945.759905
I_NNA013,2817.861342,1979.21154
I_NFA054,118660.0735,1730.537132
I_CYN009,817.9031009,1707.914366
I_NFA022,92887.1809,1321.999076
