,I_STS059,I_TULOC,I_RLIEF,I_MFS047,I_CFS001,I_DONLL,I_MFS022,I_NFS033,I_SPICE,I_NFS009,I_BVC007,I_MIL003,I_NFS005,I_ANG017,I_MFS013,I_BEARD,I_SFS033,I_LYONS,I_SFS030,I_PCRST
9/30/1921,,,,,,,,,,,,,,,,,,,,
10/31/1921,0.04,0,0.5,0.39,0.77,0.43,0.12,0.62,0.77,1.58,0.16,0.07,0.09,0.03,0,0,0.09,0.13,0.03,0.14
11/30/1921,0.04,0.01,0.65,0.51,1.01,0.56,0.16,0.13,0.16,0.18,0.21,0.09,0.01,0.04,0,0,0.12,0.17,0.04,0.18
12/31/1921,0.06,1.94,1.43,1.12,2.38,3.03,0.85,0.32,0.29,0,1.35,0.56,0,0.28,0.32,1,0.55,0.47,0.11,0.82
1/31/1922,0.08,2.12,1.07,0.84,2.56,4.31,1.21,1.22,1.12,3.12,1.71,0.71,0.18,0.35,0.37,1.17,0.63,0.59,0.13,0.95
2/28/1922,0.11,15.38,1.9,1.49,5.35,11.94,3.37,1.51,1.84,3.23,5.17,2.15,0.18,1.06,1.09,3.45,1.49,1.97,0.45,2.24
3/31/1922,0.08,5.92,1.4,1.1,3.73,11.2,3.16,3.21,4.21,16.28,5.22,2.17,0.92,1.07,1.04,3.31,1.36,2.18,0.5,2.04
4/30/1922,0.08,4.09,2.17,1.71,6.36,20.83,5.88,5.83,7.21,27.21,8.82,3.67,1.53,1.81,1.71,5.4,2.59,3.81,0.87,3.88
5/31/1922,0.06,1.29,16.05,12.61,35.35,85.01,23.98,28.74,39.25,73.29,17.53,7.3,4.13,3.59,3.81,12.06,14.92,6.55,1.48,22.38
6/30/1922,0.01,0.34,24.87,19.54,49.9,73.9,20.84,23.99,36.71,43.21,6.04,2.51,2.43,1.24,2.34,7.41,16.86,3.05,0.69,25.29
7/31/1922,0,0.06,10.52,8.27,17.57,16.66,4.7,2.83,6.14,4.04,1.21,0.5,0.23,0.25,0.34,1.09,3.75,0.81,0.18,5.62
8/31/1922,0,0,2.64,2.07,4.25,2.59,0.73,0.57,1.41,0.81,0.62,0.26,0.05,0.13,0.21,0.66,0.67,0.32,0.07,1.01
9/30/1922,0,0,0.77,0.61,1.14,0.13,0.04,0.57,0.8,1.63,0.19,0.08,0.09,0.04,0.12,0.38,0.12,0.16,0.03,0.17
10/31/1922,0,0.03,0.79,0.62,1.2,0.59,0.17,0.48,0.6,1.02,0.24,0.1,0.06,0.05,0,0,0.14,0.19,0.04,0.22
11/30/1922,0.08,0.78,1.15,0.9,1.8,1.85,0.52,0.48,0.47,0.9,0.82,0.34,0.05,0.17,0.19,0.61,0.37,0.33,0.07,0.55
12/31/1922,0.26,9.09,2.13,1.67,5.28,9.4,2.65,0.82,0.76,0,3.87,1.61,0,0.79,0.87,2.76,1.34,1.33,0.3,2.01
1/31/1923,0.19,4.7,1.23,0.97,3.12,8.39,2.37,0.65,0.8,0,3.82,1.59,0,0.78,0.74,2.34,1.08,1.54,0.35,1.63
2/28/1923,2.48,3.72,0.71,0.56,2.03,5.98,1.69,1.16,1.4,3.18,2.85,1.19,0.18,0.58,0.61,1.93,0.74,1.24,0.28,1.12
3/31/1923,0.36,1.49,0.99,0.78,2.87,8.91,2.51,3.55,4.6,18.85,3.99,1.66,1.06,0.82,0.74,2.35,1.15,1.74,0.39,1.72
4/30/1923,1.16,2.79,4.48,3.52,10.76,31.14,8.78,12.95,16.92,41.81,9.6,4,2.35,1.97,1.99,6.29,4.85,3.61,0.82,7.27
5/31/1923,0.19,1.06,16.43,12.91,33.46,68.25,19.25,22.8,32,41.03,9.26,3.86,2.31,1.9,2.54,8.05,13.68,3.16,0.71,20.51
6/30/1923,0.05,0.37,13.35,10.49,25.92,30.09,8.49,7.11,11.89,9.46,2.07,0.86,0.53,0.42,0.85,2.7,8.09,0.93,0.21,12.14
7/31/1923,0,0.09,8.87,6.97,14.69,13.47,3.8,2.66,5.32,3.42,0.92,0.38,0.19,0.19,0.31,0.98,3.38,0.54,0.12,5.07
8/31/1923,0,0.03,1.93,1.52,3.18,2.71,0.76,0.62,1.47,0.71,0.38,0.16,0.04,0.08,0.05,0.15,0.59,0.12,0.03,0.88
9/30/1923,0,0.05,1.89,1.48,2.8,0.6,0.17,0.57,0.96,1.28,0.44,0.18,0.07,0.09,0.25,0.8,0.36,0.3,0.07,0.53
10/31/1923,0,0.18,1.39,1.09,1.97,0.93,0.26,1.06,1.16,0,0.63,0.26,0,0.13,0.15,0.47,0.44,0,0,0.66
11/30/1923,0.03,0.18,0.41,0.32,0.89,1.24,0.35,0.57,0.74,0,0.47,0.2,0,0.1,0.13,0.4,0.25,0,0,0.37
12/31/1923,0.06,0.26,0.33,0.26,0.73,1.06,0.3,0.62,0.75,0,0.51,0.21,0,0.1,0.13,0.43,0.24,0,0,0.36
1/31/1924,0.07,0.37,0.39,0.3,0.74,1.48,0.42,0.64,0.76,0,0.64,0.27,0,0.13,0.15,0.49,0.29,0.01,0,0.44
2/29/1924,1.17,0.52,0.67,0.53,1.58,3.43,0.97,1.59,2.04,0,1.48,0.62,0,0.3,0.37,1.16,0.66,0.02,0,0.99
3/31/1924,0.14,0.37,0.74,0.58,1.63,3.91,1.1,1.93,2.49,0,1.33,0.55,0,0.27,0.35,1.1,0.77,0.01,0,1.15
4/30/1924,0.43,0.4,5,3.93,8.55,12.73,3.59,2.9,3.95,0,2.58,1.07,0,0.53,0.68,2.16,3.98,0,0,5.97
5/31/1924,0.04,0.29,12.24,9.62,18.84,13.52,3.82,4.33,6.13,0,1.45,0.6,0,0.3,0.69,2.18,6.81,0,0,10.21
6/30/1924,0.01,0.03,3.27,2.57,4.18,0.72,0.21,1.28,2.09,0,0.24,0.1,0,0.05,0.06,0.2,0.88,0,0,1.33
7/31/1924,0,0,0.54,0.42,0.62,0,0,0.72,1.29,0,0.07,0.03,0,0.01,0,0,0.07,0,0,0.1
8/31/1924,0,0,0,0,0,0,0,0.39,0.91,0,0,0,0,0,0,0,0,0,0,0
9/30/1924,0,0,0,0,0,0,0,0.17,0.28,0,0,0,0,0,0,0,0,0,0,0
10/31/1924,0,0,0.77,0.61,1.18,0.61,0.17,0.54,0.68,1.36,0.24,0.1,0.08,0.05,0,0,0.14,0.2,0.04,0.21
11/30/1924,0.53,0.37,1.68,1.32,2.76,3.16,0.89,0.88,0.89,1.83,1.44,0.6,0.1,0.29,0.31,0.97,0.61,0.52,0.12,0.91
12/31/1924,0.14,1.21,0.92,0.72,2.27,3.93,1.11,1.53,1.54,5.27,1.5,0.62,0.3,0.31,0.32,1.02,0.56,0.53,0.12,0.83
1/31/1925,0.39,0.9,0.67,0.53,1.85,4,1.13,1.26,1.53,5.5,1.49,0.62,0.31,0.31,0.29,0.92,0.47,0.53,0.12,0.71
2/28/1925,2.43,11.72,2.28,1.79,6.14,16.2,4.57,6.61,8.47,37.17,7.66,3.19,2.09,1.57,1.62,5.13,2.08,3.15,0.71,3.13
3/31/1925,0.51,1.71,1.59,1.25,4.59,14.72,4.15,7.21,9.09,33.55,6.26,2.61,1.89,1.28,1.2,3.81,1.88,2.7,0.61,2.81
4/30/1925,1.23,5.48,6.24,4.91,14.47,41.07,11.58,13.58,18.27,36.18,11.2,4.66,2.04,2.29,2.6,8.24,6.55,4.1,0.93,9.83
5/31/1925,0.14,0.89,18.25,14.34,37.24,68.89,19.43,27.84,39.01,60.51,8.15,3.39,3.41,1.67,2.03,6.44,14.42,3.01,0.68,21.63
6/30/1925,0.05,0.22,15.02,11.8,28.55,32.74,9.23,13.48,22.27,24.13,2.01,0.84,1.36,0.41,1,3.18,8.53,1.08,0.25,12.79
7/31/1925,0.01,0.02,6.92,5.43,11.11,9.72,2.74,3.77,7.75,6.4,0.8,0.33,0.36,0.16,0.17,0.54,2.23,0.46,0.11,3.35
8/31/1925,0,0,1.84,1.45,2.93,1.69,0.48,0.95,2.34,2,0.42,0.17,0.11,0.09,0.14,0.44,0.47,0.2,0.05,0.71
9/30/1925,0,0,0.92,0.72,1.33,0.11,0.03,0.53,0.61,1.49,0.22,0.09,0.08,0.05,0.14,0.44,0.14,0.17,0.04,0.21
10/31/1925,0.01,0.02,1.08,0.85,1.47,0.62,0.17,0.53,0.62,1.02,0.33,0.14,0.06,0.07,0.05,0.15,0.22,0.21,0.05,0.32
11/30/1925,0.09,0.15,0.57,0.45,0.96,1.14,0.32,0.65,0.57,1.5,0.59,0.25,0.08,0.12,0.13,0.4,0.28,0.14,0.03,0.41
12/31/1925,0.24,0.29,0.49,0.39,1.16,1.72,0.49,0.69,0.82,2.41,0.67,0.28,0.14,0.14,0.15,0.49,0.29,0.22,0.05,0.43
1/31/1926,0.15,0.34,0.37,0.29,0.93,1.78,0.5,0.65,0.79,2.38,0.64,0.27,0.13,0.13,0.13,0.4,0.25,0.22,0.05,0.37
2/28/1926,0.61,5.51,1.46,1.15,3.57,8.12,2.29,2.54,3.28,11.11,3.77,1.57,0.63,0.77,0.86,2.74,1.23,1.52,0.34,1.85
3/31/1926,2.02,0.66,1.38,1.08,3.6,10.36,2.92,3.51,4.36,12.44,4.19,1.74,0.7,0.86,0.89,2.81,1.53,1.76,0.4,2.3
4/30/1926,0.64,2.05,9.92,7.79,19.33,38.29,10.8,17.28,23.6,32.85,7.46,3.11,1.85,1.53,1.81,5.73,8.44,1.72,0.39,12.65
5/31/1926,0.1,0.2,12.49,9.81,22.42,25.72,7.25,11.16,17.21,14.81,2.24,0.93,0.83,0.46,0.93,2.94,7.82,0,0,11.72
6/30/1926,0.03,0.02,6.13,4.81,9.35,6.47,1.83,2.05,4.27,2.19,0.52,0.22,0.12,0.11,0.18,0.58,2.24,0.04,0.01,3.36
7/31/1926,0,0,1.28,1.01,1.94,1.22,0.34,0.25,0.62,0.32,0.2,0.08,0.02,0.04,0.03,0.08,0.37,0.03,0.01,0.55
8/31/1926,0,0,0.66,0.52,0.94,0.16,0.05,0.13,0.24,0.25,0.12,0.05,0.01,0.02,0.06,0.2,0.15,0.05,0.01,0.22
9/30/1926,0,0,0.65,0.51,0.86,0,0,0.17,0.17,0.32,0.12,0.05,0.02,0.02,0.05,0.16,0.09,0.1,0.02,0.14
10/31/1926,0,0,0.62,0.49,0.96,0.52,0.15,0.29,0.36,0.64,0.2,0.08,0.04,0.04,0,0,0.11,0.16,0.04,0.17
11/30/1926,0.03,2.5,1.65,1.29,2.63,2.67,0.75,1.23,1.28,3.26,1.15,0.48,0.18,0.24,0.23,0.74,0.51,0.49,0.11,0.76
12/31/1926,0.09,0.64,1.71,1.35,4.15,7.6,2.14,2.6,2.93,9.98,2.97,1.24,0.56,0.61,0.6,1.9,1.05,1.02,0.23,1.57
1/31/1927,0.15,1.84,0.95,0.74,2.81,5.43,1.53,1.66,2.17,8.09,2.51,1.05,0.46,0.51,0.6,1.89,0.73,0.95,0.21,1.09
2/28/1927,0.34,11.5,2.18,1.72,5.85,17.57,4.96,4.51,5.72,22.83,8.18,3.41,1.29,1.68,1.65,5.23,2.14,3.45,0.78,3.21
3/31/1927,0.27,2.39,1.79,1.41,5.15,17.02,4.8,5.01,6.29,20.82,6.94,2.89,1.17,1.42,1.32,4.18,2.16,2.98,0.67,3.23
4/30/1927,0.24,5.82,6.44,5.06,14.93,42.46,11.97,15.64,20.92,44.25,11.24,4.68,2.49,2.3,2.63,8.32,6.75,4.12,0.93,10.13
5/31/1927,0.05,0.68,15.63,12.28,32.29,64.75,18.26,24.06,33.79,49.4,7.86,3.27,2.78,1.61,1.95,6.17,12.88,3.04,0.69,19.31
6/30/1927,0.04,0.23,19.12,15.03,37.7,46.79,13.2,14.78,24.66,24.78,3.26,1.36,1.4,0.67,1.36,4.31,11.7,1.79,0.41,17.55
7/31/1927,0,0.03,8.24,6.48,13.36,12.1,3.41,2.07,4.96,3.15,0.91,0.38,0.18,0.19,0.21,0.66,2.7,0.61,0.14,4.04
8/31/1927,0,0,2.17,1.71,3.56,2.52,0.71,0.44,1.01,1.05,0.5,0.21,0.06,0.1,0.13,0.41,0.61,0.21,0.05,0.91
9/30/1927,0,0,1.22,0.96,1.78,0.19,0.06,0.35,0.35,0.79,0.3,0.12,0.04,0.06,0.19,0.61,0.18,0.25,0.06,0.27
10/31/1927,0,0.04,1.25,0.99,1.81,0.86,0.24,0.56,0.71,1.14,0.37,0.15,0.06,0.08,0,0,0.23,0.28,0.06,0.34
11/30/1927,0,0.44,1.56,1.23,3.22,4.95,1.4,2.02,2.1,6.54,2.1,0.87,0.37,0.43,0.51,1.63,0.84,0.65,0.15,1.27
12/31/1927,0.01,1.13,0.6,0.47,1.6,3.27,0.92,1.11,1.34,4.51,1.24,0.52,0.25,0.25,0.26,0.82,0.41,0.43,0.1,0.62
1/31/1928,0.37,0.72,0.56,0.44,1.58,3.1,0.87,0.91,1.24,4.56,1.53,0.64,0.26,0.31,0.36,1.14,0.46,0.59,0.14,0.69
2/29/1928,0.35,2.9,0.81,0.64,1.9,5.37,1.51,1.39,1.84,7.04,2.4,1,0.4,0.49,0.47,1.49,0.71,0.95,0.22,1.06
3/31/1928,1.09,9.56,4.6,3.61,11.69,33.83,9.54,11.59,14.96,39.87,12.65,5.27,2.24,2.59,2.48,7.85,5.03,5.08,1.15,7.55
4/30/1928,0.08,3.03,9.21,7.24,18.78,39.53,11.15,15.96,22.04,32.66,6.49,2.7,1.84,1.33,1.63,5.15,7.91,1.94,0.44,11.87
5/31/1928,0.07,0.48,17.44,13.7,33.41,46.11,13,17.16,26.21,28.22,3.95,1.64,1.59,0.81,1.54,4.87,11.59,1.24,0.28,17.39
6/30/1928,0.01,0.12,8.26,6.49,13.56,11.98,3.38,3.08,6.3,4.25,0.84,0.35,0.24,0.17,0.3,0.94,3.25,0.38,0.09,4.87
7/31/1928,0.01,0.02,2.14,1.68,3.43,2.74,0.77,0.44,1.1,0.72,0.38,0.16,0.04,0.08,0.05,0.15,0.65,0.11,0.03,0.97
8/31/1928,0,0,0.99,0.78,1.44,0.16,0.04,0.24,0.31,0.51,0.22,0.09,0.03,0.05,0.14,0.44,0.18,0.15,0.03,0.27
9/30/1928,0,0,0.51,0.4,0.71,0.01,0,0.14,0.14,0.3,0.11,0.05,0.02,0.02,0.07,0.23,0.07,0.1,0.02,0.11
10/31/1928,0.01,0,0.4,0.32,0.55,0.11,0.03,0.37,0.46,0.72,0.09,0.04,0.04,0.02,0,0,0.07,0.07,0.01,0.1
11/30/1928,0,0.14,0.78,0.62,1.09,0.7,0.2,0.26,0.24,0.45,0.39,0.16,0.03,0.08,0.09,0.29,0.22,0.14,0.03,0.33
12/31/1928,0.01,0.41,0.58,0.45,1.04,1.17,0.33,0.35,0.31,0.55,0.55,0.23,0.03,0.11,0.14,0.44,0.28,0.14,0.03,0.42
1/31/1929,0.12,0.71,0.39,0.3,0.97,1.73,0.49,0.38,0.42,0.81,0.63,0.26,0.05,0.13,0.12,0.39,0.25,0.2,0.04,0.38
2/28/1929,0.14,1.63,0.59,0.46,1.5,2.48,0.7,0.73,0.88,2.08,1.14,0.47,0.12,0.23,0.29,0.92,0.42,0.38,0.09,0.63
3/31/1929,0.09,1.29,0.89,0.7,2.02,5.07,1.43,3.27,4.13,15.38,2.28,0.95,0.87,0.47,0.5,1.58,0.77,0.86,0.2,1.16
4/30/1929,0.02,1.14,2.05,1.61,5.05,13.42,3.79,6.92,9.02,17.87,5.32,2.22,1.01,1.09,1.17,3.71,2.23,1.95,0.44,3.35
5/31/1929,0.01,0.24,11.42,8.97,21.01,37.07,10.45,15.64,21.62,22.69,5.64,2.35,1.28,1.15,1.56,4.93,9.08,0.59,0.13,13.62
6/30/1929,0,0.21,11.72,9.21,19.72,16.35,4.61,6.39,10.81,6.44,1.3,0.54,0.36,0.27,0.57,1.79,6.11,0,0,9.16
7/31/1929,0,0,3.55,2.79,5.09,2.79,0.79,0.69,1.63,0.48,0.35,0.15,0.03,0.07,0.06,0.2,1.05,0.01,0,1.57
8/31/1929,0,0,0.94,0.74,1.26,0,0,0.27,0.64,0.2,0.16,0.07,0.01,0.03,0.08,0.27,0.17,0.09,0.02,0.25
9/30/1929,0,0,0.18,0.14,0.23,0,0,0.37,0.61,0.87,0.03,0.01,0.05,0.01,0.01,0.03,0.03,0.02,0,0.04
10/31/1929,0,0,0.09,0.07,0.12,0.04,0.01,0.3,0.37,0.73,0.02,0.01,0.04,0,0,0,0.02,0.02,0,0.02
11/30/1929,0,0,0.55,0.43,0.78,0.27,0.08,0.09,0.11,0.09,0.15,0.06,0,0.03,0,0,0.1,0.11,0.03,0.14
12/31/1929,1.14,0.03,1.32,1.04,2.08,2.2,0.62,1.68,1.73,5.48,1.04,0.43,0.31,0.21,0.25,0.78,0.51,0.33,0.07,0.76
1/31/1930,0.63,1.75,0.84,0.66,2.18,3.94,1.11,1.12,1.36,4.09,1.47,0.61,0.23,0.3,0.3,0.94,0.54,0.51,0.11,0.82
2/28/1930,1.89,1.63,0.96,0.75,2.41,5.15,1.45,1.96,2.62,10.2,2.41,1,0.57,0.49,0.55,1.76,0.77,0.93,0.21,1.16
3/31/1930,0.25,5.17,1.64,1.29,4.32,12.26,3.46,4.25,5.23,17.02,5.46,2.27,0.96,1.12,1.12,3.55,1.71,2.33,0.53,2.56
4/30/1930,0.11,0.39,5.18,4.07,11.27,29.56,8.34,14.7,19.94,34.49,8.01,3.34,1.94,1.64,1.98,6.27,5.22,2.63,0.6,7.83
5/31/1930,0.11,0.32,10.12,7.95,19.25,33.17,9.36,14.29,20.43,22.98,3.87,1.61,1.29,0.79,0.97,3.07,7.83,0.73,0.16,11.75
6/30/1930,0.02,0.04,13.32,10.47,23.92,23.86,6.73,6.45,10.92,7.91,1.76,0.73,0.45,0.36,0.75,2.38,7.41,0.22,0.05,11.12
7/31/1930,0,0.03,4.39,3.45,6.58,4.59,1.3,0.87,2.07,0.94,0.41,0.17,0.05,0.08,0.1,0.3,1.36,0.13,0.03,2.04
8/31/1930,0,0.01,1.01,0.79,1.57,1.09,0.31,0.52,1.24,0.67,0.19,0.08,0.04,0.04,0.01,0.04,0.29,0.04,0.01,0.44
9/30/1930,0,0.02,1.24,0.97,1.71,0,0,0.47,0.77,1.08,0.25,0.1,0.06,0.05,0.16,0.51,0.21,0.18,0.04,0.31
10/31/1930,0,0.04,1.11,0.87,1.45,0.52,0.15,0.29,0.35,0.09,0.42,0.17,0,0.09,0.08,0.26,0.29,0.06,0.01,0.44
11/30/1930,0,0.01,0.5,0.4,1.01,1.18,0.33,0.42,0.37,0.56,0.48,0.2,0.03,0.1,0.12,0.38,0.27,0.06,0.01,0.4
12/31/1930,0,0.03,0.31,0.24,0.7,1.04,0.29,0.33,0.37,0.63,0.4,0.17,0.04,0.08,0.11,0.35,0.19,0.05,0.01,0.29
1/31/1931,0.31,0.56,0.41,0.32,0.92,1.5,0.42,0.44,0.52,0.84,0.71,0.3,0.05,0.15,0.18,0.57,0.3,0.11,0.02,0.46
2/28/1931,0.2,0.65,0.55,0.43,1.17,2.55,0.72,0.86,1.12,2.7,1.12,0.47,0.15,0.23,0.27,0.85,0.46,0.19,0.04,0.69
3/31/1931,0.25,0.43,0.94,0.74,2.21,5.38,1.52,2.79,3.44,8.92,2.11,0.88,0.5,0.43,0.49,1.56,0.97,0.36,0.08,1.46
4/30/1931,0.09,0.11,5.19,4.08,9.41,16.33,4.61,10.16,13.69,13.63,3.71,1.54,0.77,0.76,0.9,2.85,4.36,0.15,0.03,6.54
5/31/1931,0.1,0.03,10.79,8.48,17.5,16.26,4.59,7.21,10.66,5.29,1.66,0.69,0.3,0.34,0.73,2.31,6.62,0,0,9.92
6/30/1931,0.02,0.02,5.05,3.96,7.05,2.91,0.82,1.58,2.61,0.81,0.32,0.13,0.05,0.07,0.13,0.41,1.83,0,0,2.75
7/31/1931,0,0.02,1.78,1.4,2.32,0.2,0.05,0.62,1.3,0.16,0.22,0.09,0.01,0.05,0.08,0.27,0.4,0.01,0,0.6
8/31/1931,0,0,0.14,0.11,0.16,0,0,0.44,1.02,0.24,0.02,0.01,0.01,0,0,0,0.02,0,0,0.03
9/30/1931,0,0,0,0,0,0,0,0.3,0.53,0.5,0,0,0.03,0,0,0,0,0,0,0
10/31/1931,0,0,0.35,0.28,0.55,0.29,0.08,0.23,0.29,0.56,0.11,0.05,0.03,0.02,0,0,0.07,0.09,0.02,0.1
11/30/1931,0,0,0.63,0.5,0.98,0.53,0.15,0.19,0.24,0.33,0.21,0.09,0.02,0.04,0,0,0.12,0.15,0.04,0.18
12/31/1931,0.39,5.39,2.51,1.97,4.87,6.93,1.96,0.64,0.69,0,2.91,1.21,0,0.6,0.64,2.04,1.14,1.03,0.23,1.71
1/31/1932,0.41,2.98,0.89,0.7,2.48,5.38,1.52,0.9,0.81,1.51,2.03,0.85,0.08,0.42,0.41,1.31,0.63,0.73,0.16,0.95
2/29/1932,0.67,8.94,2,1.57,5.32,13.88,3.91,2.16,2.57,5.03,6.53,2.72,0.28,1.34,1.34,4.25,1.77,2.64,0.6,2.66
3/31/1932,0.19,1.18,1.38,1.08,4.15,12.92,3.64,4.58,5.95,24.9,6.09,2.54,1.4,1.25,1.23,3.88,1.59,2.67,0.61,2.38
4/30/1932,0.03,0.51,3.67,2.88,9.47,28.88,8.15,10.84,14.01,44.2,10.06,4.19,2.49,2.06,1.74,5.51,4.2,3.97,0.9,6.29
5/31/1932,0.01,0.54,15.33,12.04,32.34,71.64,20.21,27.37,37.8,60.21,11.15,4.64,3.39,2.28,2.94,9.32,13.38,4.08,0.93,20.07
6/30/1932,0.02,0.11,20.67,16.24,41.18,57.85,16.31,17.97,28.3,30.87,4.58,1.91,1.74,0.94,1.79,5.66,13.66,2.27,0.51,20.49
7/31/1932,0,0,10.04,7.89,16.82,16.06,4.53,2.37,5.12,3.28,1.09,0.45,0.18,0.22,0.36,1.14,3.74,0.74,0.17,5.61
8/31/1932,0,0,2.95,2.32,4.81,3.35,0.94,0.76,1.83,0.88,0.68,0.28,0.05,0.14,0.17,0.55,0.81,0.3,0.07,1.21
9/30/1932,0,0,0.96,0.76,1.41,0.16,0.04,0.7,1.15,2.02,0.24,0.1,0.11,0.05,0.15,0.48,0.15,0.19,0.04,0.22
10/31/1932,0,0,0.95,0.74,1.29,0.39,0.11,0.47,0.57,0.88,0.24,0.1,0.05,0.05,0,0,0.16,0.19,0.04,0.24
11/30/1932,0.03,0,0.27,0.22,0.42,0.51,0.14,0.15,0.14,0.28,0.25,0.1,0.02,0.05,0.1,0.32,0.12,0.07,0.01,0.18
12/31/1932,0.11,0,0.44,0.35,0.74,0.9,0.25,0.34,0.3,0.7,0.45,0.19,0.04,0.09,0.1,0.31,0.21,0.11,0.03,0.32
1/31/1933,1.02,1.47,0.44,0.34,1.03,1.48,0.42,0.37,0.36,0.69,0.58,0.24,0.04,0.12,0.14,0.43,0.25,0.2,0.04,0.38
2/28/1933,0.23,0.95,0.38,0.3,0.95,1.82,0.51,0.37,0.44,1.04,0.66,0.27,0.06,0.14,0.13,0.4,0.25,0.22,0.05,0.38
3/31/1933,0.96,1.16,0.82,0.65,2.03,4.04,1.14,1.31,1.65,4.64,1.89,0.79,0.26,0.39,0.45,1.42,0.64,0.72,0.16,0.96
4/30/1933,1.73,0.43,1.83,1.44,4.67,12.92,3.64,5.51,6.92,23.19,5.54,2.31,1.31,1.13,1.18,3.73,1.9,2.33,0.53,2.84
5/31/1933,0.26,0.48,6.81,5.35,13.84,30.04,8.47,14.3,19.46,28.78,7.08,2.95,1.62,1.45,1.54,4.88,6.19,1.91,0.43,9.28
6/30/1933,0.07,0.08,17.62,13.84,31.6,38.58,10.88,15.61,23.75,21.12,3.49,1.45,1.19,0.71,1.45,4.6,11.27,0.07,0.02,16.9
7/31/1933,0.06,0,4.76,3.74,6.93,4.3,1.21,1.01,2.39,0.97,0.38,0.16,0.05,0.08,0.1,0.31,1.46,0.07,0.02,2.18
8/31/1933,0.01,0,1.27,1,1.93,1.11,0.31,0.35,0.86,0.45,0.22,0.09,0.03,0.05,0.03,0.1,0.36,0.03,0.01,0.55
9/30/1933,0,0,0.98,0.77,1.3,0,0,0.31,0.41,0.62,0.19,0.08,0.03,0.04,0.08,0.25,0.14,0.14,0.03,0.22
10/31/1933,0,0,0.48,0.38,0.63,0.08,0.02,0.52,0.58,1.09,0.1,0.04,0.06,0.02,0,0,0.08,0.06,0.01,0.12
11/30/1933,0,0,0.67,0.52,0.92,0.63,0.18,0.54,0.49,1.24,0.36,0.15,0.07,0.07,0.09,0.3,0.21,0.09,0.02,0.32
12/31/1933,0.02,1.84,0.85,0.67,1.77,2.45,0.69,1.27,1.57,4.49,0.98,0.41,0.25,0.2,0.22,0.71,0.47,0.23,0.05,0.71
1/31/1934,0.92,1.95,0.76,0.59,1.77,3.17,0.89,1.34,1.75,5.88,1.45,0.6,0.33,0.3,0.36,1.14,0.56,0.43,0.1,0.84
2/28/1934,5.91,3.17,0.9,0.7,2.16,5.23,1.48,1.82,2.18,6.46,2.37,0.99,0.36,0.49,0.56,1.78,0.84,0.81,0.18,1.25
3/31/1934,0.62,0.87,3.19,2.51,6.68,15.84,4.47,9.29,12.35,19.84,4.8,2,1.12,0.98,1.12,3.55,3.16,1.17,0.26,4.73
4/30/1934,0.78,0.16,6.85,5.39,12.17,18.95,5.35,9.89,13.67,12.22,2.72,1.13,0.69,0.56,0.76,2.42,5.22,0,0,7.84
5/31/1934,0.14,0.04,7.37,5.79,12.54,12.13,3.42,4.05,6.62,3.49,1.14,0.47,0.2,0.23,0.48,1.51,4.45,0,0,6.68
6/30/1934,0.11,0.11,6.68,5.25,10.13,6.23,1.76,2.45,4.31,2.08,0.53,0.22,0.12,0.11,0.24,0.75,2.78,0,0,4.17
7/31/1934,0.02,0,2.04,1.6,2.85,1.06,0.3,0.44,1.04,0.21,0.25,0.1,0.01,0.05,0.07,0.21,0.55,0.01,0,0.82
8/31/1934,0,0,0.4,0.32,0.5,0,0,0.18,0.42,0.12,0.07,0.03,0.01,0.01,0,0.01,0.05,0.04,0.01,0.08
9/30/1934,0,0,0.2,0.16,0.25,0,0,0.48,0.89,0.91,0.03,0.01,0.05,0.01,0,0.01,0.03,0.02,0,0.04
10/31/1934,0,0.02,0.48,0.38,0.74,0.38,0.11,0.5,0.62,1.25,0.15,0.06,0.07,0.03,0,0,0.09,0.12,0.03,0.13
11/30/1934,0,0.15,1.39,1.09,2.13,1.83,0.52,0.98,0.96,2.86,0.76,0.32,0.16,0.16,0.15,0.47,0.37,0.37,0.09,0.55
12/31/1934,0.08,0.51,0.87,0.68,1.6,2.36,0.66,1.13,1.19,3.96,1.08,0.45,0.22,0.22,0.23,0.72,0.45,0.31,0.07,0.67
1/31/1935,0.4,4.8,0.99,0.78,2.76,5.42,1.53,1.16,1.41,4.25,2.02,0.84,0.24,0.41,0.4,1.26,0.67,0.73,0.16,1
2/28/1935,2.95,1.11,0.87,0.68,2.53,4.94,1.39,1.82,2.39,9.38,2.32,0.97,0.53,0.48,0.55,1.75,0.68,0.87,0.2,1.02
3/31/1935,2.45,4.53,1.08,0.85,2.61,7.63,2.15,2.16,2.81,11.64,3.43,1.43,0.66,0.7,0.66,2.09,0.96,1.37,0.31,1.44
4/30/1935,0.73,8.16,5.19,4.08,13.72,41.26,11.64,14.13,18.32,50.34,15.75,6.56,2.83,3.23,3,9.49,5.83,6.44,1.46,8.75
5/31/1935,0.23,1.24,16.17,12.71,33.49,71.49,20.16,28.95,40.16,61.37,10.54,4.39,3.46,2.16,2.87,9.1,13.81,3.7,0.84,20.72
6/30/1935,0.08,0.34,19.48,15.3,37.81,47.53,13.41,14.04,23.96,22.32,3.51,1.46,1.26,0.72,1.44,4.55,11.95,1.66,0.38,17.92
7/31/1935,0.03,0.28,7.18,5.64,11.5,10.05,2.83,1.17,2.8,1.44,0.79,0.33,0.08,0.16,0.18,0.56,2.33,0.48,0.11,3.49
8/31/1935,0,0.03,2.19,1.72,3.49,2.07,0.58,0.39,0.99,0.81,0.49,0.2,0.05,0.1,0.16,0.5,0.57,0.24,0.05,0.85
9/30/1935,0,0,0.82,0.65,1.19,0.1,0.03,0.39,0.4,0.99,0.2,0.08,0.06,0.04,0.13,0.4,0.12,0.17,0.04,0.18
10/31/1935,0,0,0.89,0.7,1.37,0.73,0.2,0.52,0.65,1.2,0.29,0.12,0.07,0.06,0,0,0.16,0.23,0.05,0.24
11/30/1935,0.02,0.01,0.81,0.64,1.17,0.89,0.25,0.46,0.5,1.24,0.31,0.13,0.07,0.06,0.05,0.17,0.17,0.21,0.05,0.26
12/31/1935,0.56,0.08,0.36,0.28,0.67,1,0.28,0.64,0.57,2.08,0.49,0.2,0.12,0.1,0.14,0.43,0.19,0.13,0.03,0.28
1/31/1936,0.39,4.37,1.66,1.3,3.85,6.69,1.89,1.54,1.68,4.65,2.7,1.12,0.26,0.55,0.55,1.75,0.98,0.91,0.2,1.46
2/29/1936,4.83,27.94,3.14,2.46,8.63,22.48,6.34,3.38,4.35,11.39,10.32,4.3,0.64,2.11,2.16,6.84,2.81,4.21,0.95,4.21
3/31/1936,3.77,2.93,2.08,1.63,5.95,19.59,5.53,6.47,8.05,32.96,7.98,3.32,1.86,1.63,1.54,4.88,2.49,3.42,0.77,3.73
4/30/1936,0.91,3.71,7.41,5.82,17.2,46.23,13.04,18.52,24.69,56.25,11.73,4.88,3.17,2.4,2.91,9.21,7.64,4.22,0.96,11.46
5/31/1936,0.45,0.68,17.38,13.66,35.28,65.73,18.54,26.18,37.43,53.01,7.04,2.93,2.98,1.44,1.6,5.07,13.64,2.76,0.63,20.46
6/30/1936,0.14,0.53,16.57,13.02,31.74,37.02,10.44,11.96,21.09,19.66,2.26,0.94,1.11,0.46,1.12,3.55,9.44,1.32,0.3,14.16
7/31/1936,0.05,0.12,6.78,5.32,10.96,9.84,2.78,1.09,2.63,1.57,0.76,0.32,0.09,0.16,0.17,0.54,2.21,0.48,0.11,3.31
8/31/1936,0.01,0.01,1.88,1.48,3.1,2.35,0.66,0.38,0.73,0.85,0.42,0.17,0.05,0.09,0.09,0.29,0.55,0.16,0.04,0.82
9/30/1936,0,0,1.41,1.11,2.06,0.21,0.06,0.28,0.28,0.53,0.35,0.15,0.03,0.07,0.22,0.69,0.21,0.29,0.06,0.32
10/31/1936,0.03,0,0.87,0.68,1.32,0.64,0.18,0.4,0.5,0.82,0.27,0.11,0.05,0.06,0,0,0.16,0.2,0.05,0.24
11/30/1936,0.06,0,0.64,0.5,0.89,0.67,0.19,0.53,0.57,1.53,0.24,0.1,0.09,0.05,0.06,0.18,0.14,0.15,0.04,0.21
12/31/1936,0.07,0.36,0.53,0.41,0.96,1.39,0.39,0.86,0.76,2.48,0.69,0.29,0.14,0.14,0.16,0.52,0.27,0.19,0.04,0.4
1/31/1937,0.1,1.9,0.86,0.68,1.88,2.77,0.78,0.55,0.64,1.52,1.17,0.49,0.09,0.24,0.26,0.84,0.47,0.37,0.09,0.71
2/28/1937,0.31,13.96,2.05,1.61,5.5,12.45,3.51,1.89,2.33,5.06,5.36,2.23,0.29,1.1,1.12,3.54,1.61,2.05,0.46,2.41
3/31/1937,0.24,11.6,1.63,1.28,4.6,13.59,3.83,2.78,3.67,12.71,6.43,2.68,0.72,1.32,1.36,4.32,1.7,2.79,0.63,2.55
4/30/1937,0.11,3.43,3.77,2.96,9.36,27.71,7.82,9.14,11.71,38.02,9.36,3.9,2.14,1.92,1.68,5.32,4.21,3.62,0.82,6.31
5/31/1937,0.05,1.08,19.28,15.15,39.33,77.78,21.94,33.54,47.11,69.68,10.84,4.51,3.92,2.22,2.96,9.39,15.81,3.67,0.83,23.72
6/30/1937,0.01,0.37,15.26,11.99,28.5,31.58,8.91,8.96,15.74,13.43,1.97,0.82,0.76,0.4,0.97,3.06,8.46,0.93,0.21,12.69
7/31/1937,0.01,0.14,5.46,4.29,8.65,7.32,2.07,0.88,2.1,1,0.59,0.25,0.06,0.12,0.13,0.42,1.75,0.33,0.07,2.63
8/31/1937,0,0.01,1.88,1.47,3,1.91,0.54,0.4,1.01,0.74,0.41,0.17,0.04,0.08,0.11,0.35,0.51,0.16,0.04,0.77
9/30/1937,0,0,1.02,0.8,1.46,0.09,0.02,0.39,0.41,0.93,0.24,0.1,0.05,0.05,0.15,0.49,0.15,0.2,0.04,0.23
10/31/1937,0,0,0.71,0.55,1.14,0.72,0.2,0.41,0.52,1.04,0.25,0.1,0.06,0.05,0,0,0.13,0.2,0.05,0.2
11/30/1937,0,0.09,1.01,0.79,1.62,1.02,0.29,0.62,0.77,1.55,0.36,0.15,0.09,0.07,0,0,0.19,0.28,0.06,0.29
12/31/1937,0.03,2.63,4.8,3.77,11.6,21.07,5.94,9.37,11.2,47.75,8.78,3.66,2.69,1.8,1.96,6.19,2.83,3.16,0.72,4.24
1/31/1938,1.39,1.86,0.69,0.55,1.84,5.39,1.52,1.56,2.03,9.15,2.47,1.03,0.52,0.51,0.46,1.45,0.63,1,0.23,0.95
2/28/1938,1.63,22.84,2.16,1.7,5.99,18.67,5.27,2.1,2.56,5.99,8.76,3.65,0.34,1.79,1.73,5.47,2.16,3.7,0.84,3.23
3/31/1938,1.75,17.8,2.87,2.25,8.63,29.42,8.3,5.4,6.68,21.45,12.35,5.14,1.21,2.53,2.34,7.4,3.51,5.35,1.21,5.27
4/30/1938,1.19,4.31,6.33,4.97,15.5,46.12,13.01,14.33,19.14,50.23,13.09,5.45,2.83,2.68,2.7,8.55,6.91,5.07,1.15,10.36
5/31/1938,0.15,2.14,21.5,16.89,46.6,103.28,29.13,39.41,54.81,95.93,14.17,5.9,5.4,2.9,3.58,11.34,18.66,6.19,1.41,27.99
6/30/1938,0.05,0.65,26.09,20.5,53.91,76.67,21.63,27.28,44.19,53.53,5.58,2.32,3.01,1.14,2.2,6.96,17.16,3.77,0.86,25.74
7/31/1938,0.02,0.25,12.52,9.84,21.55,22.2,6.26,2.94,7.09,5.24,1.43,0.6,0.3,0.29,0.43,1.36,4.61,1.23,0.28,6.9
8/31/1938,0,0.06,3.86,3.03,6.69,6.05,1.71,0.38,0.9,0.6,0.92,0.38,0.03,0.19,0.19,0.61,1.18,0.41,0.09,1.76
9/30/1938,0,0.01,1.94,1.52,2.95,0.57,0.16,0.58,0.58,1.37,0.52,0.22,0.08,0.11,0.32,1.02,0.3,0.43,0.1,0.45
10/31/1938,0.01,0.16,2.51,1.97,2.4,0.45,0.13,1.05,1.06,1.97,0.9,0.37,0.11,0.18,0.15,0.48,0,0.54,0.12,0
11/30/1938,0.04,0.29,5.58,4.38,1.66,0,0,0.93,1.11,2.92,1.03,0.43,0.16,0.21,0,0,0.78,0,0,1.17
12/31/1938,0.55,0.35,0.67,0.53,1.05,1.15,0.33,0.96,1.25,4.19,0.8,0.33,0.24,0.16,0.2,0.62,0.85,0,0,1.27
1/31/1939,0.72,0.48,0.69,0.54,0.99,2.07,0.58,0.98,1.28,4.56,1.09,0.45,0.26,0.22,0.22,0.68,1.14,0,0,1.71
2/28/1939,1.41,1.45,0.65,0.51,1,2.09,0.59,1.18,1.43,5,1.15,0.48,0.28,0.24,0.24,0.75,1.15,0,0,1.72
3/31/1939,1.5,1.14,2.59,2.03,3.49,7.63,2.15,4.64,5.98,14.17,3.94,1.64,0.8,0.81,0.8,2.52,2.1,0.26,0.06,3.15
4/30/1939,1.45,0.5,5.68,4.46,16.52,34.14,9.63,15.75,21.56,23.53,6.33,2.64,1.32,1.3,1.69,5.36,5.65,1.86,0.42,8.47
5/31/1939,0.24,0.24,7.93,6.23,17.68,22.2,6.26,6.74,10.71,6.97,1.9,0.79,0.39,0.39,0.91,2.88,6.71,0,0,10.06
6/30/1939,0.08,0.04,4.79,3.76,9.59,8.39,2.36,1.55,2.73,1.28,0.54,0.22,0.07,0.11,0.31,0.98,1.06,1.23,0.28,1.59
7/31/1939,0.03,0.06,0.6,0.47,3.55,4.38,1.24,0.67,1.58,0.55,0.23,0.1,0.03,0.05,0.1,0.3,0.69,0.05,0.01,1.03
8/31/1939,0.01,0,0,0,0.7,0.99,0.28,0.39,0.95,0.53,0.08,0.03,0.03,0.02,0.02,0.06,1.04,0,0,1.56
9/30/1939,0,0,1.38,1.08,1.63,0,0,0.27,0.37,0.46,0.21,0.09,0.03,0.04,0.04,0.14,0,0.23,0.05,0
10/31/1939,0.01,0,3.11,2.44,2.6,0,0,0.62,0.78,1.22,0.59,0.25,0.07,0.12,0,0,0,0.55,0.22,0
11/30/1939,0.04,0,5.01,3.94,0.74,0,0,0.53,0.54,1.42,0.54,0.22,0.08,0.11,0,0,0.46,0,0,0.68
12/31/1939,0.45,0.12,0.44,0.34,0.91,1.37,0.39,0.79,0.71,2.45,0.68,0.28,0.14,0.14,0.12,0.38,0.93,0,0,1.4
1/31/1940,2.05,6.56,1.32,1.04,7.29,15.79,4.45,3.93,4.83,16.41,6.18,2.57,0.92,1.27,1.23,3.89,1.21,1.9,0.76,1.81
2/29/1940,1.2,7.71,1.04,0.81,6.2,19.42,5.48,3.89,4.98,18.36,8.82,3.67,1.03,1.81,1.64,5.19,1.15,3.12,1.11,1.72
3/31/1940,0.59,8.29,2.8,2.2,12.17,37.87,10.68,11.57,15.01,44.8,12.85,5.35,2.52,2.63,2.27,7.18,2.56,5.84,1.14,3.84
4/30/1940,0.83,5.64,5.53,4.34,19.89,48.81,13.77,18.78,25.83,45.19,8.34,3.47,2.54,1.71,2.08,6.58,8.94,0.88,0.76,13.41
5/31/1940,0.59,0.72,20.08,15.78,41.26,65.21,18.39,26.43,39.5,50.45,6.22,2.59,2.84,1.27,2.56,8.1,19.11,0,0.38,28.67
6/30/1940,0.18,0.22,17.5,13.75,27.03,24.62,6.94,5.82,11.19,9.02,1.86,0.77,0.51,0.38,0.92,2.92,9.17,0,0.06,13.76
7/31/1940,0.05,0.1,3.91,3.07,6.91,6.34,1.79,0.6,1.47,0.75,0.68,0.28,0.04,0.14,0.16,0.5,1.07,0.46,0.06,1.61
8/31/1940,0.01,0.01,0.27,0.21,2.05,1.92,0.54,0.34,0.71,0.86,0.33,0.14,0.05,0.07,0.17,0.55,0.9,0,0.03,1.35
9/30/1940,0,0,5.04,3.96,1.03,0,0,0.33,0.33,0.86,0.18,0.07,0.05,0.04,0,0,0.15,0,0.11,0.23
10/31/1940,0,0.02,1.32,1.04,1.42,0.2,0.06,0.39,0.49,0.86,0.3,0.12,0.05,0.06,0,0,0.14,0.91,0.2,0.21
11/30/1940,0.31,0.2,0.42,0.33,1.08,1.25,0.35,0.56,0.64,1.52,0.27,0.11,0.09,0.06,0.02,0.07,0.72,0.49,0.11,1.08
12/31/1940,0.56,2.59,0.69,0.54,3.54,6.78,1.91,1.78,1.73,5.19,2.39,1,0.29,0.49,0.57,1.79,0.2,0.61,0.14,0.3
1/31/1941,1.87,3.42,0.73,0.57,3.22,7.19,2.03,1.59,1.93,6.15,2.64,1.1,0.35,0.54,0.6,1.89,0.9,1.53,0.35,1.35
2/28/1941,1.28,6.68,0.83,0.65,4.3,12.61,3.56,2.8,3.7,13.86,5.35,2.23,0.78,1.1,1.01,3.2,0.83,3.13,0.71,1.24
3/31/1941,3.29,7.11,1.93,1.51,5.92,18.61,5.25,5.11,6.3,25.55,8.4,3.5,1.44,1.72,1.63,5.15,2.3,4.06,0.92,3.45
4/30/1941,0.57,6.85,4.11,3.23,8.96,25.62,7.23,9.01,11.92,33.01,8.82,3.67,1.86,1.81,1.61,5.1,3.95,3.63,0.82,5.93
5/31/1941,0.22,1.15,18.26,14.35,37.95,81.02,22.85,35.9,49.69,81.21,11.88,4.95,4.57,2.43,3.33,10.53,15.62,2.44,0.55,23.43
6/30/1941,0.1,0.4,18.43,14.48,34.72,42.86,12.09,14.44,24.76,23.9,3.22,1.34,1.35,0.66,1.36,4.3,14.09,0,0,21.14
7/31/1941,0.04,0.12,11.39,8.95,16.45,13.24,3.74,1.69,4.06,2.38,1.09,0.45,0.13,0.22,0.36,1.13,3.91,0.18,0.04,5.86
8/31/1941,0,0.03,1.34,1.05,4.52,4.9,1.38,0.39,0.83,0.71,0.65,0.27,0.04,0.13,0.2,0.62,0.92,0.06,0.01,1.37
9/30/1941,0,0.01,2.33,1.83,1.18,0,0,0.34,0.34,0.87,0.2,0.08,0.05,0.04,0,0,0.11,0.39,0.09,0.16
10/31/1941,0.01,0.03,1.25,0.99,1.99,1.14,0.32,0.41,0.51,0.8,0.42,0.17,0.04,0.09,0,0,0.04,0.88,0.2,0.06
11/30/1941,0.04,0.17,1.65,1.3,1.3,0.37,0.1,0.65,0.74,1.58,0.61,0.25,0.09,0.12,0.18,0.58,0.66,0.66,0.15,0.99
12/31/1941,0.07,2.12,1.37,1.08,5.17,10.5,2.96,3.56,3.9,13.76,3.77,1.57,0.77,0.77,0.76,2.39,1.12,0.09,0.02,1.68
1/31/1942,0.16,9.69,0.92,0.73,5.13,13.57,3.83,3.77,4.99,20.83,5.64,2.35,1.17,1.15,1.19,3.78,1.51,2.33,0.53,2.27
2/28/1942,0.62,5.65,0.86,0.67,3.64,11.62,3.28,3.02,3.7,14.86,5.26,2.19,0.84,1.08,1.08,3.43,1.62,3.59,0.81,2.44
3/31/1942,1.08,2.77,2.17,1.7,3.85,11.25,3.17,4.21,5.27,18.16,5.46,2.27,1.02,1.12,1,3.16,2.65,2.68,0.61,3.98
4/30/1942,0.19,3.95,9.8,7.7,12.4,30.17,8.51,14.86,19.87,44.59,11.48,4.78,2.51,2.35,2.3,7.28,5.82,4.93,1.12,8.74
5/31/1942,0.11,2.8,10.99,8.63,30.38,70.73,19.95,25.49,35.65,54.2,9.96,4.15,3.05,2.04,2.54,8.05,11.18,4.16,0.94,16.77
6/30/1942,0.04,0.87,21.44,16.85,43.16,62.63,17.67,19.43,31.87,33.88,5.08,2.12,1.91,1.04,2.02,6.39,16.72,0.94,0.21,25.09
7/31/1942,0,0.26,13.83,10.86,21.25,19.29,5.44,2.11,5.11,3.25,1.44,0.6,0.18,0.29,0.52,1.64,4.23,0.24,0.05,6.34
8/31/1942,0,0.05,2.01,1.58,4.67,4.5,1.27,0.34,0.48,0.52,0.66,0.27,0.03,0.14,0.17,0.55,0.91,0,0,1.37
9/30/1942,0,0.02,2.25,1.76,1.71,0,0,0.22,0.22,0.41,0.29,0.12,0.02,0.06,0,0,0.24,0.42,0.1,0.36
10/31/1942,0,0.01,0,0,1.25,1.84,0.52,0.27,0.33,0.52,0.27,0.11,0.03,0.06,0,0,0,0.82,0.18,0
11/30/1942,0.34,1.48,0.49,0.39,4.23,8,2.26,1.97,1.96,5,2.26,0.94,0.28,0.46,0.47,1.49,0,0.06,0.02,0
12/31/1942,0.26,2.66,1.49,1.17,3.64,7.13,2.01,2.48,2.98,10.71,2.75,1.15,0.6,0.56,0.53,1.69,0.7,0.73,0.17,1.05
1/31/1943,0.14,8.83,1.65,1.3,6.81,18.69,5.27,4.83,6.29,25.51,8.12,3.38,1.44,1.66,1.69,5.35,1.23,4.69,1.07,1.84
2/28/1943,2,6.06,0.71,0.56,4.07,13.55,3.82,3.7,4.5,16.94,6.12,2.55,0.95,1.25,1.3,4.1,1.18,3.35,0.76,1.78
3/31/1943,1.22,15.54,2.13,1.68,14.16,48.23,13.6,10.82,14.38,32.59,14.35,5.98,1.83,2.94,2.66,8.43,2.41,7.6,1.72,3.62
4/30/1943,0.43,2.7,10.69,8.4,24.72,57.39,16.19,22.67,31.38,52.21,9.37,3.9,2.94,1.92,2.17,6.87,11.56,2.3,0.52,17.34
5/31/1943,0.15,1.06,19.79,15.55,34.18,54.72,15.43,19.51,29.28,36.59,5.57,2.32,2.06,1.14,1.93,6.12,15.5,1.3,0.3,23.25
6/30/1943,0.07,0.49,13.8,10.84,27.87,34.43,9.71,7.88,14.35,12.75,2.04,0.85,0.72,0.42,1.02,3.21,8.73,0.44,0.1,13.09
7/31/1943,0,0.2,7.5,5.9,13.69,14.05,3.96,1.19,2.89,1.77,0.95,0.4,0.1,0.19,0.22,0.69,1.54,0.13,0.03,2.31
8/31/1943,0,0.02,0,0,4.71,7.19,2.03,0.31,0.55,0.4,0.69,0.29,0.02,0.14,0.21,0.65,0.83,0.08,0.02,1.24
9/30/1943,0,0,0.18,0.14,1.48,1.34,0.38,0.31,0.31,0.71,0.25,0.1,0.04,0.05,0.16,0.51,0.2,0.56,0.13,0.3
10/31/1943,0,0.07,2.24,1.76,1.5,0,0,0.58,0.67,1.21,0.31,0.13,0.07,0.06,0,0,0,0.72,0.16,0
11/30/1943,0.13,0.2,1.62,1.27,0.69,0,0,0.57,0.51,1.41,0.45,0.19,0.08,0.09,0,0,0.44,0.57,0.13,0.66
12/31/1943,1.35,0.32,2.85,2.24,1.05,0,0,0.61,0.71,2.07,0.58,0.24,0.12,0.12,0,0,0.59,0.52,0.12,0.88
1/31/1944,0.54,0.76,1.09,0.85,1.31,1.55,0.44,0.77,0.93,2.67,0.91,0.38,0.15,0.19,0.16,0.5,0.5,0.55,0.13,0.76
2/29/1944,0.26,2.93,0.39,0.3,1.83,3.48,0.98,0.79,1.05,3.04,1.56,0.65,0.17,0.32,0.35,1.1,1.07,0.63,0.14,1.61
3/31/1944,0.56,5.1,0.99,0.78,2.89,7.37,2.08,2.07,2.62,8.63,3.54,1.47,0.49,0.72,0.7,2.23,2.18,0.99,0.22,3.27
4/30/1944,0.48,0.89,3.67,2.88,4.52,10,2.82,6.2,7.99,20.43,5.27,2.19,1.15,1.08,1,3.17,3.9,1.07,0.24,5.85
5/31/1944,0.12,0.5,12.53,9.85,24.74,44.25,12.48,20.15,27.84,32.82,7.88,3.28,1.85,1.61,2.34,7.4,9.45,1.51,0.34,14.18
6/30/1944,0.05,0.18,10.3,8.09,21.21,22.37,6.31,6.62,11.03,7.25,1.73,0.72,0.41,0.35,0.97,3.08,6.77,0.22,0.05,10.15
7/31/1944,0.01,0.01,4.75,3.73,9.22,7.55,2.13,0.93,2.19,0.69,0.56,0.23,0.04,0.11,0.26,0.82,1.35,0.14,0.03,2.03
8/31/1944,0,0,3.43,2.69,2.38,0,0,0.46,1.09,0.35,0.3,0.12,0.02,0.06,0,0,1.01,0.25,0.06,1.51
9/30/1944,0,0,2.4,1.88,0.56,0,0,0.44,0.75,1.07,0.08,0.03,0.06,0.02,0,0,0,0,0,0
10/31/1944,0.01,0,0.28,0.22,1.24,1.37,0.39,0.49,0.62,1.14,0.26,0.11,0.06,0.05,0,0,0,0,0,0
11/30/1944,0.17,1.59,0.41,0.32,4.41,8.3,2.34,2.18,2.23,6.6,2.45,1.02,0.37,0.5,0.54,1.73,0.48,0.42,0.1,0.72
12/31/1944,0.18,1.22,0.44,0.35,2.6,6.36,1.79,2.1,2.61,9.69,2.1,0.87,0.55,0.43,0.38,1.21,1.01,0.79,0.18,1.51
1/31/1945,0.1,0.66,0.57,0.45,1.9,3.55,1,1.46,1.95,8.48,1.81,0.75,0.48,0.37,0.45,1.42,1.43,1.1,0.25,2.14
2/28/1945,0.3,9.47,1.06,0.83,6.67,21.56,6.08,6.31,7.86,29.55,9.35,3.89,1.66,1.91,1.88,5.96,2.06,3.42,0.78,3.08
3/31/1945,0.48,5.79,1.1,0.86,3.93,13.43,3.79,3.47,4.46,12.35,5.06,2.11,0.7,1.04,0.92,2.92,2.52,2.52,0.57,3.78
4/30/1945,0.17,2.04,5.07,3.98,11.65,32.15,9.07,12.87,17.3,32.75,8.84,3.68,1.84,1.81,1.98,6.28,6.04,3.53,0.8,9.06
5/31/1945,0.04,0.71,18.05,14.18,31.46,59.34,16.74,23.4,32.96,45.4,8.38,3.49,2.56,1.72,2.26,7.17,14.36,1.41,0.32,21.54
6/30/1945,0.02,0.34,18.63,14.64,34.58,41.63,11.74,12.21,20.99,18.81,3.15,1.31,1.06,0.65,1.38,4.38,12.3,0.24,0.05,18.45
7/31/1945,0,0.02,9.49,7.46,14.57,12.16,3.43,1.46,3.48,1.8,0.95,0.4,0.1,0.19,0.31,0.98,2.21,0.42,0.09,3.32
8/31/1945,0,0,2.59,2.04,3.6,2.09,0.59,0.39,1,0.79,0.49,0.2,0.04,0.1,0.1,0.33,1,0.33,0.08,1.5
9/30/1945,0,0,3.68,2.9,1.91,0,0,0.41,0.42,0.92,0.32,0.13,0.05,0.07,0,0,0.21,0.82,0.19,0.32
10/31/1945,0,0,1.93,1.52,2.99,2.41,0.68,1.03,1.17,2.28,1.03,0.43,0.13,0.21,0.16,0.5,0.29,0.72,0.16,0.43
11/30/1945,0.03,0.6,1.55,1.22,3.59,6.23,1.76,1.84,1.93,5.81,2.5,1.04,0.33,0.51,0.51,1.62,1.16,0.42,0.1,1.74
12/31/1945,0.04,6.39,2.16,1.7,5.66,13.71,3.87,3.81,4.94,18.21,6.2,2.58,1.03,1.27,1.3,4.11,1.43,3.64,0.82,2.14
1/31/1946,0.07,2.54,1.04,0.81,3.12,9.4,2.65,2.95,3.63,14.55,4.49,1.87,0.82,0.92,0.97,3.08,1.85,2.51,0.57,2.78
2/28/1946,0.12,1.23,0.68,0.54,1.92,6.22,1.75,2.03,2.51,8.69,2.56,1.07,0.49,0.52,0.42,1.33,1.67,1.32,0.3,2.51
3/31/1946,0.71,2.66,1.8,1.42,4.94,15.83,4.46,5.33,7.06,19.63,5.96,2.48,1.11,1.22,1.25,3.97,2.92,2.8,0.64,4.37
4/30/1946,1.11,2.28,7.9,6.2,17.11,40.99,11.56,16.56,22.66,38.29,8.58,3.57,2.16,1.76,1.65,5.23,6.73,3.23,0.73,10.09
5/31/1946,0.28,0.55,18.14,14.25,36.06,60.37,17.03,23,33.9,42.19,5.74,2.39,2.38,1.18,2.08,6.57,14.66,1.62,0.37,21.99
6/30/1946,0.09,0.24,12.75,10.02,23.44,25.56,7.21,5.96,10.76,8.92,1.61,0.67,0.5,0.33,0.75,2.38,6.47,0.22,0.05,9.7
7/31/1946,0.01,0.06,5.01,3.93,8.03,6.95,1.96,0.91,2.17,1.07,0.61,0.25,0.06,0.12,0.12,0.38,1.22,1.03,0.23,1.82
8/31/1946,0,0.02,1.59,1.25,2.53,1.46,0.41,0.41,1.05,0.81,0.36,0.15,0.05,0.07,0.12,0.38,1.95,0,0,2.92
9/30/1946,0,0,1,0.78,1.44,0.11,0.03,0.46,0.56,1.18,0.24,0.1,0.07,0.05,0.15,0.48,0.17,0,0,0.26
10/31/1946,0,0.03,0.57,0.45,1.68,1.73,0.49,0.59,0.69,1.12,0.45,0.19,0.06,0.09,0.07,0.22,1.16,0,0,1.73
11/30/1946,0.01,0.83,1.42,1.12,2.51,3.41,0.96,1.03,1.02,2.27,1.55,0.65,0.13,0.32,0.34,1.07,0,1.27,0.29,0
12/31/1946,0.08,0.84,2.13,1.67,1.9,1.52,0.43,1.21,1.47,4.19,1.58,0.66,0.24,0.32,0.38,1.21,0.03,1.7,0.39,0.05
1/31/1947,0.12,0.49,1.95,1.53,0.95,0.36,0.1,0.84,1.13,4.05,1.09,0.45,0.23,0.22,0.22,0.71,0.3,1.35,0.31,0.44
2/28/1947,0.32,1.41,1.5,1.18,1.92,4.08,1.15,2.21,2.76,10.41,2.38,0.99,0.59,0.49,0.54,1.7,0.49,0.82,0.18,0.74
3/31/1947,1.5,2.27,1.58,1.24,4.33,12.96,3.66,5.57,7.2,18.36,4.95,2.06,1.03,1.01,1.05,3.33,1.56,1.29,0.29,2.34
4/30/1947,0.26,0.8,4.72,3.71,11.1,24.52,6.92,11.48,15.68,20.93,5.1,2.12,1.18,1.04,1.07,3.38,4.46,0.42,0.1,6.69
5/31/1947,0.08,0.18,13.75,10.8,25.51,35.09,9.9,13.26,19.62,18.66,3.33,1.39,1.05,0.68,1.33,4.2,10,0.64,0.14,14.99
6/30/1947,0.04,0.09,6.99,5.49,12.78,11.59,3.27,2.94,4.96,3.25,0.76,0.32,0.18,0.16,0.35,1.11,2.3,0.9,0.2,3.45
7/31/1947,0,0,2.34,1.84,3.81,2.76,0.78,0.73,1.75,0.73,0.29,0.12,0.04,0.06,0.05,0.17,0.84,0.85,0.19,1.25
8/31/1947,0,0,1.6,1.26,1.64,0,0,0.59,1.41,0.67,0.22,0.09,0.04,0.05,0.01,0.04,1.2,0,0,1.8
9/30/1947,0,0,0.05,0.04,0.47,0.37,0.11,0.41,0.67,1.02,0.07,0.03,0.06,0.01,0.05,0.15,0.39,0.33,0.08,0.58
10/31/1947,0,0,0.73,0.57,2.41,2.95,0.83,0.62,0.77,0.95,0.79,0.33,0.05,0.16,0.13,0.4,0,0,0,0
11/30/1947,0.03,0.16,1.4,1.1,0.8,0,0,0.84,0.75,2.58,0.53,0.22,0.15,0.11,0.04,0.11,0,0.26,0.06,0
12/31/1947,0.04,0.19,1.23,0.97,0.88,0.01,0,0.61,0.66,2.19,0.48,0.2,0.12,0.1,0.12,0.39,0.47,0.25,0.06,0.7
1/31/1948,0.99,0.31,1.44,1.13,1.56,2,0.56,1.72,2.1,7.84,1.16,0.48,0.44,0.24,0.22,0.69,0.87,0.34,0.08,1.3
2/29/1948,1.23,0.55,0.43,0.33,1.1,1.88,0.53,0.78,1.07,4.36,0.86,0.36,0.25,0.18,0.25,0.8,1.08,0.56,0.13,1.62
3/31/1948,0.54,3.34,0.82,0.65,1.72,3.85,1.09,1.28,1.69,6.78,1.9,0.79,0.38,0.39,0.38,1.19,1.07,0.72,0.16,1.6
4/30/1948,0.66,5.26,3.89,3.06,6.22,16.23,4.58,6.42,8,26.97,8.07,3.36,1.52,1.65,1.65,5.21,3.45,2.11,0.48,5.17
5/31/1948,0.18,1.32,10.06,7.9,24.05,56.09,15.82,23.1,31.71,50.84,11.54,4.81,2.86,2.36,2.6,8.24,9.19,2.56,0.58,13.78
6/30/1948,0.06,0.41,16.56,13.01,35.45,50.15,14.14,17.32,26.87,27.99,3.99,1.66,1.58,0.82,1.62,5.13,12.89,0,0,19.34
7/31/1948,0.01,0.05,4.79,3.76,11.58,12.72,3.59,1.53,3.62,1.82,0.76,0.32,0.1,0.16,0.2,0.64,1.15,0.44,0.1,1.72
8/31/1948,0.01,0,0,0,2.87,3.75,1.06,0.48,1.17,0.63,0.4,0.17,0.04,0.08,0.17,0.53,1.03,0.46,0.1,1.55
9/30/1948,0.01,0,0,0,0.45,0.44,0.12,0.48,0.7,1.36,0.07,0.03,0.08,0.01,0.05,0.15,0.22,0.73,0.17,0.33
10/31/1948,0.02,0,1.11,0.87,1.06,0,0,0.54,0.66,1.19,0.2,0.08,0.07,0.04,0,0,0,0.22,0.05,0
11/30/1948,1.91,0.05,2.58,2.03,1.41,0,0,0.3,0.27,0.38,0.71,0.3,0.02,0.15,0,0,0.28,0.3,0.07,0.42
12/31/1948,2.52,0.38,2.9,2.28,1.41,0,0,0.47,0.42,0.79,0.82,0.34,0.04,0.17,0,0,0.28,0.45,0.1,0.42
1/31/1949,1.81,0.56,2.34,1.83,1,0,0,0.37,0.41,0.88,0.73,0.3,0.05,0.15,0,0,0.34,0.35,0.08,0.51
2/28/1949,0.94,1.51,0.42,0.33,1.23,1.99,0.56,0.49,0.59,1.48,0.93,0.39,0.08,0.19,0.25,0.81,0.23,0.51,0.12,0.35
3/31/1949,1.4,7.07,0.89,0.7,2.62,6.89,1.94,1.28,1.62,3.8,3.07,1.28,0.21,0.63,0.64,2.02,1.16,0.61,0.14,1.74
4/30/1949,0.28,1.25,5.64,4.43,9.6,23.68,6.68,12.03,15.57,43.86,9.69,4.03,2.47,1.98,2.01,6.36,5.27,3.02,0.69,7.9
5/31/1949,0.29,0.38,13.49,10.6,29.51,53.61,15.12,23.18,32.93,40.24,7.23,3.01,2.27,1.48,2.3,7.3,11.8,1.85,0.42,17.71
6/30/1949,0.08,0.18,10.65,8.37,21.81,22.66,6.39,5.76,10.06,7.15,1.38,0.57,0.4,0.28,0.79,2.49,5.37,0.47,0.1,8.05
7/31/1949,0.03,0.02,1.66,1.31,5.03,5.72,1.61,0.51,1.21,0.4,0.37,0.15,0.02,0.08,0.11,0.34,0.06,0.74,0.17,0.09
8/31/1949,0,0,0,0,2,2.45,0.69,0.49,1.18,0.61,0.27,0.11,0.03,0.06,0.13,0.41,0.38,0.44,0.1,0.57
9/30/1949,0.01,0,0,0,0.59,0.55,0.15,0.42,0.63,1.07,0.09,0.04,0.06,0.02,0.06,0.19,0.03,0.37,0.08,0.04
10/31/1949,0.01,0,0.39,0.3,0.83,0.62,0.17,0.28,0.35,0.6,0.17,0.07,0.03,0.03,0,0,0.35,0.31,0.07,0.52
11/30/1949,0.1,0.12,3.52,2.77,1.2,0,0,0.29,0.36,0.54,0.26,0.11,0.03,0.05,0,0,0.71,0.59,0.13,1.06
12/31/1949,1.18,0.18,0.58,0.46,0.66,0.64,0.18,0.4,0.39,1.01,0.45,0.19,0.06,0.09,0.16,0.5,0.49,0.47,0.11,0.73
1/31/1950,3.29,4.7,0.38,0.3,3.14,6.5,1.83,1.3,1.28,3.28,2.13,0.89,0.18,0.44,0.43,1.38,0.76,0.53,0.12,1.14
2/28/1950,1.33,5.84,0.59,0.47,3.75,8.97,2.53,2.33,2.93,9.58,3.57,1.49,0.54,0.73,0.75,2.37,0.99,0.88,0.2,1.49
3/31/1950,2.89,2.56,1.25,0.98,3.59,10.41,2.94,3.72,4.75,20.01,4.87,2.03,1.13,1,0.96,3.04,2.49,2.84,0.65,3.74
4/30/1950,0.79,3.1,6.68,5.25,12.3,32.96,9.3,13.67,17.87,45.39,12.28,5.11,2.56,2.51,2.35,7.44,6.25,3.72,0.85,9.37
5/31/1950,0.4,0.86,19.67,15.45,31.81,58.17,16.41,26.48,36.99,53.56,8.97,3.73,3.02,1.84,2.51,7.96,11.94,2.45,0.55,17.9
6/30/1950,0.14,0.28,15.95,12.53,31.75,36.61,10.32,11.29,19.58,17.11,2.53,1.05,0.96,0.52,1.14,3.6,9.71,0.63,0.14,14.56
7/31/1950,0.1,0.03,5.19,4.08,10.05,9.86,2.78,1.1,2.62,1.32,0.7,0.29,0.07,0.14,0.18,0.58,0.83,0.43,0.1,1.24
8/31/1950,0.02,0.04,0,0,2.36,3.44,0.97,0.33,0.86,0.72,0.32,0.13,0.04,0.07,0.1,0.33,1.09,0.59,0.14,1.64
9/30/1950,0.03,0.03,0.51,0.4,1.48,0.8,0.23,0.39,0.42,0.96,0.24,0.1,0.05,0.05,0.14,0.45,0.29,0.81,0.18,0.43
10/31/1950,0.03,0.12,1.48,1.17,1.7,0.64,0.18,1.13,1.35,3.24,0.39,0.16,0.18,0.08,0,0,0.45,0.36,0.08,0.68
11/30/1950,0.05,9.04,12.18,9.57,26.16,27.47,7.75,17.59,21.63,88.31,18.26,7.6,4.97,3.74,3.68,11.64,7.56,1.79,0.4,11.34
12/31/1950,0.38,11.9,8.95,7.03,27.46,49.52,13.97,21.13,28.58,57.1,19.37,8.07,3.22,3.97,3.78,11.98,7.76,5.9,1.34,11.65
1/31/1951,1.02,8.56,2.9,2.28,9.41,19.12,5.39,5.24,7.5,9.31,4.37,1.82,0.52,0.89,1.38,4.36,1.62,3.21,0.73,2.42
2/28/1951,0.16,4.45,2.61,2.05,8.16,26.48,7.47,5.67,7.92,10.56,3.11,1.29,0.59,0.64,0.12,0.39,2,2.81,0.64,2.99
3/31/1951,0.4,6.62,3.17,2.49,9.83,31.38,8.85,6.52,9.1,13.08,2.58,1.07,0.74,0.53,0.98,3.11,3.02,3,0.68,4.53
4/30/1951,0.29,1.33,5.15,4.05,16.73,39.69,11.2,12.65,18.13,26.27,3.56,1.48,1.48,0.73,1.34,4.25,8.29,1.31,0.3,12.43
5/31/1951,0.2,1.37,12.54,9.86,27.87,47.72,13.46,13.15,22.1,23.05,2.58,1.07,1.3,0.53,1.13,3.58,11.24,1.71,0.39,16.85
6/30/1951,0.11,0.38,13.4,10.53,24.75,16.61,4.68,3.11,6.81,4.82,1.41,0.59,0.27,0.29,0.54,1.72,4.5,0.97,0.22,6.75
7/31/1951,0.02,0.14,4.1,3.22,7.91,6.82,1.93,0.84,2.05,1.21,0.77,0.32,0.07,0.16,0.13,0.4,0.7,0.86,0.19,1.05
8/31/1951,0.03,0,1.53,1.2,2.85,0.41,0.11,0.49,1,1.36,0.39,0.16,0.08,0.08,0.22,0.69,1.04,0.54,0.12,1.56
9/30/1951,0.01,0.02,2.6,2.04,1.83,0,0,0.36,0.36,0.95,0.21,0.09,0.05,0.04,0,0,0.6,0.21,0.05,0.91
10/31/1951,0.02,0.04,3.28,2.57,1.86,0,0,0.36,0.45,0.7,0.39,0.16,0.04,0.08,0,0,0.32,0.6,0.13,0.48
11/30/1951,0.05,0.48,0.43,0.33,2.12,3.18,0.9,0.71,0.87,1.51,0.74,0.31,0.08,0.15,0.18,0.58,0.03,0.51,0.12,0.04
12/31/1951,0.09,5.57,0.49,0.39,2.39,10.39,2.93,1.84,1.64,4.56,3.01,1.25,0.26,0.62,0.63,1.99,0.26,0.78,0.18,0.39
1/31/1952,0.25,15.54,0.65,0.51,2.12,16.52,4.66,1.41,1.71,3.07,5.07,2.11,0.17,1.04,1.08,3.43,0.92,1.34,0.3,1.37
2/29/1952,0.5,6.3,0.85,0.67,2.31,13.28,3.75,2.29,2.83,8.51,5.18,2.16,0.48,1.06,0.96,3.04,1.11,3.38,0.77,1.67
3/31/1952,0.87,13.67,1.47,1.16,3.47,16.29,4.59,2.32,3.14,10.32,7.32,3.05,0.58,1.5,1.48,4.69,1.95,4.02,0.91,2.93
4/30/1952,0.38,3.73,6.81,5.35,15.95,39.28,11.08,12.65,15.95,61.2,16.88,7.03,3.45,3.46,2.79,8.82,6.58,8.38,1.9,9.87
5/31/1952,0.12,1.87,15.32,12.04,49.2,115.59,32.6,40.2,55.5,105.48,17.04,7.1,5.94,3.49,4.62,14.62,19.75,1.35,0.31,29.63
6/30/1952,0.08,0.65,19.25,15.12,50.95,76.02,21.45,25.94,40.26,51.38,5.66,2.36,2.89,1.16,2.29,7.25,16.18,0,0,24.27
7/31/1952,0.01,0.48,16.11,12.66,27.61,24.05,6.78,5.55,11.3,9.45,1.77,0.74,0.53,0.36,0.68,2.17,6.44,0.03,0.01,9.66
8/31/1952,0.03,0.11,2.47,1.94,6.99,10.65,3,0.8,2.01,1.36,1.01,0.42,0.08,0.21,0.27,0.85,1.22,0.16,0.03,1.82
9/30/1952,0.01,0.16,2.65,2.08,3.37,0,0,0.66,0.78,1.79,0.42,0.17,0.1,0.09,0,0,0.24,0.89,0.2,0.36
10/31/1952,0.01,0.15,5.37,4.22,2.4,0,0,0,2.62,0.75,0.22,0.09,0.04,0.05,0,0,0.17,1.38,0.31,0.25
11/30/1952,0.03,0.24,1.61,1.26,2.04,0,0,1.1,0.28,0.45,0.52,0.22,0.03,0.11,0,0,0.65,0.78,0.18,0.97
12/31/1952,0.47,1.78,0.37,0.29,2.4,3.18,0.9,1.43,0.16,1.37,1.28,0.53,0.08,0.26,0.26,0.82,0.87,0.69,0.16,1.3
1/31/1953,1.11,4.84,0.76,0.6,3.44,9.49,2.68,3.33,1.84,9.94,3.72,1.55,0.56,0.76,0.74,2.34,0.78,0.97,0.22,1.17
2/28/1953,0.42,0.76,0.66,0.52,3.25,2.99,0.84,3,2.45,8.43,2.03,0.85,0.47,0.42,0.33,1.04,1.23,1.33,0.3,1.85
3/31/1953,0.32,1.9,1.26,0.99,4.77,5.5,1.55,4.15,3.08,12.79,3.83,1.59,0.72,0.78,0.68,2.15,2.31,1.3,0.3,3.47
4/30/1953,0.29,1.39,4.97,3.9,12.86,25.65,7.23,10.09,20.14,41.87,9.94,4.14,2.36,2.04,1.87,5.94,6.31,1.19,0.27,9.46
5/31/1953,0.19,0.93,8.65,6.8,16.95,32.41,9.14,14.58,19.76,38.18,5.68,2.37,2.15,1.16,1.59,5.03,5.38,2.01,0.46,8.07
6/30/1953,0.05,0.53,17.03,13.38,34.56,37.44,10.56,14.52,26.96,27.73,3.88,1.62,1.56,0.79,1.79,5.66,12.64,1.55,0.35,18.95
7/31/1953,0,0.11,10.46,8.22,20.44,12.09,3.41,1.36,6.5,3.4,1.1,0.46,0.19,0.23,0.54,1.7,3.31,0.3,0.07,4.96
8/31/1953,0.02,0.15,1.97,1.55,3.89,2.08,0.59,0,1.57,0.66,0.48,0.2,0.04,0.1,0.13,0.42,1.05,0.86,0.19,1.58
9/30/1953,0.01,0.03,4.22,3.32,2.32,0,0,0.31,0.29,0.99,0.16,0.07,0.06,0.03,0,0,0.26,1.17,0.27,0.39
10/31/1953,0.01,0.09,1.82,1.43,2.03,0,0,0.31,0.17,0.99,0.26,0.11,0.06,0.05,0,0,0.6,0.51,0.12,0.91
11/30/1953,0.01,0.24,0.24,0.19,2.03,0.9,0.25,0.09,0.47,1.22,0.5,0.21,0.07,0.1,0.12,0.39,0.65,0.58,0.13,0.98
12/31/1953,3.98,0.41,0.29,0.23,2.07,0.9,0.25,1.46,0.76,1.66,0.65,0.27,0.09,0.13,0.12,0.38,0,0.53,0.12,0
1/31/1954,3.4,1.19,0.39,0.31,1.71,2.61,0.74,1.51,0.49,2.39,0.99,0.41,0.13,0.2,0.2,0.63,0.37,0.52,0.12,0.56
2/28/1954,0.84,2.39,0.55,0.43,2.05,5.6,1.58,2.39,1.12,6.62,2.14,0.89,0.37,0.44,0.46,1.46,0.51,0.82,0.18,0.77
3/31/1954,0.47,4.11,1.79,1.41,5.69,16.09,4.54,5.66,8.9,22.29,7.48,3.11,1.26,1.53,1.38,4.36,2.17,1.92,0.43,3.25
4/30/1954,0.3,1.79,5.68,4.46,15.35,43.14,12.17,15.84,22.94,44.35,11.4,4.75,2.5,2.33,2.5,7.91,6.69,4.23,0.96,10.04
5/31/1954,0.44,0.59,19.42,15.26,30.08,47.86,13.5,15.25,26.25,32.16,4.85,2.02,1.81,0.99,1.83,5.81,14.38,2.45,0.56,21.57
6/30/1954,0.12,0.38,10.65,8.37,14.93,15.72,4.43,2.92,6.86,5.12,1.09,0.45,0.29,0.22,0.58,1.85,4.52,0.38,0.08,6.77
7/31/1954,0.07,0.03,3.16,2.48,4.49,6.7,1.89,0,2.24,1.1,0.47,0.2,0.06,0.1,0.15,0.47,0.94,0.87,0.2,1.41
8/31/1954,0,0.15,1.56,1.22,2.08,0,0,1.25,1.19,0.86,0.22,0.09,0.05,0.05,0,0,1.01,0.81,0.18,1.51
9/30/1954,0,0.04,4.41,3.46,1.5,0,0,1.14,0,0.56,0.18,0.07,0.03,0.04,0,0,0.2,0.09,0.02,0.3
10/31/1954,0.02,0.03,0.7,0.55,1.38,0.31,0.09,0.81,0,0.35,0.21,0.09,0.02,0.04,0,0,0,0.03,0.01,0
11/30/1954,0.05,0.12,0.23,0.18,1.54,1.11,0.31,0.31,0,0.72,0.5,0.21,0.04,0.1,0.12,0.38,0,0.3,0.07,0
12/31/1954,0.07,2.22,0.31,0.24,1.78,3.8,1.07,1.33,0.06,3.27,1.22,0.51,0.18,0.25,0.25,0.8,0,0.51,0.11,0
1/31/1955,0.12,5.23,0.37,0.29,1.53,5.12,1.44,1.42,0.15,2.24,1.85,0.77,0.13,0.38,0.4,1.25,0.54,1.01,0.23,0.81
2/28/1955,0.35,2,0.55,0.43,1.73,3.97,1.12,1.79,1.34,5.39,1.84,0.77,0.3,0.38,0.33,1.06,0.73,0.73,0.17,1.09
3/31/1955,1.02,1.49,1.27,0.99,2.93,4.6,1.3,3.3,3.81,11.59,2.86,1.19,0.65,0.59,0.55,1.74,2.07,0.85,0.19,3.1
4/30/1955,0.17,1.35,3.95,3.1,5.75,10.39,2.93,4.22,10.29,18,5.3,2.21,1.01,1.09,0.9,2.85,4.17,1.3,0.29,6.25
5/31/1955,0.34,0.9,10.39,8.16,19.61,44.4,12.52,16.29,25.19,38.48,6.66,2.77,2.17,1.36,1.96,6.21,7.52,0,0,11.28
6/30/1955,0.09,0.26,14.98,11.77,23.06,26.16,7.38,6.41,12.82,8.5,2.12,0.88,0.48,0.43,1.02,3.24,8.12,0.65,0.15,12.17
7/31/1955,0.03,0.01,3.17,2.49,4.99,7.54,2.13,1.9,0.99,0.78,0.47,0.2,0.04,0.1,0.17,0.55,1.22,0.44,0.1,1.83
8/31/1955,0.01,0.09,1.51,1.19,1.93,0.23,0.07,0.24,2.6,0.36,0.27,0.11,0.02,0.06,0.1,0.33,1.04,0.54,0.12,1.56
9/30/1955,0.01,0.05,4.28,3.36,1.34,0,0,2.15,0,0.8,0.04,0.02,0.05,0.01,0,0,0,0.29,0.07,0
10/31/1955,0.01,0.03,0.12,0.09,1.32,0.46,0.13,0.51,0,0,0.16,0.07,0,0.03,0,0,0,0.29,0.06,0
11/30/1955,0.03,0.03,0.13,0.1,1.5,2.19,0.62,0.22,0,0.35,0.34,0.14,0.02,0.07,0,0,0.19,0.27,0.06,0.29
12/31/1955,0.12,18.79,3.12,2.45,13.18,50.34,14.2,7.59,18.26,68.4,18.11,7.54,3.85,3.71,3.79,12,2.5,4.62,1.05,3.75
1/31/1956,0.65,16.06,2.89,2.27,8.13,36.43,10.28,7.18,8.34,35.08,14.18,5.9,1.97,2.9,2.77,8.76,3.8,7.1,1.61,5.7
2/29/1956,2.25,3.97,1.51,1.19,5.07,14.45,4.08,5.23,3.79,13.87,4.97,2.07,0.78,1.02,0.64,2.02,1.62,2.71,0.61,2.43
3/31/1956,2.66,2.24,2.24,1.76,7.54,21.66,6.11,7.97,9.3,20.38,4.4,1.83,1.15,0.9,1.32,4.16,3.91,2.23,0.5,5.87
4/30/1956,4.38,1.41,7.99,6.28,16.21,31.69,8.94,13.77,20.35,39.22,7.21,3,2.21,1.48,1.31,4.16,9.19,1.8,0.41,13.78
5/31/1956,0.37,2.1,21.34,16.77,38.2,75.7,21.35,25.5,40.87,70.19,8.04,3.35,3.95,1.65,2.89,9.16,16.12,3.48,0.79,24.18
6/30/1956,0.17,0.58,25.31,19.89,50.41,43.38,12.24,15.95,31.63,26.97,3.42,1.42,1.52,0.7,1.52,4.82,16.11,0,0,24.16
7/31/1956,0.07,0.32,14.44,11.35,21.55,11.89,3.35,1.71,6.21,2.92,1.29,0.54,0.16,0.26,0.32,1.01,3.35,0,0,5.02
8/31/1956,0.04,0,1.97,1.55,5.65,4.88,1.38,0.82,0.99,0.73,0.71,0.3,0.04,0.15,0.15,0.48,1.16,0.54,0.12,1.73
9/30/1956,0,0,2.77,2.17,2.99,0,0,0.69,0.8,0.89,0.47,0.2,0.05,0.1,0,0,0.39,0.72,0.16,0.58
10/31/1956,0.02,0.11,6.15,4.83,2.8,0,0,0.8,1.23,0.95,0.45,0.19,0.05,0.09,0,0,0.27,0.91,0.21,0.4
11/30/1956,0.03,0.22,1.18,0.93,2.71,0.34,0.09,2.73,0.08,0.37,0.93,0.39,0.02,0.19,0.16,0.5,0.55,0.65,0.14,0.82
12/31/1956,0.05,0.31,0.33,0.26,2.59,0.55,0.16,1.67,0.59,0.93,0.64,0.27,0.05,0.13,0.12,0.39,0.22,0.41,0.09,0.33
1/31/1957,0.22,0.58,0.45,0.35,1.72,1.1,0.31,0.96,0.41,1.12,0.69,0.29,0.06,0.14,0.11,0.36,0.69,0.66,0.15,1.04
2/28/1957,1.16,1.66,0.73,0.57,3.14,7.05,1.99,2.36,3.06,11.67,3.02,1.26,0.66,0.62,0.61,1.95,1.06,0.18,0.04,1.59
3/31/1957,0.18,4.82,1.24,0.98,4.59,12.76,3.6,5.08,7.31,21.26,6,2.5,1.2,1.23,1.16,3.68,2.14,1.47,0.33,3.21
4/30/1957,0.09,0.79,4.62,3.63,9.27,14.33,4.04,11.01,17.43,27.75,6.8,2.83,1.56,1.39,1.1,3.47,4.22,1.1,0.25,6.33
5/31/1957,0.04,1.6,11.19,8.79,20.82,56.58,15.96,17.76,30.02,45.81,8.01,3.34,2.58,1.64,2.43,7.68,9.56,1.35,0.31,14.34
6/30/1957,0.03,0.42,19.13,15.03,31.58,27.73,7.82,8.65,20.43,13.79,2.73,1.14,0.78,0.56,1.22,3.88,10.92,0,0,16.38
7/31/1957,0.02,0.15,4.84,3.81,6.93,8.53,2.41,1.01,1.8,1.71,0.5,0.21,0.1,0.1,0.19,0.6,1.09,0.52,0.12,1.62
8/31/1957,0.02,0.03,0,0,2.5,4.93,1.39,2.51,0,0.47,0.33,0.14,0.03,0.07,0.09,0.28,0.48,0.56,0.12,0.72
9/30/1957,0.01,0.04,0,0,1.81,2.24,0.63,2,0.12,0.93,0.31,0.13,0.05,0.06,0.19,0.6,0.44,0.5,0.11,0.66
10/31/1957,0.01,0.06,0,0,1.99,3.23,0.91,0,2.09,0.42,0.48,0.2,0.02,0.1,0.01,0.05,0.22,0.21,0.05,0.33
11/30/1957,0.01,0.13,3.91,3.07,1.95,0,0,0.24,0,0.3,0.73,0.3,0.02,0.15,0,0,0.46,0.35,0.08,0.69
12/31/1957,0.02,0.56,6.98,5.49,2.06,0,0,1.25,0.2,2.32,1.12,0.47,0.13,0.23,0,0,0.29,0.41,0.09,0.44
1/31/1958,0.08,3.07,0.44,0.35,2.01,5.06,1.43,1.29,0.28,2.67,1.64,0.68,0.15,0.34,0.34,1.07,0.67,0.7,0.16,1.01
2/28/1958,0.73,10.61,0.56,0.44,2.6,16.7,4.71,2.15,2.97,16.1,5.67,2.36,0.91,1.16,1.12,3.55,0.94,1.26,0.28,1.4
3/31/1958,0.21,12.59,0.96,0.75,3.04,21.2,5.98,3.17,3.07,14.7,8.7,3.62,0.83,1.78,1.6,5.05,1.86,5.55,1.26,2.79
4/30/1958,0.15,20.7,4.2,3.3,8.94,35.48,10.01,7.87,13.38,36.33,14.6,6.08,2.05,2.99,2.61,8.26,4.63,7.33,1.66,6.94
5/31/1958,0.1,1.77,20.8,16.34,43.75,102.14,28.81,29.22,53.36,104.02,16.36,6.81,5.86,3.35,4.37,13.84,17.42,4.4,1,26.12
6/30/1958,0.01,0.8,22.65,17.79,40.77,62.2,17.54,18.95,30.59,49.52,4.72,1.97,2.79,0.97,2.26,7.17,16.54,1.38,0.31,24.8
7/31/1958,0.02,0.34,12.6,9.9,17.51,17.86,5.04,4.44,6.41,5.6,1.27,0.53,0.32,0.26,0.56,1.77,4.93,0,0,7.39
8/31/1958,0.02,0.19,3.1,2.43,5.05,7.22,2.03,1.7,0.6,0.99,0.97,0.4,0.06,0.2,0.31,0.98,1.21,0.42,0.1,1.81
9/30/1958,0.02,0,5.67,4.45,2.6,0,0,0.3,1.2,1.29,0.21,0.09,0.07,0.04,0,0,0,0.7,0.16,0
10/31/1958,0.01,0.09,3.27,2.57,2.1,0,0,0.24,1.2,0.52,0.56,0.23,0.03,0.11,0,0,0,0,0,0
11/30/1958,0.01,0.16,0.35,0.28,1.86,0.87,0.25,0.39,0,0.44,0.57,0.24,0.02,0.12,0.13,0.42,0,0.18,0.04,0
12/31/1958,0.05,0.24,0.33,0.26,1.71,0,0,0.64,0.12,0.44,0.36,0.15,0.02,0.07,0.04,0.14,0.53,0.25,0.06,0.79
1/31/1959,0.03,1.05,0.49,0.38,2.55,4.45,1.26,2.35,0.27,5.28,1.82,0.76,0.3,0.37,0.42,1.31,1.01,0.29,0.07,1.52
2/28/1959,0.07,5.48,0.49,0.38,2.63,8.44,2.38,2.85,2.33,7.23,3.45,1.44,0.41,0.71,0.75,2.37,1.34,0.57,0.13,2.02
3/31/1959,0.16,0.86,1.14,0.89,4.41,12.23,3.45,6.02,7.38,16.61,4.61,1.92,0.94,0.94,0.97,3.07,2.35,0.84,0.19,3.52
4/30/1959,0.08,0.45,6.1,4.79,11.05,28.88,8.15,10.48,19.3,26.3,5.02,2.09,1.48,1.03,1.28,4.04,4.99,0,0,7.49
5/31/1959,0.06,0.2,6.46,5.08,15.16,24.98,7.04,11.2,15.52,12.13,2.21,0.92,0.68,0.45,0.96,3.04,7.9,0.67,0.15,11.85
6/30/1959,0.02,0.16,9.95,7.82,13.36,8.51,2.4,7.17,6.62,0.7,0.81,0.34,0.04,0.17,0.46,1.45,3.33,0.63,0.14,4.99
7/31/1959,0.02,0.1,2.16,1.7,2.65,4.58,1.3,1.26,1.77,0.68,0.22,0.09,0.04,0.05,0.09,0.29,0.28,0.6,0.13,0.41
8/31/1959,0.02,0.09,0.96,0.75,1.49,0,0,0,1.19,0.07,0.05,0.02,0,0.01,0,0,0.75,0.01,0,1.13
9/30/1959,0.01,0.05,5.59,4.39,1.74,0,0,0.37,0,0.44,0.44,0.18,0.03,0.09,0,0,0.67,0,0,1.01
10/31/1959,0.01,0.04,3.55,2.79,1.44,0,0,0,0.44,0,0.25,0.1,0,0.05,0,0,0.48,0.11,0.03,0.71
11/30/1959,0,0.06,0,0,1.22,0.31,0.09,0,0,0,0.28,0.12,0,0.06,0.08,0.25,0.47,0.29,0.07,0.7
12/31/1959,0.04,0.11,0.34,0.27,1.25,0,0,0.58,0.08,0.32,0.3,0.12,0.02,0.06,0.02,0.07,0,0.15,0.03,0
1/31/1960,0.06,0.4,0.48,0.38,1.48,1.56,0.44,1.15,0.13,0.39,0.69,0.29,0.02,0.14,0.14,0.45,0.55,0.42,0.09,0.82
2/29/1960,2.28,3.47,0.39,0.31,1.98,8.96,2.53,2.05,0.24,8.61,3.04,1.27,0.48,0.62,0.64,2.01,0.69,0.68,0.15,1.04
3/31/1960,1,0.98,1.07,0.84,4.23,13.34,3.76,4.79,8.38,25.42,5.38,2.24,1.43,1.1,1.06,3.34,1.8,0.76,0.17,2.71
4/30/1960,0.2,0.72,6.95,5.46,11.97,25.72,7.25,13.36,17.02,30.12,6.3,2.62,1.7,1.29,1.38,4.37,5,0,0,7.5
5/31/1960,0.09,0.46,10.39,8.16,18.63,33.64,9.49,12.13,16.48,23.9,2.9,1.21,1.35,0.59,1.31,4.15,8.96,1.17,0.27,13.44
6/30/1960,0,0.03,10.18,8,13.69,11.48,3.24,2.23,5.44,3.88,0.88,0.37,0.22,0.18,0.44,1.4,3.98,0.4,0.09,5.97
7/31/1960,0.02,0.09,2.45,1.92,2.52,1.15,0.33,0.17,2.42,0.93,0.35,0.15,0.05,0.07,0.1,0.31,0.67,0.63,0.14,1
8/31/1960,0.02,0.09,0.61,0.48,1.34,0,0,0.95,0.11,0.3,0.06,0.02,0.02,0.01,0,0,1.18,0.18,0.04,1.77
9/30/1960,0.01,0.08,0.4,0.32,1.14,0,0,0.98,0,0.05,0.03,0.01,0,0.01,0,0,0.21,0,0,0.31
10/31/1960,0.05,0.04,2.79,2.19,1.23,0,0,0.94,0,0.22,0,0,0.01,0,0,0,0,0,0,0
11/30/1960,0.03,0.04,0.06,0.05,1.33,2.67,0.75,0.52,0,0.21,0.57,0.24,0.01,0.12,0.12,0.38,0.05,0,0,0.07
12/31/1960,0.1,0.24,0.1,0.08,1.55,1.58,0.45,1.31,0,2.15,0.57,0.24,0.12,0.12,0.12,0.39,0.18,0,0,0.28
1/31/1961,0.58,0.15,0.1,0.08,1.4,1.08,0.3,1.25,0.03,1.2,0.5,0.21,0.07,0.1,0.11,0.34,0.57,0,0,0.86
2/28/1961,1.27,0.31,0.18,0.14,1.81,2.73,0.77,2.16,0.66,4.16,1.23,0.51,0.23,0.25,0.25,0.8,0.65,0,0,0.98
3/31/1961,0.81,0.73,0.38,0.3,2.48,5.61,1.58,2.93,3.82,7.74,2.46,1.02,0.44,0.5,0.51,1.63,1.46,0,0,2.18
4/30/1961,2.08,0.38,5.94,4.67,8.3,13.41,3.78,7.74,13.93,21.23,4.96,2.07,1.2,1.02,1.11,3.51,4.33,0,0,6.5
5/31/1961,0.47,0.26,7.82,6.14,14.52,26.23,7.4,9.91,16.42,16.72,2.74,1.14,0.94,0.56,0.97,3.08,5.99,0,0,8.99
6/30/1961,0.14,0.09,7.82,6.14,12.14,9.8,2.76,2.4,5.55,3.62,0.7,0.29,0.2,0.14,0.42,1.32,2.86,0,0,4.29
7/31/1961,0.04,0.1,1.58,1.24,2.43,0.36,0.1,2.38,0.19,0.39,0.09,0.04,0.02,0.02,0.02,0.07,0.87,0,0,1.31
8/31/1961,0.01,0.1,0.6,0.47,1.42,1.59,0.45,1.31,0,0,0.14,0.06,0,0.03,0.04,0.12,1.41,0,0,2.11
9/30/1961,0.01,0.06,0.79,0.62,1.12,0.36,0.1,0,0.67,0,0.16,0.07,0,0.03,0.08,0.26,0.23,0,0,0.35
10/31/1961,0.04,0.05,1.21,0.95,1.24,0,0,0,0.85,0,0.11,0.05,0,0.02,0,0,0.01,0.61,0.14,0.02
11/30/1961,0.32,0.02,0,0,1.26,1.49,0.42,0,0.29,0.19,0.23,0.1,0.01,0.05,0,0,0.07,0.33,0.08,0.1
12/31/1961,0.08,0.21,0.43,0.34,1.63,0.67,0.19,1.13,0.4,1.14,0.5,0.21,0.06,0.1,0.14,0.46,0.08,0.5,0.12,0.12
1/31/1962,0.6,0.29,0.45,0.35,1.3,1.07,0.3,1.49,0.49,1.05,0.63,0.26,0.06,0.13,0.12,0.38,0.28,0.63,0.14,0.43
2/28/1962,0.18,10.77,0.63,0.49,1.84,15.32,4.32,2.17,1.01,9.4,4.63,1.93,0.53,0.95,1.01,3.18,0.78,1.28,0.29,1.16
3/31/1962,0.23,4.74,0.75,0.59,1.86,9.43,2.66,2.96,2.97,9.19,3.88,1.62,0.52,0.79,0.77,2.45,1.95,2.59,0.59,2.92
4/30/1962,0.2,0.95,8.34,6.55,16.58,31.66,8.93,18.71,27.96,52.3,12.87,5.36,2.94,2.64,2.6,8.23,6.33,2.38,0.54,9.49
5/31/1962,0.12,0.41,12.92,10.15,22.31,46.57,13.13,19.94,28.67,46.82,6.62,2.76,2.64,1.36,1.88,5.96,11.09,0.75,0.17,16.63
6/30/1962,0.05,0,20.56,16.16,32.35,31.43,8.87,11.55,23.22,19.26,2.99,1.24,1.08,0.61,1.34,4.24,12.51,0.63,0.14,18.77
7/31/1962,0,0.09,8.31,6.53,10.75,11.42,3.22,0.58,3.55,1.68,0.91,0.38,0.09,0.19,0.27,0.85,1.72,0.15,0.03,2.58
8/31/1962,0,0.08,2.11,1.66,3.09,0,0,0.36,1.9,0.97,0.27,0.11,0.05,0.06,0,0,1.09,0.38,0.08,1.63
9/30/1962,0,0.04,1.46,1.15,1.71,0,0,1.51,0,0.52,0.13,0.05,0.03,0.03,0,0,0.41,0.59,0.13,0.61
10/31/1962,0,0.23,4.23,3.32,1.99,0,0,1.56,0.55,2.36,0.55,0.23,0.13,0.11,0,0,0,0,0,0
11/30/1962,0.17,0.14,0.45,0.36,1.56,0.03,0.01,0.18,0.11,0.49,0.45,0.19,0.03,0.09,0.13,0.42,0.3,0.57,0.13,0.45
12/31/1962,3.13,0.47,0.52,0.41,1.8,2.51,0.71,1.18,0.95,3.5,1.05,0.44,0.2,0.22,0.22,0.69,0.32,0.34,0.08,0.48
1/31/1963,2.55,2.75,0.65,0.51,2.68,10.44,2.95,1.68,3.98,20.11,3.2,1.33,1.13,0.66,0.73,2.31,0.77,0,0,1.15
2/28/1963,0.43,6,2.33,1.83,10.59,22.13,6.24,7.53,16.82,44.85,11,4.58,2.53,2.25,2.2,6.96,2.52,1.43,0.33,3.78
3/31/1963,0.41,3.81,1.71,1.34,5.26,6.15,1.73,4.96,5.04,11.19,3.47,1.44,0.63,0.71,0.58,1.85,1.84,1.37,0.31,2.77
4/30/1963,1.55,9.84,3.21,2.52,6.94,23.63,6.67,7.41,9.49,25.56,7.27,3.03,1.44,1.49,1.34,4.26,4.58,5.17,1.17,6.87
5/31/1963,0.27,2.21,16.51,12.98,33.95,83.15,23.45,20.89,37.49,64,11.27,4.69,3.6,2.31,3.19,10.11,15.4,3.91,0.89,23.1
6/30/1963,0.12,0.66,18.79,14.76,35.55,37.81,10.67,9.72,19.86,16.53,2.9,1.21,0.93,0.59,1.27,4.03,11.86,0.95,0.22,17.79
7/31/1963,0.08,0.19,9.99,7.85,14.68,8.68,2.45,0.73,3.64,2.37,0.88,0.37,0.13,0.18,0.23,0.72,2.05,0.02,0,3.07
8/31/1963,0.05,0.05,2.53,1.99,3.6,1.63,0.46,0,2.32,0.45,0.45,0.19,0.03,0.09,0.09,0.28,1.19,0.5,0.11,1.78
9/30/1963,0.01,0.03,1.45,1.14,2.31,0,0,1.11,0.4,1.03,0.34,0.14,0.06,0.07,0.17,0.54,0.34,0.64,0.14,0.51
10/31/1963,0.03,0.18,3.57,2.8,2.16,0,0,2.01,0.04,1.26,0.43,0.18,0.07,0.09,0,0,0,0.33,0.07,0
11/30/1963,0.26,1.53,1.04,0.82,3.78,6.3,1.78,3.35,3.37,9.52,2.41,1,0.54,0.49,0.54,1.72,0.35,0.2,0.04,0.53
12/31/1963,0.48,0.39,0.72,0.57,3.21,1.41,0.4,3.4,4.35,5.98,1.42,0.59,0.34,0.29,0.26,0.83,0.74,1.01,0.23,1.11
1/31/1964,0.47,2.83,0.53,0.42,2.62,3.21,0.91,2.57,2.62,3.51,1.83,0.76,0.2,0.37,0.37,1.16,1.21,0.72,0.16,1.81
2/29/1964,0.51,0.85,0.59,0.46,2.46,2.34,0.66,2.9,2.58,5.48,1.63,0.68,0.31,0.33,0.34,1.09,0.86,0.56,0.13,1.28
3/31/1964,0.22,1.09,0.73,0.57,3.09,6.34,1.79,4.2,2.83,8.8,2.67,1.11,0.5,0.55,0.5,1.6,1.8,0.81,0.18,2.7
4/30/1964,0.12,0.95,4.35,3.41,8.25,18.21,5.14,7.02,11.66,25.49,5.28,2.2,1.44,1.08,1.26,4,4.53,0.29,0.06,6.79
5/31/1964,0.06,0.58,10.88,8.55,19.13,36.23,10.22,13.45,19.83,29.87,4.44,1.85,1.68,0.91,1.33,4.21,8.5,0.36,0.08,12.75
6/30/1964,0.02,0.25,10.48,8.23,17.86,22.12,6.24,5.88,9.93,10.58,1.29,0.54,0.6,0.26,0.67,2.13,5.71,0.13,0.03,8.56
7/31/1964,0.02,0,3.27,2.57,4.8,4.04,1.14,0.08,2.06,1.61,0.34,0.14,0.09,0.07,0.09,0.29,0.76,0.48,0.1,1.13
8/31/1964,0.03,0.01,0.83,0.65,1.79,0.59,0.17,1.02,1.6,0.54,0.17,0.07,0.03,0.03,0.04,0.13,1.21,0.47,0.11,1.81
9/30/1964,0.02,0.01,0.49,0.38,1.23,0.43,0.12,1.46,0,0.95,0.18,0.07,0.05,0.04,0.11,0.34,0.46,0.2,0.04,0.69
10/31/1964,0,0.02,0.98,0.77,1.17,0,0,0.33,0,0.06,0.18,0.07,0,0.04,0,0,0,0,0,0
11/30/1964,0.09,0.81,0.73,0.57,1.9,4.86,1.37,0.53,0,1.63,0.97,0.4,0.09,0.2,0.18,0.56,0.23,0.22,0.05,0.35
12/31/1964,0.89,14.79,3.29,2.59,17.31,44.75,12.62,10.38,24.42,88.2,18.4,7.66,4.97,3.77,3.78,11.97,4.59,2.43,0.55,6.89
1/31/1965,1.86,12.06,8.15,6.4,8.09,21.43,6.04,4.73,6.33,30.23,11.45,4.77,1.7,2.34,2.19,6.93,2.81,4.99,1.13,4.22
2/28/1965,0.54,2.02,1.4,1.1,5.81,15.44,4.35,4.75,5.1,19.17,4.84,2.02,1.08,0.99,0.6,1.91,1.97,2.14,0.48,2.96
3/31/1965,1.52,1.95,1.6,1.26,6.64,18.35,5.18,6.91,7.4,18.97,3.68,1.53,1.07,0.75,1.18,3.73,3.07,1.34,0.3,4.61
4/30/1965,3.41,7.34,4.84,3.81,12.52,53.02,14.96,14.18,18.8,41.94,7.69,3.2,2.36,1.57,1.51,4.77,7.66,2.56,0.58,11.49
5/31/1965,0.81,1.28,13.92,10.94,30.37,62.42,17.61,22.11,32.91,56.29,6.25,2.6,3.17,1.28,2.3,7.28,12.17,1.48,0.34,18.26
6/30/1965,0.24,0.58,18.97,14.91,37.87,45.34,12.79,14.65,25.41,26.36,3.02,1.26,1.48,0.62,1.27,4.02,12.86,0.28,0.06,19.29
7/31/1965,0.07,0.36,13.73,10.79,20.78,11.59,3.27,2.22,6.71,3.3,1.2,0.5,0.19,0.25,0.41,1.3,3.83,0,0,5.74
8/31/1965,0.05,0.25,6.05,4.75,7.9,7.32,2.06,0.99,3.11,2.72,0.98,0.41,0.15,0.2,0.21,0.67,1.35,0,0,2.03
9/30/1965,0,0.05,1.78,1.4,3.62,0,0,0,1.95,1.01,0.45,0.19,0.06,0.09,0.15,0.47,0.49,0.46,0.1,0.73
10/31/1965,0.04,0.16,3.32,2.61,2.54,0,0,1.23,0.75,1.18,0.32,0.13,0.07,0.07,0,0,0,0.13,0.03,0
11/30/1965,0.06,1.24,0.31,0.24,2.7,7.58,2.14,0.79,0.1,7.79,2.36,0.98,0.44,0.48,0.49,1.56,1.05,0.44,0.1,1.58
12/31/1965,0.11,2.26,0.25,0.2,2.27,3.9,1.1,1.44,1.14,4.46,1.87,0.78,0.25,0.38,0.37,1.18,0.82,1.53,0.35,1.23
1/31/1966,0.27,2.23,0.07,0.06,2.08,4.76,1.34,1.78,1.04,4.23,2.13,0.89,0.24,0.44,0.4,1.25,1.16,1.74,0.39,1.74
2/28/1966,0.04,2.42,0.51,0.4,1.72,3.98,1.12,2.02,1.08,4.25,2.08,0.87,0.24,0.43,0.39,1.23,1.28,1.1,0.25,1.92
3/31/1966,0.51,1.04,2.29,1.8,5.36,11.83,3.34,7.73,7.78,22.28,5.32,2.22,1.25,1.09,0.96,3.03,2.43,0.95,0.22,3.65
4/30/1966,0.15,0.59,9.4,7.38,16.67,36.37,10.26,18,23.88,34.61,6.27,2.61,1.95,1.28,1.76,5.58,6.44,0,0,9.66
5/31/1966,0.07,0.27,14.94,11.74,26.54,26.68,7.52,11.58,21.19,13.13,2.67,1.11,0.74,0.55,1.27,4.03,11.01,0.54,0.12,16.52
6/30/1966,0.04,0.11,5.8,4.55,9.52,6.04,1.7,1.33,3.09,1.72,0.52,0.22,0.1,0.11,0.25,0.78,1.52,0.63,0.14,2.28
7/31/1966,0.02,0.1,1.94,1.52,2.81,2.38,0.67,1.52,0.2,0.4,0.32,0.13,0.02,0.07,0.08,0.27,0.72,0.72,0.16,1.07
8/31/1966,0.01,0.16,0.89,0.7,1.48,0,0,1.84,0.01,0.17,0.16,0.07,0.01,0.03,0,0,0.87,0.31,0.07,1.3
9/30/1966,0,0.1,5.22,4.1,1.21,0,0,0.17,0.66,0.5,0.06,0.02,0.03,0.01,0,0,0.39,0,0,0.58
10/31/1966,0,0,0,0,1.18,0.34,0.1,0,0.55,0.12,0.12,0.05,0.01,0.02,0,0,0,0,0,0
11/30/1966,0.1,0.44,0.21,0.17,1.96,6.68,1.88,1.02,0.36,4.31,1.06,0.44,0.24,0.22,0.17,0.53,0.38,0.16,0.04,0.57
12/31/1966,0.5,4.2,0.71,0.56,3.65,20.39,5.75,3.48,6.85,21.39,5.64,2.35,1.2,1.15,1.1,3.48,0.99,0.83,0.19,1.49
1/31/1967,4.88,8.77,0.66,0.52,2.43,11.47,3.23,2.38,2.97,9.05,4.4,1.83,0.51,0.9,0.99,3.14,1.37,1.79,0.4,2.05
2/28/1967,3.41,2.57,0.78,0.62,3.24,8.93,2.52,3.12,4.36,15.59,3.96,1.65,0.88,0.81,0.74,2.35,1.41,2.1,0.48,2.12
3/31/1967,1.63,7.19,1.54,1.21,7.05,21.84,6.16,6.88,13.11,36.57,10.17,4.23,2.06,2.08,2.04,6.45,2.95,4.58,1.04,4.42
4/30/1967,1.08,16.12,2.77,2.18,5.11,24.96,7.04,4.9,6.06,16.02,9.1,3.79,0.9,1.86,1.75,5.55,3.75,3.88,0.88,5.63
5/31/1967,0.31,3.85,15,11.79,31.35,85.25,24.05,22.53,37.82,72.57,17.61,7.33,4.09,3.61,3.54,11.2,12.09,7.5,1.7,18.13
6/30/1967,0.13,1.15,26.32,20.68,52.48,101.23,28.55,26.2,46.45,59.82,8.75,3.64,3.37,1.79,3.15,9.98,18.75,2.19,0.5,28.13
7/31/1967,0.06,0.32,23.24,18.26,38.74,33.88,9.55,7.18,17.88,9.91,2.56,1.07,0.56,0.52,1.06,3.34,11.07,0.21,0.05,16.61
8/31/1967,0.03,0.22,7.3,5.73,7.77,5.16,1.45,0.26,1.64,1.38,0.92,0.38,0.08,0.19,0.14,0.46,1.24,0.54,0.12,1.86
9/30/1967,0.03,0.01,2.42,1.9,3.45,0.58,0.16,0.21,2.43,1.51,0.61,0.25,0.09,0.12,0.39,1.22,0.44,0.77,0.17,0.66
10/31/1967,0.04,0.18,3.23,2.54,2.37,0,0,1.92,0.11,1.31,0.39,0.16,0.07,0.08,0,0,0.38,0.64,0.15,0.57
11/30/1967,0.11,0.28,0,0,1.94,1.08,0.3,1.26,0,0.59,0.59,0.25,0.03,0.12,0.11,0.35,0.51,0.59,0.13,0.76
12/31/1967,0.45,0.53,0.61,0.48,2.43,0.35,0.1,2.24,0.04,1.53,0.64,0.27,0.09,0.13,0.11,0.35,0.32,0.42,0.1,0.49
1/31/1968,3,1.26,0.51,0.4,1.78,2.66,0.75,1.34,0.08,2.77,1.16,0.48,0.16,0.24,0.26,0.82,0.43,0.45,0.1,0.65
2/29/1968,0.77,0.18,2.55,2,3.87,8.83,2.49,3.41,6.02,16.01,4.89,2.04,0.9,1,0.93,2.94,0.97,0.46,0.11,1.45
3/31/1968,1.36,2.41,2.17,1.71,5.35,9.99,2.82,4.34,7.82,16.2,4.73,1.97,0.91,0.97,0.9,2.85,2.18,0.94,0.21,3.28
4/30/1968,0.29,0.72,5.6,4.4,10.8,25.01,7.05,12.44,17.45,24.73,5.12,2.13,1.39,1.05,1.27,4.03,4.76,0,0,7.13
5/31/1968,0.16,0.35,13.17,10.35,21.5,27.8,7.84,13.09,21.85,18.12,3,1.25,1.02,0.61,1.37,4.34,9.44,0.06,0.01,14.16
6/30/1968,0.1,0.19,9.78,7.69,16.53,7.78,2.19,2.27,6.92,3.1,0.85,0.35,0.17,0.17,0.44,1.39,2.98,0.31,0.07,4.46
7/31/1968,0.06,0.1,2.36,1.85,3.55,1.53,0.43,0.05,1.65,0.79,0.18,0.07,0.04,0.04,0.07,0.21,0.6,0.73,0.16,0.9
8/31/1968,0.03,0.05,1.77,1.39,1.93,0.91,0.26,0,0.8,0.05,0.26,0.11,0,0.05,0.05,0.17,0.29,0.17,0.04,0.43
9/30/1968,0.02,0,4.46,3.5,1.26,0,0,0.42,0.28,0.18,0.17,0.07,0.01,0.03,0,0,1.19,0,0,1.79
10/31/1968,0.02,0.02,0,0,1.54,1.8,0.51,1.82,0.09,0.41,0.29,0.12,0.02,0.06,0,0,1.33,0,0,1.99
11/30/1968,0.39,0.46,0.9,0.71,2.93,7.87,2.22,2.24,1.09,4.11,1.9,0.79,0.23,0.39,0.37,1.17,2.28,0.45,0.1,3.42
12/31/1968,1.59,2.34,1.25,0.99,2.13,7.45,2.1,1.46,2.99,2.39,2.46,1.02,0.13,0.5,0.54,1.7,0,0.88,0.2,0
1/31/1969,0.74,23.08,3.05,2.4,4.26,49.72,14.02,3.79,9.25,43.05,17.48,7.28,2.42,3.58,3.54,11.21,1.16,9.47,2.15,1.73
2/28/1969,0.24,16.11,2.04,1.6,3.45,23.27,6.56,2.99,3.63,12.53,9.37,3.9,0.71,1.92,1.73,5.47,1.06,2.89,0.65,1.59
3/31/1969,0.61,7.69,1.52,1.2,4.63,22.54,6.36,5.17,6.3,17,7.91,3.29,0.96,1.62,1.62,5.12,3.23,4.06,0.92,4.84
4/30/1969,0.28,5.08,4.19,3.29,17.84,62.3,17.57,15.79,23.57,55.72,13.75,5.73,3.14,2.82,3.26,10.31,5.54,7.25,1.64,8.31
5/31/1969,0.14,1.47,27.67,21.74,62.59,106.24,29.97,50.91,64.78,87.07,13.98,5.82,4.9,2.86,3.62,11.46,22.84,5.07,1.15,34.26
6/30/1969,0.1,0.64,24.82,19.5,54.86,60.71,17.12,22.87,36.45,36.48,4.1,1.71,2.05,0.84,1.76,5.56,17.12,1.73,0.39,25.68
7/31/1969,0.07,0.3,17.05,13.4,23.82,17.77,5.01,3.54,10.03,3.44,1.65,0.69,0.19,0.34,0.45,1.41,6.19,0,0,9.27
8/31/1969,0.03,0.12,4.43,3.48,5.82,3.2,0.9,1.8,1.07,0.2,0.9,0.37,0.01,0.18,0.27,0.85,1.13,0.77,0.17,1.7
9/30/1969,0.02,0.13,2.11,1.66,2.89,0,0,2.87,0,0.67,0.38,0.16,0.04,0.08,0,0,0.35,0.93,0.21,0.52
10/31/1969,0,0.21,1.49,1.17,2.9,2.06,0.58,1.86,1.59,1.34,0.7,0.29,0.08,0.14,0.09,0.29,0,0.73,0.17,0
11/30/1969,0.07,0.54,1.68,1.32,2.34,0.59,0.17,0.59,1.74,1.52,1.15,0.48,0.09,0.24,0.22,0.7,0.93,0.6,0.14,1.39
12/31/1969,0.79,2.11,1.64,1.29,3.34,10.21,2.88,1.96,3.49,14.29,3.49,1.45,0.8,0.71,0.79,2.52,1.28,0,0,1.92
1/31/1970,0.23,14.16,2.26,1.77,9.02,49.49,13.96,9.6,15.8,56.95,18.18,7.57,3.21,3.72,3.64,11.54,2.4,5.51,1.25,3.6
2/28/1970,0.59,3.66,0.91,0.71,6.56,21.14,5.96,3.83,5.9,18.25,5.08,2.12,1.03,1.04,0.94,2.99,1.29,2.11,0.48,1.93
3/31/1970,0.17,6.45,2.24,1.76,8.03,27.88,7.86,6.84,8.93,20.73,5.22,2.17,1.17,1.07,1.71,5.4,2.49,2.52,0.57,3.74
4/30/1970,0.17,1.35,4.14,3.25,10.68,28.98,8.18,10.66,13.29,22.84,2.85,1.19,1.29,0.58,0.23,0.73,5.3,0.98,0.22,7.95
5/31/1970,0.1,0.76,14.36,11.28,26.75,53.48,15.09,24.07,30.78,34.81,4.68,1.95,1.96,0.96,1.68,5.33,13.56,0.64,0.15,20.34
6/30/1970,0.05,0.48,15.29,12.01,25.72,37.16,10.48,9.59,17.14,10.46,2.06,0.86,0.59,0.42,0.94,2.98,8.79,0.98,0.22,13.19
7/31/1970,0.01,0.29,6.44,5.06,9.22,0.7,0.2,2.32,2.13,1.57,0.59,0.25,0.09,0.12,0.1,0.32,1.24,0.82,0.18,1.86
8/31/1970,0.01,0.13,1.67,1.32,2.65,1.43,0.4,2.02,0.02,0.78,0.42,0.17,0.04,0.09,0.19,0.6,0.53,0.91,0.21,0.8
9/30/1970,0.02,0.1,0.64,0.51,1.75,0,0,0.8,0.05,0.32,0.17,0.07,0.02,0.03,0,0,0.88,0,0,1.32
10/31/1970,0,0.08,0.48,0.37,1.7,0.2,0.06,0.02,0,0.87,0.2,0.08,0.05,0.04,0,0,0.51,0.54,0.12,0.76
11/30/1970,0.1,1.82,0.8,0.63,2.78,7.12,2.01,0.68,1.05,6.09,2,0.83,0.34,0.41,0.45,1.42,0.35,0.46,0.1,0.52
12/31/1970,0.22,7.52,0.75,0.59,2.75,10.26,2.89,0.72,2.23,6.73,3.49,1.45,0.38,0.71,0.75,2.39,0.64,1.75,0.4,0.96
1/31/1971,2.26,3.48,3.11,2.44,3.78,5.37,1.52,1.72,4.59,11.48,3.95,1.64,0.65,0.81,0.77,2.45,1.17,1.2,0.27,1.75
2/28/1971,2.75,1.13,2.4,1.88,4.55,4.14,1.17,2.29,5.03,14.08,3.71,1.54,0.79,0.76,0.79,2.49,1.51,0.98,0.22,2.26
3/31/1971,1.71,2.89,1.31,1.03,5.13,14.78,4.17,4.92,7.33,20.7,5.66,2.36,1.17,1.16,1.08,3.42,2.49,2.83,0.64,3.73
4/30/1971,0.51,1.3,3.27,2.57,10.75,29.76,8.39,12.42,16.13,31.2,7.01,2.92,1.76,1.44,1.7,5.38,4.71,1.94,0.44,7.06
5/31/1971,0.18,0.68,11.23,8.82,21.23,48.87,13.78,20.34,26.58,40.78,5.87,2.44,2.3,1.2,1.48,4.7,8.13,1.01,0.23,12.2
6/30/1971,0.1,0.46,18.87,14.82,34.01,33.8,9.53,13.25,24.06,16.34,3.01,1.25,0.92,0.62,1.25,3.97,13.07,0,0,19.61
7/31/1971,0.11,0.32,8.82,6.93,13.74,11.99,3.38,1.08,4.77,2.09,0.95,0.4,0.12,0.19,0.28,0.88,2.5,0.29,0.06,3.74
8/31/1971,0.07,0.14,1.82,1.43,3.34,1.34,0.38,0.64,1.22,0.67,0.43,0.18,0.04,0.09,0.16,0.51,1.14,0.22,0.05,1.72
9/30/1971,0.02,0.1,0.9,0.71,1.91,0,0,0.65,0.17,0.47,0.13,0.05,0.03,0.03,0,0,0.96,0,0,1.43
10/31/1971,0.05,0.02,0.61,0.48,1.89,0.5,0.14,0.81,0.29,0.17,0.25,0.1,0.01,0.05,0,0,0.08,1.11,0.25,0.13
11/30/1971,0.26,0.32,0.7,0.55,2.13,3.04,0.86,1.97,0.72,1.35,1.14,0.47,0.08,0.23,0.29,0.91,0.11,0.73,0.16,0.16
12/31/1971,1.11,3.72,0.64,0.5,2.62,7.17,2.02,2.18,0.6,2.46,2.48,1.03,0.14,0.51,0.56,1.76,0.28,0.78,0.18,0.42
1/31/1972,1.2,1.07,1.55,1.22,1.94,1.66,0.47,1.87,0.41,2.97,1.58,0.66,0.17,0.32,0.3,0.95,0.65,1.26,0.29,0.98
2/29/1972,0.3,2.79,0.42,0.33,2.23,6.42,1.81,2.16,2.14,5.74,2.79,1.16,0.32,0.57,0.59,1.87,0.92,1.29,0.29,1.37
3/31/1972,2.21,0.8,4.1,3.22,9.02,14.31,4.04,9.32,15.22,29.59,7.34,3.06,1.67,1.5,1.42,4.49,2.89,0.71,0.16,4.34
4/30/1972,1.32,0.78,3.13,2.46,8.58,27.16,7.66,12.69,14.38,23.62,4.98,2.07,1.33,1.02,1.2,3.79,4.14,0.86,0.19,6.22
5/31/1972,0.23,0.46,14.5,11.39,23.54,41.44,11.69,19.28,26.17,26.93,3.99,1.66,1.52,0.82,1.43,4.52,11.25,0,0,16.87
6/30/1972,0.11,0.23,12.59,9.89,21.29,17.98,5.07,5.33,12.21,4.25,1.3,0.54,0.24,0.27,0.63,1.98,5.98,0.57,0.13,8.97
7/31/1972,0.12,0.05,2.86,2.25,5.4,1.76,0.5,0.34,1.65,0.51,0.44,0.18,0.03,0.09,0.11,0.34,0.5,0.92,0.21,0.75
8/31/1972,0.03,0.04,0.81,0.64,2.21,0,0,0.79,0.62,0.19,0.09,0.04,0.01,0.02,0,0,0.77,0,0,1.15
9/30/1972,0.03,0.07,0,0,1.68,0,0,0.86,0,0.04,0.09,0.04,0,0.02,0,0,0.46,0.1,0.02,0.69
10/31/1972,0.02,0,2.51,1.97,1.92,0.93,0.26,0.72,0.83,0,0.46,0.19,0,0.09,0,0,0.33,0.53,0.12,0.5
11/30/1972,0.05,0.46,0.95,0.75,1.96,1.6,0.45,1.17,0.14,0.63,0.97,0.4,0.04,0.2,0.23,0.74,0.27,0.7,0.16,0.41
12/31/1972,0.11,1.04,0.91,0.72,3.63,5.6,1.58,2.11,1.49,5.81,2.18,0.91,0.33,0.45,0.43,1.35,0.88,0.3,0.07,1.33
1/31/1973,0.21,10.69,1.16,0.91,3.12,8.33,2.35,1.56,3.06,10.33,5.71,2.38,0.58,1.17,3.02,9.57,2.15,0.51,0.12,3.23
2/28/1973,1.08,13.02,0.9,0.71,2.25,7.38,2.08,1.75,2.42,6.71,6.62,2.76,0.38,1.36,3.7,11.7,1.2,3.67,0.83,1.79
3/31/1973,2.31,8.06,1.03,0.81,2.96,11.44,3.23,3.73,3.39,11.8,6.54,2.72,0.66,1.34,3.32,10.52,1.86,3.95,0.89,2.79
4/30/1973,0.76,2.41,4.6,3.61,11.22,37.38,10.54,13.49,17.64,38.64,8.58,3.57,2.18,1.76,1.53,4.84,5.18,2.91,0.66,7.77
5/31/1973,0.28,0.84,23.25,18.27,44.07,87.48,24.67,35.52,47.19,62.75,9.13,3.8,3.53,1.87,0.25,0.8,14.82,3.6,0.82,22.23
6/30/1973,0.05,0.49,16.47,12.94,31.35,30.4,8.58,8.75,16.51,14.01,2.02,0.84,0.79,0.41,0.61,1.94,9.37,0.96,0.22,14.05
7/31/1973,0.04,0.52,5.32,4.18,7.03,6.16,1.74,0.5,1.9,1.47,0.64,0.27,0.08,0.13,0,0,1.06,1.27,0.28,1.59
8/31/1973,0.02,0.31,1.09,0.85,3.21,1.87,0.53,0.69,0.55,0.63,0.25,0.1,0.04,0.05,0,0,0.46,0,0,0.69
9/30/1973,0.01,0.09,0.76,0.6,2.13,1.5,0.42,0.07,0.43,0.27,0.22,0.09,0.02,0.05,0,0,0.83,0,0,1.24
10/31/1973,0.03,0.26,0.83,0.66,2.46,0.37,0.1,1.14,0.6,0.61,0.41,0.17,0.03,0.08,0.15,0.48,0.28,0.71,0.16,0.42
11/30/1973,0.05,1.23,5.98,4.7,7.09,8.54,2.41,3.45,11.72,19.16,5.09,2.12,1.08,1.04,0.86,2.74,1.08,0.4,0.09,1.62
12/31/1973,0.04,5.26,1.64,1.29,4.85,16.94,4.78,3.94,4.74,15.63,5.22,2.17,0.88,1.07,0,0,1.05,1.93,0.44,1.58
1/31/1974,0.05,5.69,1.77,1.39,6.57,22.06,6.22,6.61,8.41,31.79,8.15,3.39,1.79,1.67,0,0,1.83,2.03,0.46,2.75
2/28/1974,0.09,1.42,1.18,0.93,4.84,18.28,5.16,3.07,3.22,10.89,3.32,1.38,0.61,0.68,0,0,1.49,1.83,0.42,2.24
3/31/1974,0.12,10.47,2.34,1.84,7.06,28.15,7.94,8.31,9.82,31.58,9.83,4.09,1.78,2.01,1.73,5.47,2.74,3.49,0.79,4.11
4/30/1974,0.08,6.22,5.36,4.22,12.59,35.59,10.04,13.04,15.75,34.59,8.89,3.7,1.95,1.82,3.92,12.41,5.41,3.54,0.8,8.11
5/31/1974,0.04,1.07,17.72,13.92,41.09,74.81,21.1,31.8,41.8,51.36,7.35,3.06,2.89,1.51,1.49,4.73,16.38,3.06,0.69,24.58
6/30/1974,0.01,0.54,19.91,15.64,40.33,36.39,10.26,11.8,22.74,14.8,2.44,1.02,0.83,0.5,0,0,11.65,0.1,0.02,17.48
7/31/1974,0.01,0.59,9.52,7.48,12.08,12.28,3.47,1.84,4.39,3.19,0.85,0.35,0.18,0.17,0,0,1.95,0.7,0.16,2.93
8/31/1974,0.02,0.16,3.46,2.72,4.71,3.73,1.05,0.84,2.38,0.93,0.71,0.3,0.05,0.15,0.01,0.05,0.69,0.47,0.11,1.03
9/30/1974,0,0.13,1.08,0.85,2.35,0,0,0.01,0.59,0,0.31,0.13,0,0.06,0.12,0.39,0.62,0.55,0.12,0.93
10/31/1974,0,0.11,0.83,0.65,2.14,1.93,0.54,1.4,0,0.39,0,0,0.02,0,0,0,0.87,0.33,0.07,1.3
11/30/1974,0,0.24,0.84,0.66,2.12,1.38,0.39,1.38,0.29,1.04,0.56,0.23,0.06,0.11,0.25,0.78,0.31,0.42,0.09,0.47
12/31/1974,0,0.51,0.41,0.32,2.18,1.85,0.52,1.11,0.07,1.86,1.33,0.55,0.1,0.27,0.4,1.26,0,0.33,0.07,0
1/31/1975,0.03,1,0.58,0.46,2.18,3.27,0.92,1.23,0.26,3.48,1.32,0.55,0.2,0.27,0.18,0.57,0.73,0.29,0.07,1.1
2/28/1975,0.04,5.11,0.5,0.4,3.33,3.69,1.04,1.49,0.81,5.57,3.44,1.43,0.31,0.7,1.3,4.12,0.97,1.16,0.26,1.45
3/31/1975,0.04,10.92,0.7,0.55,3.67,13.33,3.76,2.64,3.19,14.86,7.29,3.04,0.84,1.49,1.6,5.08,2.63,2.54,0.58,3.95
4/30/1975,0.03,3.59,2.34,1.84,4.51,16.12,4.55,2.95,5.32,17.18,6.39,2.66,0.97,1.31,0.49,1.54,4,3.23,0.73,5.99
5/31/1975,0.03,1.34,15.94,12.52,34.14,83.5,23.55,31.54,40.81,70.39,14.29,5.95,3.96,2.93,0,0,9.03,1.04,0.24,13.55
6/30/1975,0.01,0.24,23.01,18.08,44.78,59.65,16.82,25.93,33.54,42.2,5.45,2.27,2.38,1.12,1.6,5.08,17.18,0,0,25.76
7/31/1975,0.03,0.17,10.67,8.38,15.14,14.65,4.13,2.14,6.19,3.97,0.96,0.4,0.22,0.2,0,0,3.66,0,0,5.48
8/31/1975,0.02,0.1,2.31,1.81,3.65,4.51,1.27,0,2.07,0.66,0.51,0.21,0.04,0.1,0.19,0.61,1.2,0,0,1.8
9/30/1975,0,0.06,0.99,0.78,2.26,3.15,0.89,1.15,0.82,1.09,0.44,0.18,0.06,0.09,0,0,0.46,0.98,0.22,0.7
10/31/1975,0,0.16,2.37,1.87,3.41,4.75,1.34,1.72,1.74,3.3,1.62,0.67,0.19,0.33,0,0,1.41,0,0,2.12
11/30/1975,0,0.26,1.73,1.36,3.68,6.63,1.87,1.36,1.67,4.87,1.33,0.55,0.27,0.27,0,0,1.41,0.2,0.05,2.12
12/31/1975,0.13,0.21,0.71,0.56,2.72,4.06,1.14,1.03,1.72,3.05,1.16,0.48,0.17,0.24,0,0,0.87,0.58,0.13,1.3
1/31/1976,1.89,0.23,0.53,0.42,2.29,3.24,0.91,0.8,2.87,2.12,1,0.42,0.12,0.2,0,0,0.38,0.15,0.03,0.58
2/29/1976,1.48,0.41,0.86,0.68,2.08,3.36,0.95,1.54,0.6,3.02,1.04,0.43,0.17,0.21,0,0,0.59,0.05,0.01,0.88
3/31/1976,1.72,0.54,1.15,0.91,3.2,7.81,2.2,4.18,2.96,7.84,2.08,0.87,0.44,0.43,0.08,0.26,1.33,0.23,0.05,2
4/30/1976,1.61,0.37,2.65,2.08,5.16,12.7,3.58,7.68,7.52,10.44,2.43,1.01,0.59,0.5,0.78,2.46,3.53,0,0,5.29
5/31/1976,0.41,0.19,8.33,6.55,15.55,18.33,5.17,6.59,11.69,9.11,1.74,0.72,0.51,0.36,0.61,1.92,4.55,0,0,6.82
6/30/1976,0.11,0.07,2.64,2.08,4.97,4.24,1.2,0.53,2.35,0.71,0.22,0.09,0.04,0.05,0,0,0.96,0.61,0.14,1.43
7/31/1976,0.03,0.07,0.93,0.73,1.89,1.43,0.4,0.22,1.61,0,0.01,0,0,0,0,0,0.52,0.44,0.1,0.78
8/31/1976,0.01,0.12,1.26,0.99,1.66,1.41,0.4,1.37,0,0.24,0.1,0.04,0.01,0.02,0.05,0.16,0.73,0,0,1.09
9/30/1976,0.04,0,0.81,0.63,1.33,1.2,0.34,0,0.97,0,0.32,0.13,0,0.07,0.35,1.12,0,0,0,0
10/31/1976,0,0,0.61,0.48,1.41,0.95,0.27,0.96,0,0.05,0.1,0.04,0,0.02,0,0,0,0.01,0,0
11/30/1976,0.03,0.02,0.43,0.34,1.25,0.67,0.19,0.61,0.1,0.25,0.27,0.11,0.01,0.06,0,0,0,0,0,0
12/31/1976,0.08,0.02,0.52,0.41,1.03,0.27,0.08,0.42,0.13,0.21,0.2,0.08,0.01,0.04,0,0,0,0,0,0
1/31/1977,0.92,0.13,0.43,0.34,1.17,0.71,0.2,0.6,0.16,0.6,0.32,0.13,0.03,0.07,0,0,0.27,0,0,0.41
2/28/1977,1.95,0.17,0.3,0.23,1.28,1.34,0.38,1.08,0.25,0.98,0.42,0.17,0.06,0.09,0,0,0.29,0.01,0,0.43
3/31/1977,1.97,0.18,0.53,0.42,1.59,2.01,0.57,2.04,0.34,1.87,0.78,0.32,0.11,0.16,0.04,0.11,0.93,0.01,0,1.4
4/30/1977,0.56,0.15,2.69,2.12,4.24,5.27,1.49,2.5,4.08,3.4,1.83,0.76,0.19,0.37,0.32,1.02,3.3,0,0,4.96
5/31/1977,0.25,0.15,3.12,2.45,4.83,8.21,2.31,2.26,6.74,6.64,1.3,0.54,0.37,0.27,1.83,5.8,2.22,0,0,3.32
6/30/1977,0.08,0.05,5.78,4.54,6.85,4.35,1.23,1.92,4.78,1.58,0.56,0.23,0.09,0.11,1.95,6.18,1.22,0,0,1.83
7/31/1977,0.05,0.15,0,0,1.41,1.45,0.41,0,2.09,0.07,0,0,0,0,0,0,0,0.01,0,0
8/31/1977,0,0.1,0.58,0.45,0.78,0.47,0.13,0.67,0.19,0,0,0,0,0,0,0,0.62,0,0,0.93
9/30/1977,0,0,0.7,0.55,0.61,0.48,0.14,0.84,0,0,0.1,0.04,0,0.02,0.05,0.17,0,0,0,0
10/31/1977,0.01,0,0.05,0.04,0.74,0.37,0.11,0.67,0,0.06,0,0,0,0,0,0,0,0.38,0.08,0
11/30/1977,0.08,0.01,0.39,0.31,1.18,0.73,0.21,0,0,0.43,0.21,0.09,0.02,0.04,0,0,0,0,0,0
12/31/1977,0.24,0.61,0.67,0.53,1.89,6.69,1.89,0.89,0.16,7.61,1.95,0.81,0.43,0.4,0.73,2.31,0,0.29,0.06,0
1/31/1978,2.77,8.95,0.59,0.46,2,9.26,2.61,1.13,2.02,13.47,5.18,2.16,0.76,1.06,3.36,10.65,1.23,1.8,0.41,1.85
2/28/1978,2.44,7.02,0.55,0.43,2.18,10.82,3.05,1.63,2.7,11.58,5.32,2.22,0.65,1.09,1.78,5.63,1.38,2.76,0.62,2.07
3/31/1978,1.07,8.15,5.29,4.16,5.75,30.71,8.66,7.26,11.05,36.86,11.58,4.82,2.08,2.37,0.28,0.89,2.96,4.22,0.95,4.44
4/30/1978,0.39,7.63,4.15,3.26,9.75,37.51,10.58,12.24,16.24,39.77,11.61,4.83,2.24,2.38,3.77,11.94,5.28,3.83,0.87,7.92
5/31/1978,0.16,1.93,14.96,11.75,32.38,79.15,22.32,33.38,39.53,62.92,10.5,4.37,3.54,2.15,1.89,5.97,15.3,1.21,0.27,22.95
6/30/1978,0.11,0.5,23.39,18.38,44.16,57.3,16.16,22.04,29.36,35.64,4.58,1.91,2.01,0.94,0.13,0.42,17.47,0.54,0.12,26.21
7/31/1978,0.1,0.16,15.29,12.01,20.2,17.46,4.92,2.83,8.02,3.34,1.2,0.5,0.19,0.25,0,0,5.94,0,0,8.91
8/31/1978,0.05,0.04,5.03,3.96,5.29,4.55,1.28,1.29,1.25,0.5,0.38,0.16,0.03,0.08,0,0,0.68,0.73,0.17,1.02
9/30/1978,0.05,0.2,4.05,3.18,4.02,4.52,1.27,1.24,1.12,1.53,1.04,0.43,0.09,0.21,0.84,2.65,0.28,0.69,0.15,0.41
10/31/1978,0,0,1.24,0.98,2.2,2.16,0.61,1.03,1.61,0.58,0.64,0.27,0.03,0.13,0.14,0.43,0.75,0.46,0.1,1.13
11/30/1978,0.02,0.13,0.84,0.66,1.92,1.36,0.38,1.04,0.2,1.1,0.45,0.19,0.06,0.09,0,0,0.35,0.78,0.18,0.52
12/31/1978,0.06,0.39,0.87,0.68,2.33,1.27,0.36,1.14,0.73,0.86,0.88,0.37,0.05,0.18,0.09,0.3,0.65,0.46,0.11,0.97
1/31/1979,0.59,4.33,1.02,0.8,2.62,8.16,2.3,2.04,0.95,6.91,3.79,1.58,0.39,0.78,1.8,5.71,1.27,1.04,0.24,1.91
2/28/1979,0.2,9.22,0.68,0.53,2.18,6.01,1.69,1.71,1.94,4.09,5.43,2.26,0.23,1.11,3.47,10.98,1.19,1.6,0.36,1.78
3/31/1979,0.78,9.32,2.1,1.65,4.92,17.09,4.82,3.41,6.03,17,8.36,3.48,0.96,1.71,2.77,8.78,2.38,3.91,0.89,3.57
4/30/1979,0.22,2.65,4.69,3.69,10.46,32.93,9.29,11.31,16.93,33.2,8.57,3.57,1.87,1.75,2.49,7.88,5.31,2.42,0.55,7.96
5/31/1979,0.05,1.19,19.39,15.24,37.91,75.7,21.35,30.37,40.76,56.97,8.46,3.52,3.21,1.73,3.5,11.08,15.76,2.6,0.59,23.63
6/30/1979,0.06,0.4,14.03,11.03,27.4,23.42,6.61,7.12,14.33,9.67,1.69,0.7,0.54,0.35,0.92,2.91,7.65,0,0,11.47
7/31/1979,0.03,0.25,5.14,4.04,6.42,5.11,1.44,0.15,2.41,1.92,0.46,0.19,0.11,0.09,0,0,0.89,1.09,0.25,1.33
8/31/1979,0.03,0,1.55,1.22,2.6,2.23,0.63,0.12,0.6,0.75,0.32,0.13,0.04,0.07,0,0,0.67,0.32,0.07,1
9/30/1979,0,0.02,0.85,0.66,1.63,1.4,0.4,0.46,0.33,0.13,0.33,0.14,0.01,0.07,0.16,0.49,0.37,0.66,0.15,0.56
10/31/1979,0,0.06,1.48,1.16,1.97,1.4,0.39,1.24,0.08,0.75,0.41,0.17,0.04,0.08,0,0,0.85,0.38,0.08,1.27
11/30/1979,0.36,0.38,0.73,0.57,2.15,1.84,0.52,2.46,0.58,3,1.16,0.48,0.17,0.24,0.7,2.23,0.59,0.97,0.22,0.88
12/31/1979,0.87,1.13,0.92,0.72,2.51,3.87,1.09,2.29,1.15,4.02,1.67,0.7,0.23,0.34,0.35,1.12,0.59,0.28,0.06,0.89
1/31/1980,2.91,13.07,4.4,3.46,12.76,59.51,16.79,9.61,19.47,74.17,19.1,7.95,4.18,3.91,0,0,2.83,3.14,0.71,4.24
2/29/1980,2.49,11.52,2.12,1.67,6.97,30.75,8.67,5.7,8.57,36.28,13.23,5.51,2.04,2.71,3.74,11.83,1.92,6.82,1.55,2.88
3/31/1980,3.08,5.08,1.49,1.17,6.7,21.01,5.93,5.36,5.45,22.54,4.98,2.07,1.27,1.02,2.31,7.31,2.55,3.64,0.82,3.82
4/30/1980,3.43,1.86,6.77,5.32,16.72,41.67,11.75,16.2,20.74,37.73,6.99,2.91,2.12,1.43,0,0,7.41,1.21,0.28,11.12
5/31/1980,0.42,0.77,15.68,12.32,36.56,70.59,19.91,28.03,34.57,45.7,6.51,2.71,2.57,1.33,0,0,13.72,1.94,0.44,20.58
6/30/1980,0.16,0.52,19.84,15.59,41.74,47.82,13.49,18.69,29.29,28.02,3.67,1.53,1.58,0.75,1.1,3.49,14.57,0,0,21.85
7/31/1980,0.1,0.49,18.33,14.4,29.77,16.6,4.68,4.07,11.52,6.48,1.65,0.69,0.37,0.34,0.15,0.47,6.59,0,0,9.87
8/31/1980,0.04,0.23,4.52,3.55,6.87,3.82,1.08,0,2.16,1.15,0.76,0.32,0.06,0.16,0.12,0.39,0.86,0.4,0.09,1.29
9/30/1980,0.05,0.22,1.68,1.32,3.41,2.39,0.67,0.28,0.89,0.75,0.56,0.23,0.04,0.11,0,0,0,0.95,0.22,0
10/31/1980,0.17,0.02,1.16,0.91,2.55,1.59,0.45,0.81,0.66,0.47,0.43,0.18,0.03,0.09,0,0,0.01,0.31,0.07,0.02
11/30/1980,1.12,0.1,0.63,0.49,2.11,1.14,0.32,0.04,0.09,0.35,0.44,0.18,0.02,0.09,0,0,0,0.09,0.02,0
12/31/1980,1.88,0.3,0.9,0.7,2,0,0,0.41,0.08,1.06,0.55,0.23,0.06,0.11,0.09,0.27,0.19,0.15,0.03,0.29
1/31/1981,2.89,2.79,0.9,0.71,1.59,2.17,0.61,0.25,0.04,0.57,1.98,0.82,0.03,0.41,1.01,3.2,0.31,0.55,0.12,0.47
2/28/1981,3.18,0.96,0.98,0.77,2.52,4.58,1.29,2.67,0.67,5.93,2.04,0.85,0.33,0.42,0.1,0.31,0.94,0.78,0.18,1.41
3/31/1981,5.58,3.68,1.14,0.9,3.25,7.43,2.1,2.51,3.74,10.02,4.37,1.82,0.56,0.89,1.47,4.67,1.13,1.76,0.4,1.7
4/30/1981,1.54,1.06,6.81,5.35,12.99,29.29,8.26,15.16,19.78,27.76,6.41,2.67,1.56,1.31,0.65,2.07,6.2,0.65,0.15,9.3
5/31/1981,1.05,0.26,12.3,9.67,21.05,28.97,8.17,13.45,20.92,21.54,2.96,1.23,1.21,0.61,2.12,6.7,9.39,0,0,14.08
6/30/1981,0.29,0.27,8.27,6.5,12.19,11.12,3.13,2.3,6.44,2.58,0.71,0.3,0.15,0.15,0,0,3.08,0.02,0,4.61
7/31/1981,0.16,0.14,1.89,1.49,2.43,2.81,0.79,0.16,1.27,0.64,0.15,0.06,0.04,0.03,0,0,0.13,0.09,0.02,0.2
8/31/1981,0.08,0.15,0.89,0.7,1.35,1.33,0.37,0.09,0.25,0,0.1,0.04,0,0.02,0,0,0.07,0,0,0.1
9/30/1981,0.07,0.02,0.45,0.35,1.11,0.7,0.2,0.12,0.33,0,0.21,0.09,0,0.04,0.2,0.62,0.08,0,0,0.11
10/31/1981,0.09,0.02,1.21,0.95,1.6,1.79,0.5,0.43,0.99,0.92,0.36,0.15,0.05,0.07,0.11,0.35,0.45,0.13,0.03,0.68
11/30/1981,1.66,1.68,3.79,2.98,3.96,14.47,4.08,8.54,9,20.19,4.96,2.07,1.14,1.02,0.81,2.57,3.44,1.45,0.33,5.15
12/31/1981,2.64,4.1,3.5,2.75,8.26,25.47,7.18,10.67,15.18,44.61,9.01,3.75,2.51,1.85,2.35,7.45,4.36,2.12,0.48,6.53
1/31/1982,0.64,13.75,2.13,1.67,4.69,16.15,4.56,3.14,4.77,15.46,8.52,3.55,0.87,1.74,0.91,2.89,1.73,3.09,0.7,2.59
2/28/1982,0.8,11.75,2.77,2.18,10.87,55.62,15.69,10.29,14.44,60.9,16.98,7.07,3.43,3.48,2.7,8.56,5.31,7.12,1.61,7.96
3/31/1982,0.74,14.56,3.26,2.56,8.26,31.44,8.87,5.94,7.57,30.36,11.02,4.59,1.71,2.26,1.45,4.59,2.67,4.99,1.13,4
4/30/1982,0.33,16.23,9.18,7.21,20.67,67.86,19.14,18.32,26.29,70.63,13.26,5.52,3.98,2.72,3.66,11.6,9.36,8.75,1.98,14.04
5/31/1982,0.19,1.98,22.09,17.36,51.98,88.85,25.06,34.16,44.45,71.14,8.38,3.49,4.01,1.72,3.83,12.13,17.08,2.39,0.54,25.62
6/30/1982,0.1,0.77,20.69,16.26,50.69,44.95,12.68,16.42,27.23,25.3,2.9,1.21,1.42,0.59,2.03,6.41,13.54,1.17,0.27,20.3
7/31/1982,0.05,0.47,16.11,12.66,29.35,19.14,5.4,3.51,10.08,5.59,1.38,0.57,0.31,0.28,1.27,4.02,4.31,1.06,0.24,6.46
8/31/1982,0.02,0.2,6.28,4.93,7.32,5.82,1.64,0.11,1.06,2.01,0.42,0.17,0.11,0.09,0.53,1.67,0.4,0.25,0.06,0.61
9/30/1982,0,0.26,5.55,4.36,5.34,4.81,1.36,0,0.24,0.49,1.47,0.61,0.03,0.3,0.51,1.62,1.42,0.25,0.06,2.12
10/31/1982,0.04,0.81,5.87,4.61,7.81,13.86,3.91,9.1,11.3,18.07,4.4,1.83,1.02,0.9,0.71,2.24,3.83,0.71,0.16,5.75
11/30/1982,0.27,5.31,2.64,2.08,7,14.21,4.01,4.36,5.6,11.95,5.67,2.36,0.67,1.16,0.99,3.14,1.94,1.88,0.43,2.92
12/31/1982,0.23,8.88,1.93,1.52,5.52,18.02,5.08,2.46,4.38,17.39,7.81,3.25,0.98,1.6,1.37,4.34,1.73,4.43,1.01,2.6
1/31/1983,0.17,13.67,1.67,1.31,5.2,15.56,4.39,2.37,3.89,16.85,9.12,3.8,0.95,1.87,1.83,5.81,1.66,4.13,0.94,2.48
2/28/1983,0.55,15.04,1.56,1.22,4.63,17.96,5.06,2.87,4.13,24.38,12.65,5.27,1.37,2.59,3.09,9.8,1.54,7.11,1.61,2.32
3/31/1983,0.76,26.36,1.79,1.4,7.52,38.49,10.86,3.91,6.57,48.05,20.25,8.43,2.71,4.15,5.41,17.15,2.7,10.92,2.48,4.05
4/30/1983,0.25,7.29,1.99,1.57,7.84,27.51,7.76,4.99,7.3,32.13,7.75,3.23,1.81,1.59,3.77,11.93,2.41,4.57,1.04,3.62
5/31/1983,0.08,4.98,15.75,12.37,40.16,103.48,29.19,32.73,41.43,93.96,14.16,5.9,5.29,2.9,6.4,20.26,13.81,4.12,0.94,20.71
6/30/1983,0.06,1.39,32.21,25.31,79.14,135.39,38.19,50.82,65.35,99.67,10.87,4.53,5.61,2.23,4.94,15.65,25.44,0.18,0.04,38.15
7/31/1983,0.05,0.78,23.54,18.5,53.03,50.56,14.26,18.99,29.08,27.39,3.42,1.42,1.54,0.7,0,0,16.97,0.29,0.06,25.45
8/31/1983,0.04,0.38,11.46,9.01,18.34,12.37,3.49,2.17,4.46,1.72,1.51,0.63,0.1,0.31,0.39,1.24,3.05,0.38,0.09,4.57
9/30/1983,0.03,0.34,4.41,3.46,6.29,4.83,1.36,1.47,2.81,3.84,1.19,0.5,0.22,0.24,0.11,0.35,1.01,0.25,0.06,1.52
10/31/1983,0.03,0.42,2.6,2.04,4.21,3.76,1.06,1.64,1.69,1.5,1.06,0.44,0.08,0.22,0.28,0.87,0.72,0.33,0.07,1.08
11/30/1983,0.12,7.83,4.54,3.57,8.69,32.84,9.26,10.85,13.67,47.88,11.12,4.63,2.7,2.28,1.93,6.1,5.07,2.76,0.63,7.61
12/31/1983,0.17,12.49,3.05,2.4,8.76,40.9,11.54,7.66,11.07,53.84,7.98,3.32,3.03,1.63,3.18,10.08,3.9,6.11,1.39,5.85
1/31/1984,0.4,3.01,2.52,1.98,8.12,23.19,6.54,4.49,6.54,16.55,7.47,3.11,0.93,1.53,2.08,6.58,2.26,2.11,0.48,3.39
2/29/1984,5.9,3.76,1.33,1.05,5.57,14.02,3.96,3.28,4.71,10.14,3.79,1.58,0.57,0.78,1.62,5.14,1.69,1.87,0.42,2.53
3/31/1984,2.63,3.51,3,2.35,9.04,23.48,6.62,7.85,9.05,24.35,5.02,2.09,1.37,1.03,2.16,6.86,3.09,2.19,0.5,4.64
4/30/1984,0.4,1.58,5.49,4.31,15.98,28.55,8.05,12.07,12.19,28.31,3.66,1.52,1.59,0.75,2.04,6.47,4.72,1.26,0.28,7.08
5/31/1984,0.2,0.9,19.28,15.15,47.93,54.68,15.42,26.62,35.79,28.51,5.18,2.16,1.6,1.06,1.91,6.05,16.67,0.67,0.16,25.01
6/30/1984,0.08,0.49,14.51,11.4,36.48,23.36,6.59,8.42,16,11.26,1.77,0.74,0.63,0.36,0.91,2.88,8.03,0.92,0.21,12.04
7/31/1984,0.03,0.25,7.69,6.04,11.99,8.06,2.27,1.13,2.07,1.98,0.89,0.37,0.11,0.18,0.38,1.19,1.15,0.26,0.06,1.72
8/31/1984,0.02,0.1,2.31,1.81,3.62,2.75,0.77,0.12,0.44,0,0.43,0.18,0,0.09,0.28,0.89,0.08,0.15,0.04,0.12
9/30/1984,0.02,0,2.89,2.27,2.04,1.53,0.43,0.09,0,5.05,0,0,0.28,0,0.54,1.71,0.02,0.05,0.01,0.03
10/31/1984,0.02,0.21,0,0,2.42,1.98,0.56,0.53,0.2,1.04,0.49,0.2,0.06,0.1,0.07,0.23,0.42,0.07,0.02,0.64
11/30/1984,0.03,1.27,1.58,1.24,2.85,4.71,1.33,2.04,1.53,4.6,2.39,1,0.26,0.49,2.34,7.41,1.17,0.86,0.19,1.76
12/31/1984,0.05,1.1,0.91,0.71,2.25,5.19,1.46,1.73,1.29,3.55,1.56,0.65,0.2,0.32,1.6,5.07,0.58,0.51,0.11,0.88
1/31/1985,0.08,0.82,0.76,0.59,4.03,2.51,0.71,0.85,1.49,3.71,1.32,0.55,0.21,0.27,0.4,1.28,0.6,0.46,0.1,0.9
2/28/1985,0.25,2.62,0.99,0.77,3.07,4.68,1.32,3.2,2.65,5.5,2.54,1.06,0.31,0.52,0.29,0.91,0.82,0.02,0,1.23
3/31/1985,0.58,3.6,1.77,1.39,4.02,10.24,2.89,4.12,4.52,10.56,4.14,1.72,0.59,0.85,0.56,1.76,1.37,0.77,0.17,2.06
4/30/1985,0.09,1.18,7.13,5.6,17.02,42.16,11.89,16.5,23.82,37.13,6.92,2.88,2.09,1.42,1.48,4.69,7.31,1.44,0.33,10.97
5/31/1985,0.02,0.38,12.14,9.53,25.63,31.64,8.93,12.93,20.7,22.13,2.81,1.17,1.25,0.58,0.63,1.99,9.72,0.17,0.04,14.59
6/30/1985,0,0.29,8.15,6.41,11.63,11.01,3.11,2.08,5.23,3.38,0.81,0.34,0.19,0.17,0.21,0.66,2.44,0.37,0.08,3.67
7/31/1985,0,0.22,1.87,1.47,2.95,2.79,0.79,0.23,0.88,0.99,0.15,0.06,0.06,0.03,0.42,1.34,0.12,0.25,0.05,0.18
8/31/1985,0.01,0.21,0.91,0.71,1.59,1.6,0.45,0.1,0.24,0.48,0,0,0.03,0,0.17,0.53,0.02,0.14,0.03,0.03
9/30/1985,0.01,0.14,0.61,0.48,1.81,0.92,0.26,0.3,0.65,1.03,0.11,0.05,0.06,0.02,0.58,1.85,0.29,0.08,0.02,0.43
10/31/1985,0,0.15,2.52,1.98,2.08,2.38,0.67,0.31,0.36,0.93,0,0,0.05,0,0.26,0.82,0.64,0.06,0.01,0.96
11/30/1985,0,0.57,0.81,0.64,1.92,1.39,0.39,1.05,0,0.16,1.91,0.8,0.01,0.39,0.59,1.87,0.43,0.48,0.11,0.65
12/31/1985,0.02,0.81,1.49,1.17,2.57,6.2,1.75,1.86,1.05,6.82,2.19,0.91,0.38,0.45,0.71,2.25,1.09,1.09,0.25,1.63
1/31/1986,0.15,1.87,1.87,1.47,3.71,16.56,4.67,5.57,7.82,21.38,4.72,1.97,1.2,0.97,1.11,3.52,2.2,1.15,0.26,3.29
2/28/1986,0.05,27.9,3.11,2.44,8.5,70.73,19.95,11.43,17.25,85,27.15,11.3,4.79,5.56,4.2,13.3,5.19,9.75,2.21,7.79
3/31/1986,0.09,12.43,5.41,4.25,17.75,63.81,18,16.43,23,66.56,13.46,5.6,3.75,2.76,3.15,9.97,6.48,6.33,1.44,9.72
4/30/1986,0.09,1.89,9.37,7.37,21.23,45.64,12.87,17.53,23.08,31.96,5.58,2.32,1.8,1.14,1.47,4.65,6.62,2.86,0.65,9.93
5/31/1986,0.03,0.96,17.65,13.87,42.65,61.78,17.43,25.35,38.78,33.09,5.34,2.22,1.86,1.09,0.36,1.13,12.76,4.47,1.01,19.14
6/30/1986,0.01,0.38,20.21,15.88,46.02,37.63,10.61,12.37,27.25,8.75,2.52,1.05,0.49,0.52,0,0,10.98,3.49,0.79,16.46
7/31/1986,0.03,0.15,9.52,7.48,13.51,9.18,2.59,1.34,4.38,0.81,0.73,0.3,0.05,0.15,0,0,1.9,0.51,0.12,2.85
8/31/1986,0.03,0.08,3.49,2.74,3.87,3.12,0.88,0.05,2.63,0.41,0.46,0.19,0.02,0.09,0,0,0.15,0.18,0.04,0.22
9/30/1986,0.01,0.08,1.47,1.16,2.43,0.93,0.26,0.22,0.19,0,1,0.42,0,0.2,0.01,0.04,0.11,0.29,0.06,0.17
10/31/1986,0,0.11,0.96,0.76,2.38,0.3,0.09,0.13,0,0,0.69,0.29,0,0.14,0,0,0.09,0.17,0.03,0.13
11/30/1986,0.01,0.12,0.56,0.44,1.8,1.48,0.42,0.01,0,0,0.16,0.07,0,0.03,0,0,0,0.02,0,0
12/31/1986,0.04,0.21,0.42,0.33,1.67,0.85,0.24,0,0,0,0.44,0.18,0,0.09,0,0,0.06,0.05,0.01,0.08
1/31/1987,0.08,0.39,0.42,0.33,1.49,1.22,0.34,0.24,0.31,0.2,0.65,0.27,0.01,0.13,0,0,0.15,0.12,0.03,0.23
2/28/1987,0.09,1.2,0.67,0.53,1.64,2.64,0.75,0.88,2.33,0.37,1.5,0.62,0.02,0.31,0,0,0.42,0.43,0.1,0.63
3/31/1987,0.61,2.72,0.69,0.54,2.47,6.21,1.75,2.43,3.28,5.77,3.17,1.32,0.32,0.65,0,0,0.98,0.95,0.22,1.47
4/30/1987,0.11,0.44,6.17,4.85,10.49,18.72,5.28,12.55,16.29,19.22,3.94,1.64,1.08,0.81,0,0,5.9,0.31,0.07,8.85
5/31/1987,0.03,0.1,10.08,7.92,15.29,15.1,4.26,5.83,11.04,6.79,1.74,0.72,0.38,0.36,0,0,5.96,0.54,0.12,8.94
6/30/1987,0,0,4.93,3.87,5.55,4.83,1.36,0.86,2.08,0.35,0.33,0.14,0.02,0.07,0,0,0.83,0.21,0.05,1.25
7/31/1987,0.01,0,1.54,1.21,1.83,0,0,0.16,1.46,0,0.15,0.06,0,0.03,0,0,0.08,0.05,0.01,0.11
8/31/1987,0,0.05,1.06,0.83,1.09,0,0,0,0.56,0,0.14,0.06,0,0.03,0,0,0.07,0,0,0.1
9/30/1987,0.01,0.05,0.28,0.22,0.96,1.17,0.33,0,0,0.03,0.18,0.07,0,0.04,0,0,0.12,0.06,0.02,0.18
10/31/1987,0.01,0.02,0.69,0.54,1.08,0.77,0.22,0.09,0,0,0.12,0.05,0,0.02,0,0,0.03,0.14,0.03,0.04
11/30/1987,0.04,0.02,1.14,0.89,1.39,1.1,0.31,0.24,0,0,0.57,0.24,0,0.12,0,0,0.36,0.03,0.01,0.54
12/31/1987,0.02,0.11,0.72,0.56,1.78,1.81,0.51,1.21,0.4,1.07,0.66,0.27,0.06,0.14,0,0,0.46,0.34,0.08,0.69
1/31/1988,0.13,0.71,0.91,0.72,1.76,3.57,1.01,1.6,0.84,2.64,1.36,0.57,0.15,0.28,0,0,0.73,0.71,0.16,1.09
2/29/1988,0.33,0.23,0.96,0.76,2.16,4.78,1.35,2.18,1.92,4.57,1.87,0.78,0.26,0.38,0,0,1.03,0.34,0.08,1.54
3/31/1988,0.36,0.43,2.07,1.63,4.29,10.77,3.04,5.59,7.93,12.12,3.19,1.33,0.68,0.65,0,0,2.53,0.32,0.07,3.79
4/30/1988,0.09,0.43,4.26,3.35,7.26,14.03,3.96,8.17,12.03,14.59,2.95,1.23,0.82,0.6,0,0,4.21,0.23,0.05,6.31
5/31/1988,0.06,0.12,7.74,6.08,12.56,13.04,3.68,5.58,10.34,8,1.6,0.67,0.45,0.33,0,0,5.32,0.31,0.07,7.98
6/30/1988,0.04,0.05,5.92,4.65,7.57,6.47,1.82,1.26,3.15,1.66,0.48,0.2,0.09,0.1,0,0,1.89,0.2,0.05,2.84
7/31/1988,0.01,0.15,1.74,1.37,2.04,0,0,0.13,1.73,0.56,0.17,0.07,0.03,0.03,0,0,0.19,0.1,0.02,0.28
8/31/1988,0,0.17,0.72,0.57,1.14,0,0,0,0.31,0,0.16,0.07,0,0.03,0,0,0.06,0,0,0.09
9/30/1988,0.01,0.05,0.46,0.36,0.82,0.79,0.22,0,0,0.09,0.15,0.06,0.01,0.03,0,0,0.07,0.57,0.13,0.11
10/31/1988,0.01,0.01,0.08,0.07,0.79,0.59,0.17,0,0,0,0.34,0.14,0,0.07,0,0,0,0.68,0.15,0
11/30/1988,0,0.03,0.83,0.65,1.23,0.88,0.25,0.67,0.17,1,0.36,0.15,0.06,0.07,0.09,0.3,0.24,0.27,0.06,0.35
12/31/1988,0,0.19,0.6,0.47,1.17,1.59,0.45,0.7,1.03,1.01,0.74,0.31,0.06,0.15,0,0,0.32,0.18,0.04,0.48
1/31/1989,0,0.39,0.66,0.52,1.29,2.17,0.61,0.89,1.19,1.69,0.84,0.35,0.1,0.17,0.05,0.14,0.46,0.37,0.08,0.7
2/28/1989,0.02,0.45,0.94,0.74,1.57,4.76,1.34,2.77,2.72,4.94,1.46,0.61,0.28,0.3,0.01,0.04,0.89,1,0.23,1.33
3/31/1989,1.26,2.88,4.07,3.2,8.68,37.46,10.57,13.35,8.48,41.69,9.38,3.91,2.35,1.92,0.81,2.56,4.98,3.04,0.69,7.47
4/30/1989,0.16,0.54,9.3,7.3,22.52,44.83,12.64,21.18,31.09,40.34,8.53,3.55,2.27,1.75,0.65,2.05,8.55,1.33,0.3,12.83
5/31/1989,0.04,0.14,11.97,9.4,27.13,29.35,8.28,13.36,18.89,16.57,3.02,1.26,0.93,0.62,0.07,0.22,8.87,2.06,0.47,13.31
6/30/1989,0.01,0,11.52,9.05,25.12,15.48,4.37,3.86,9.35,2.6,1.12,0.47,0.15,0.23,0.3,0.96,4.23,0.81,0.18,6.34
7/31/1989,0.01,0.05,3.48,2.73,5.68,3.59,1.01,0.18,4.3,0.86,0.42,0.17,0.05,0.09,0,0,0.26,0.17,0.04,0.38
8/31/1989,0,0,1,0.79,2.23,1.26,0.35,0.05,6.25,0,0.3,0.12,0,0.06,0,0,0.06,0,0,0.09
9/30/1989,0.01,0.03,1.4,1.1,1.98,0.95,0.27,0.25,0,0.23,0.06,0.02,0.01,0.01,0,0,0.37,0.08,0.02,0.56
10/31/1989,0.02,0.07,1.78,1.4,2.05,8.94,2.52,0.87,4.66,2.79,1.12,0.47,0.16,0.23,0,0,1.14,0.23,0.05,1.71
11/30/1989,0,0.17,1.32,1.04,1.95,1.99,0.56,1.66,0.49,2.37,0.85,0.35,0.13,0.17,0,0,0.81,0.11,0.02,1.21
12/31/1989,0.03,0.12,1.04,0.82,1.94,2.13,0.6,1.17,1.37,2.4,0.64,0.27,0.14,0.13,0,0,0.37,0.18,0.04,0.55
1/31/1990,0.11,0.61,0.76,0.6,1.77,3.04,0.86,1.68,2.63,3.96,1.26,0.52,0.22,0.26,0,0,0.63,0.48,0.11,0.94
2/28/1990,1.17,1.58,0.82,0.65,1.61,3.56,1,1.2,2.62,4.6,1.29,0.54,0.26,0.26,0,0,0.65,0.47,0.1,0.97
3/31/1990,0.46,1.72,1.96,1.54,4.25,13.64,3.85,5.56,7.61,15.57,4.4,1.83,0.88,0.9,0,0,2.44,1.31,0.3,3.67
4/30/1990,0.09,0.42,7.15,5.62,11.84,25.05,7.07,12.46,18.08,22.28,4.17,1.74,1.25,0.85,0,0,6.38,0.21,0.05,9.56
5/31/1990,0.03,0.27,7.56,5.94,13.74,14.42,4.07,5.11,11.07,7.42,1.53,0.64,0.42,0.31,0,0,4.86,0.09,0.02,7.3
6/30/1990,0.01,0.17,6.27,4.93,9.74,9.1,2.57,2.37,5.85,4.26,0.64,0.27,0.24,0.13,0,0,1.78,0.25,0.06,2.67
7/31/1990,0.02,0.03,2.27,1.78,2.71,2.38,0.67,0.03,1.19,1.16,0.35,0.15,0.07,0.07,0,0,0.16,0.06,0.01,0.24
8/31/1990,0.02,0,0.67,0.53,1.37,0.22,0.06,0.2,0,0.4,0.05,0.02,0.02,0.01,0,0,0.12,0,0,0.18
9/30/1990,0,0.06,0.47,0.37,1.01,0.55,0.16,0,1.17,0.77,0,0,0.04,0,0,0,0.22,0,0,0.32
10/31/1990,0,0.04,0.63,0.49,1,0.7,0.2,0,0,0.77,0.2,0.08,0.04,0.04,0.01,0.02,0,0,0,0
11/30/1990,0,0.02,0.45,0.36,1.17,0.42,0.12,0.14,0.1,0.98,0.27,0.11,0.06,0.06,0,0,0.06,0,0,0.09
12/31/1990,0.25,0,0.43,0.34,1.22,0.81,0.23,0.17,0.09,1.2,0.28,0.12,0.07,0.06,0.08,0.25,0.05,0,0,0.07
1/31/1991,2.88,0.01,0.21,0.16,1.25,0.35,0.1,0.27,0,0.59,0.31,0.13,0.03,0.06,0,0,0.11,0.08,0.02,0.16
2/28/1991,1.41,0.08,0.29,0.23,0.93,0.91,0.26,0.53,0.93,0.64,0.57,0.24,0.04,0.12,0.06,0.19,0.14,0.27,0.06,0.21
3/31/1991,1.25,5.97,1.39,1.09,2.47,7,1.97,3.3,5.17,8.71,4.99,2.08,0.49,1.02,0.49,1.55,1.6,1.31,0.3,2.4
4/30/1991,0.61,0.76,2.81,2.21,5,17.82,5.03,6.74,9.57,19.43,6.69,2.79,1.09,1.37,0.48,1.52,2.96,1.65,0.37,4.44
5/31/1991,0.16,0.2,10.29,8.09,16.01,36.13,10.19,15.53,18.44,35.63,2.04,0.85,2.01,0.42,1.06,3.35,8.71,0.9,0.2,13.06
6/30/1991,0.12,0.03,12.76,10.03,19.55,20.84,5.88,5.5,10.82,10.31,1.05,0.44,0.58,0.22,0.64,2.02,7,1.19,0.27,10.5
7/31/1991,0.01,0.02,4.46,3.5,4.11,4.7,1.33,0.59,2.37,1.62,0.49,0.2,0.09,0.1,0.16,0.51,0.68,0.13,0.03,1.01
8/31/1991,0.01,0.02,0.94,0.74,1.57,1.11,0.31,0,0.8,0.47,0.23,0.1,0.03,0.05,0.13,0.41,0.07,0,0,0.1
9/30/1991,0.02,0.04,0.9,0.7,1.22,0.72,0.2,0.12,1.06,0.25,0.19,0.08,0.01,0.04,0.26,0.82,0.18,0,0,0.27
10/31/1991,0.04,0.1,0.64,0.51,1.17,0.99,0.28,0.16,0.93,1.45,0.36,0.15,0.08,0.07,0.11,0.34,0.22,0.21,0.05,0.32
11/30/1991,0.03,0.02,1.46,1.15,2.04,2.03,0.57,0.72,1.01,1.41,0.43,0.18,0.08,0.09,0.13,0.41,0.71,0.07,0.01,1.06
12/31/1991,0.08,0.16,0.82,0.65,1.89,1.54,0.43,0.8,0.81,1.12,0.43,0.18,0.06,0.09,0.24,0.76,0.24,0.16,0.04,0.35
1/31/1992,0.09,0.52,0.64,0.5,1.71,1.89,0.53,1.13,1.26,1.53,1.47,0.61,0.09,0.3,0.02,0.07,0.48,0.2,0.04,0.72
2/29/1992,0.41,5.53,0.91,0.71,1.99,6.12,1.73,2.34,3.43,7.53,3.44,1.43,0.42,0.7,0.32,1.01,1.07,1.41,0.32,1.61
3/31/1992,0.14,2.17,1.62,1.27,3.42,11.66,3.29,5.48,6.01,14.17,4.72,1.97,0.8,0.97,0.6,1.9,1.89,1.2,0.27,2.83
4/30/1992,0.11,0.42,6.91,5.43,11.69,24.98,7.04,13.57,15.21,24.8,1.24,0.52,1.4,0.25,0.67,2.13,7.16,0.37,0.09,10.74
5/31/1992,0.07,0.13,8.78,6.9,14.18,15.46,4.36,4.09,7.91,5.7,1,0.42,0.32,0.2,0.25,0.79,5.21,0.64,0.14,7.81
6/30/1992,0.04,0.04,3.36,2.64,4.36,4.47,1.26,0.23,1.66,1.03,0.48,0.2,0.06,0.1,0.29,0.92,0.67,0.16,0.03,1
7/31/1992,0.04,0.08,3.26,2.56,2.55,4.25,1.2,0.79,2.06,1.58,0.45,0.19,0.09,0.09,0.38,1.21,1.55,0.29,0.06,2.31
8/31/1992,0.01,0.11,0.98,0.77,1.27,1.31,0.37,0.09,1.35,0.63,0.18,0.07,0.04,0.04,0.28,0.89,0.17,0.01,0,0.26
9/30/1992,0.04,0.02,0.72,0.57,0.98,0.85,0.24,0,0.34,0.69,0.17,0.07,0.04,0.03,0.23,0.73,0,0.09,0.02,0
10/31/1992,0,0,0.54,0.42,1.1,0.81,0.23,0.05,0.7,0.84,0.27,0.11,0.05,0.06,0.03,0.1,0.12,0.19,0.04,0.17
11/30/1992,0.01,0.01,0.88,0.69,1.37,1.04,0.29,0.21,0.68,0.93,0.45,0.19,0.05,0.09,0.03,0.08,0.24,0.02,0,0.36
12/31/1992,0.13,1.18,0.69,0.54,2.09,1.04,0.29,1.15,1.45,1.59,3.73,1.55,0.09,0.76,0.35,1.12,0.4,0.7,0.16,0.6
1/31/1993,3.4,13.6,1.28,1.01,2.39,9.88,2.79,1.45,3.06,17.36,7.07,2.94,0.98,1.45,1.12,3.55,1.34,4.43,1.01,2.01
2/28/1993,0.42,6.68,0.98,0.77,1.78,9.48,2.67,1.77,2.98,13.82,8.16,3.4,0.78,1.67,1.03,3.26,0.96,3.1,0.7,1.44
3/31/1993,4.55,5.92,3.08,2.42,6.75,42.38,11.95,9.08,12.94,42.13,17.87,7.44,2.37,3.66,2.62,8.3,4.02,5.14,1.17,6.03
4/30/1993,0.88,2.88,5.9,4.64,14.13,52.36,14.77,14.9,21.12,44.66,14.81,6.17,2.51,3.03,2.23,7.07,6.07,2.45,0.56,9.1
5/31/1993,1.35,0.76,19.66,15.45,44.5,85.31,24.06,37.61,42.5,64.79,6.3,2.62,3.65,1.29,1.64,5.2,16.49,3.27,0.74,24.73
6/30/1993,0.36,0.56,17.62,13.84,40.2,46.77,13.19,17.38,31.1,28.47,1.15,0.48,1.6,0.24,0.38,1.21,13.81,1.78,0.4,20.71
7/31/1993,0.12,0.07,12.28,9.65,18.18,14.79,4.17,2.61,6.81,2.75,0.9,0.37,0.15,0.18,0.38,1.22,4.27,0.71,0.16,6.4
8/31/1993,0.01,0.05,3.78,2.97,4.31,3.65,1.03,0.07,0.2,0.49,0.52,0.22,0.03,0.11,0.32,1.02,0.29,0.06,0.01,0.44
9/30/1993,0.07,0.1,1.18,0.93,2.29,1.59,0.45,0,0.64,0.58,0.36,0.15,0.03,0.07,0.26,0.84,0.09,0.15,0.04,0.14
10/31/1993,0.06,0.19,1.28,1.01,2.05,1.48,0.42,0.02,0.19,0.58,0.44,0.18,0.03,0.09,0.24,0.76,0.14,0.16,0.04,0.21
11/30/1993,0.1,0.14,0.73,0.58,1.73,0.66,0.19,0.1,0.54,1.16,0.33,0.14,0.07,0.07,0.29,0.9,0.06,0.06,0.01,0.09
12/31/1993,0.22,0.36,0.78,0.62,1.7,1.4,0.39,0.42,1.06,1.65,0.37,0.15,0.09,0.08,0.35,1.09,0.16,0.09,0.02,0.24
1/31/1994,1.31,0.45,0.48,0.37,1.67,1.6,0.45,2.13,1.55,1.37,0.69,0.29,0.08,0.14,0.33,1.06,0.27,0.36,0.08,0.4
2/28/1994,2.48,1.95,0.48,0.37,1.55,4.17,1.18,2.07,2.04,2.31,2.17,0.9,1.30E-01,0.44,0,0,0.41,0.69,0.15,0.61
3/31/1994,1.26,0.65,1.72,1.35,3.66,11.43,3.22,4.09,6.64,10.93,3.37,1.4,0.62,0.69,0.29,0.93,1.93,0.72,0.16,2.9
4/30/1994,0.59,0.5,5.3,4.16,9.4,19.92,5.62,9.5,13.61,17.93,2.79,1.16,1.01,0.57,0.45,1.41,4.79,0.42,0.1,7.18
5/31/1994,0.32,0.31,9.79,7.69,17.43,22.18,6.26,10.56,17.51,15.87,1.24,0.52,0.89,0.25,0.76,2.39,6.79,1.1,0.25,10.19
6/30/1994,0.15,0.2,5.82,4.58,9.35,8.22,2.32,1.38,4.91,2.02,0.75,0.31,0.11,0.15,0.32,1.01,1.63,0.52,0.12,2.45
7/31/1994,0.1,0.21,1.38,1.08,1.94,1.71,0.48,0.09,0.93,0,0.29,0.12,0,0.06,0.16,0.5,0.14,0.03,0,0.2
8/31/1994,0.07,0.06,0.47,0.37,1.11,0.74,0.21,0,0,0.05,0.16,0.07,0,0.03,0.21,0.67,0,0,0,0
9/30/1994,0.04,0.18,0.67,0.52,0.92,0.44,0.12,0,0.61,0.67,0.16,0.07,0.04,0.03,0.21,0.67,0.03,0,0,0.05
10/31/1994,0.02,0.02,1.1,0.87,0.87,1.11,0.31,0.01,1.05,0.38,0.37,0.15,0.02,0.08,0.14,0.44,0.25,0,0,0.37
11/30/1994,0.22,0.05,1.45,1.14,3.47,1.14,0.32,1.55,2.59,2.74,0.54,0.22,0.15,0.11,0.26,0.81,0.97,0.16,0.04,1.45
12/31/1994,3.4,0.61,0.68,0.53,1.92,3.26,0.92,1.92,2.14,1.95,3.95,1.64,0.11,0.81,0.4,1.25,0.56,0.69,0.16,0.84
1/31/1995,6.07,16.08,0.97,0.76,12.2,13.45,3.79,2.61,9.06,28.42,11.81,4.92,1.6,2.42,1.54,4.87,2.09,5.75,1.31,3.14
2/28/1995,0.76,2.01,2.26,1.77,3.44,18.45,5.2,3.74,6.49,17.18,6.19,2.58,0.97,1.27,1.58,5.01,2.01,1.67,0.38,3.01
3/31/1995,0.32,21.5,2.54,2,14.66,51.77,14.6,11.28,17.21,62.88,22.84,9.51,3.54,4.68,3.85,12.2,4.91,8.64,1.96,7.37
4/30/1995,0.19,4.16,6.04,4.74,14.36,54.61,15.4,15.96,19.57,56.75,16.13,6.72,3.19,3.3,3.78,11.97,6.06,4.97,1.13,9.09
5/31/1995,0.12,6.37,13.17,10.34,38.81,91.73,25.88,34.87,39.22,83.23,22.85,9.51,4.69,4.68,3.83,12.14,12.54,6.21,1.41,18.81
6/30/1995,0.06,1.72,27.36,21.5,53.6,99.38,28.03,39.88,53.42,54.79,6.01,2.5,3.08,1.23,1.12,3.54,20.52,3.83,0.87,30.77
7/31/1995,0.03,0.55,26.7,20.98,42.91,55.69,15.71,18.07,30.09,11.41,1.18,0.49,0.64,0.24,0,0,16.24,2.52,0.57,24.35
8/31/1995,0.01,0.05,10.13,7.96,10.91,13.2,3.72,1.22,3.11,1.44,1,0.42,0.08,0.2,0.87,2.75,2.53,0.15,0.03,3.8
9/30/1995,0.01,0.35,2.95,2.32,4.41,3.3,0.93,0.08,0.9,0.75,0.62,0.26,0.04,0.13,0.44,1.41,0.3,0.2,0.04,0.44
10/31/1995,0.02,0.29,1.34,1.05,1.9,2.19,0.62,0,0.21,0.11,0.6,0.25,0.01,0.12,0.5,1.57,0.1,0,0,0.15
11/30/1995,0.09,0.48,0.93,0.73,1.18,1.78,0.5,0,0.21,0.63,1.06,0.44,0.04,0.22,0.23,0.74,0.04,0.18,0.04,0.05
12/31/1995,0.14,1.03,1.05,0.83,3.3,4.76,1.34,1.94,4.06,3.36,2.69,1.12,0.19,0.55,0.68,2.16,1.24,0.58,0.13,1.85
1/31/1996,2.34,6.18,1.02,0.8,4.84,6.2,1.75,2.2,4.39,5.43,8.92,3.71,0.31,1.83,0.85,2.68,1.15,1.24,0.28,1.72
2/29/1996,5.55,11.74,2.38,1.87,9.96,37.33,10.53,7.56,15.08,39.03,15.96,6.65,2.2,3.27,2.47,7.81,4.33,4.35,0.99,6.49
3/31/1996,1.82,5.97,2.52,1.98,10.35,32.37,9.13,7.21,11.5,30.6,12.78,5.32,1.72,2.62,2.65,8.41,3.38,4.7,1.06,5.08
4/30/1996,1.91,2.79,8.59,6.75,19.11,48.71,13.74,18.53,21.85,43.89,9.31,3.88,2.47,1.91,2.47,7.83,6.88,2.1,0.48,10.32
5/31/1996,1,1.52,19.22,15.1,43.91,72,20.31,32.57,44.67,57.75,6.84,2.85,3.25,1.4,2,6.34,15.12,5.17,1.17,22.67
6/30/1996,0.38,0.72,14.84,11.66,30.32,37.76,10.65,8.76,18.33,9.01,1.43,0.6,0.51,0.29,0.21,0.66,8.16,1.84,0.41,12.24
7/31/1996,0.17,0.45,8.69,6.82,8.98,11.47,3.23,1,2.64,1.96,1.2,0.5,0.11,0.25,0.94,2.98,1.3,0.38,0.08,1.94
8/31/1996,0.09,0.33,2.42,1.9,0.97,4.57,1.29,0,0.95,0.79,0.75,0.31,0.04,0.15,0.64,2.03,0.2,0.07,0.01,0.3
9/30/1996,0.07,0.18,0.94,0.74,0.13,2.96,0.83,0.14,0.05,0.53,0.56,0.23,0.03,0.11,0.28,0.88,0.1,0.08,0.02,0.15
10/31/1996,0.05,0.1,0.91,0.72,1.16,1.94,0.55,0.11,0,0.26,1.83,0.76,0.01,0.37,0.6,1.9,0.1,0.16,0.04,0.15
11/30/1996,0.11,1.06,1.79,1.41,4.86,5.29,1.49,3.6,4.27,7.49,4.96,2.07,0.42,1.02,0.64,2.03,1.62,0.46,0.1,2.43
12/31/1996,0.16,16.06,2.25,1.77,12.1,26.69,7.53,5.97,12.31,44.21,11.31,4.71,2.49,2.32,2.25,7.13,2.8,3.75,0.85,4.21
1/31/1997,1.09,28.69,14.8,11.63,33.01,79.93,22.54,13.19,36.18,120.56,37.49,15.61,6.79,7.68,8.7,27.55,12.84,9.11,2.07,19.25
2/28/1997,2.81,3.61,1.82,1.43,8.83,17.14,4.83,4.37,5.64,20.33,7.19,2.99,1.14,1.47,2.1,6.65,1.59,2.49,0.56,2.39
3/31/1997,0.78,1.51,4.46,3.51,12.64,26.7,7.53,10.27,13.91,27.73,4.67,1.94,1.56,0.96,1.94,6.15,4,0.76,0.17,6
4/30/1997,0.65,0.92,8.67,6.81,18.02,38.98,11,17.67,21.12,31.52,5,2.08,1.77,1.02,2.1,6.66,7.21,0.63,0.14,10.82
5/31/1997,0.26,0.55,18.77,14.75,35.44,49.36,13.92,18.76,31.03,21.02,2.43,1.01,1.18,0.5,2.19,6.93,13.72,0,0,20.57
6/30/1997,0.13,0.27,13.94,10.95,20.69,22.29,6.29,4.89,12.7,3.97,1.92,0.8,0.22,0.39,2.06,6.53,5.95,0.35,0.08,8.92
7/31/1997,0.06,0.16,5.69,4.47,5.2,7.78,2.19,0.36,2.44,1.02,0.96,0.4,0.06,0.2,0.59,1.87,0.39,0.25,0.06,0.58
8/31/1997,0.05,0.07,2.22,1.75,2.8,2.4,0.68,0.03,0.36,0.78,0.65,0.27,0.04,0.13,0.26,0.83,0.19,0.53,0.12,0.28
9/30/1997,0.03,0.04,0.99,0.78,1.13,1.89,0.54,0,1.73,1.14,0.55,0.23,0.06,0.11,0.34,1.08,0,0.2,0.05,0
10/31/1997,0.03,0.11,0.98,0.77,1.99,1.42,0.4,0,1.1,1.21,0.71,0.3,0.07,0.15,0.43,1.35,0,0.2,0.04,0
11/30/1997,0.07,0.41,0.73,0.57,2.1,1.12,0.32,0.86,1.2,0.73,0.94,0.39,0.04,0.19,0.41,1.29,0.13,0.28,0.06,0.19
12/31/1997,0.05,0.65,0.82,0.64,1.5,1.91,0.54,1.69,1.24,1.62,3.55,1.48,0.09,0.73,0.51,1.63,0.47,0.44,0.1,0.71
1/31/1998,1.06,11.07,1.13,0.89,8.79,5.14,1.45,2.32,3.71,13.01,6.38,2.66,0.73,1.31,0.73,2.3,2.29,2.62,0.6,3.43
2/28/1998,3.17,26.24,1.08,0.85,8.75,7.36,2.08,1.98,3.92,19.07,5.97,2.49,1.07,1.22,1.26,4,0.05,8.88,2.01,0.07
3/31/1998,1.11,8.62,2.81,2.21,8.37,32.15,9.07,6.42,10.5,38.71,13.08,5.45,2.18,2.68,2.37,7.5,3.27,8.28,1.88,4.91
4/30/1998,0.33,9,4.21,3.3,12.23,36.44,10.28,10.55,13.46,36.42,11.07,4.61,2.05,2.27,2.67,8.45,4.51,3.81,0.86,6.76
5/31/1998,0.29,4.73,9.53,7.49,25.05,67.35,18.99,20.48,24.76,59.56,14.39,5.99,3.35,2.95,3.41,10.8,8.48,2.79,0.63,12.71
6/30/1998,0.1,1.81,26.98,21.2,56.82,113.2,31.93,42.76,54.05,70.02,9.16,3.81,3.94,1.88,0.53,1.69,23.81,6.15,1.39,35.71
7/31/1998,0.05,0.82,22.73,17.86,40.18,40.85,11.52,11.95,25.37,14.03,1.32,0.55,0.79,0.27,0.85,2.7,16.04,3.82,0.86,24.05
8/31/1998,0.03,0.43,5.78,4.54,8.45,6.99,1.97,0.38,1.8,3.99,1.12,0.47,0.22,0.23,0.93,2.93,1.2,0.46,0.1,1.81
9/30/1998,0.04,0.35,2.48,1.95,6.91,1.45,0.41,0.34,0.79,2.64,0.97,0.4,0.15,0.2,0.57,1.81,0.32,0.21,0.04,0.47
10/31/1998,0.11,0.25,1.49,1.17,2.55,2.57,0.72,0,0,0.55,0.97,0.4,0.03,0.2,0.5,1.58,0.29,0.22,0.05,0.43
11/30/1998,0.02,0.54,1.18,0.93,2.49,3.27,0.92,2.6,2.44,2.85,1.62,0.67,0.16,0.33,0.43,1.37,0.68,0.47,0.11,1.02
12/31/1998,0.04,0.73,1.51,1.19,2.46,5.14,1.45,4.3,1.75,3.82,3.55,1.48,0.22,0.73,0.38,1.19,0.87,0.59,0.13,1.3
1/31/1999,0.19,5.16,1.08,0.85,4.7,21,5.92,2.03,4.38,14.13,8.47,3.53,0.8,1.73,0,0,1.06,2.89,0.66,1.59
2/28/1999,2.65,13.27,1.14,0.89,7.2,16.73,4.72,1.77,4.56,24.42,9.77,4.07,1.37,2,1.66,5.25,1.29,10.56,2.39,1.94
3/31/1999,1.94,3.69,1.61,1.27,5.14,19.86,5.6,3.75,7.68,24.52,8.56,3.56,1.38,1.75,1.67,5.28,1.72,3.29,0.75,2.57
4/30/1999,0.23,3.08,4.02,3.16,10.7,32.76,9.24,10.38,12.82,35.06,9.59,3.99,1.97,1.96,1.83,5.79,4.22,5.35,1.21,6.34
5/31/1999,0,1.22,19.15,15.05,35.73,79.51,22.43,35.09,38.86,62.37,5.02,2.09,3.51,1.03,1.74,5.52,16.26,15.83,3.59,24.39
6/30/1999,0.02,0.63,19.23,15.11,34.64,41.21,11.62,14.77,25.57,18.57,1.22,0.51,1.05,0.25,1.4,4.44,11.61,1.39,0.31,17.42
7/31/1999,0.02,0.3,7.64,6.01,10.16,9.75,2.75,1.38,4.88,2.52,1.05,0.44,0.14,0.22,0.93,2.93,1.34,0.54,0.12,2.01
8/31/1999,0.02,0.22,2.14,1.68,3.66,1.47,0.42,0.04,0.75,1.11,0.69,0.29,0.06,0.14,0.64,2.02,0.25,0.05,0.01,0.37
9/30/1999,0,0.14,0.84,0.66,4.53,0,0,0,1.21,0.58,0.51,0.21,0.03,0.1,0.55,1.73,0.09,0.02,0,0.13
10/31/1999,0.08,0.14,0.79,0.62,1.71,1.08,0.31,0,1.86,1.11,0.53,0.22,0.06,0.11,0.93,2.95,0.14,0.14,0.03,0.21
11/30/1999,0,0.32,0.87,0.68,1.68,1.53,0.43,0.27,0.91,0.32,0.73,0.3,0.02,0.15,0.48,1.53,0.32,0.13,0.03,0.48
12/31/1999,0.56,0.24,0.63,0.5,0.98,1.91,0.54,0.32,0.5,0.19,2.68,1.12,0.01,0.55,0.51,1.6,0.11,0.09,0.02,0.17
1/31/2000,0.59,5.02,0.92,0.72,5.27,6.71,1.89,1.85,3.89,12.71,7.26,3.02,0.72,1.49,0.44,1.41,1.25,1.43,0.32,1.87
2/29/2000,0.43,14.99,1.04,0.81,7.04,11.71,3.3,2.3,5.3,19.39,8.1,3.37,1.09,1.66,1.19,3.77,1.32,7.27,1.65,1.98
3/31/2000,0.83,5.26,2.1,1.65,7.64,20.75,5.85,4.66,7.76,24.71,9.52,3.96,1.39,1.95,2.35,7.44,2.5,6.51,1.48,3.74
4/30/2000,0.24,1.54,7.63,6,17.15,43.61,12.3,19.78,22.06,42.33,6.13,2.55,2.38,1.26,3.03,9.59,7.03,6.34,1.44,10.55
5/31/2000,0.21,1.38,17.9,14.06,35.52,54.83,15.46,24.43,33.23,39.75,1.99,0.83,2.24,0.41,2.01,6.35,15.22,7.51,1.7,22.82
6/30/2000,0.12,0.48,16.02,12.59,22.78,21.51,6.07,4.58,12.44,5.4,1.24,0.52,0.3,0.25,1.71,5.42,7.61,4.34,0.98,11.42
7/31/2000,0.04,0.22,4.55,3.58,5.34,3.96,1.12,0.25,1.5,0.48,0.87,0.36,0.03,0.18,1.09,3.45,0.48,0.43,0.1,0.71
8/31/2000,0.07,0.14,1.45,1.14,1.83,1.14,0.32,0.04,0.9,1.47,0.54,0.22,0.08,0.11,1.02,3.22,0.07,0.12,0.03,0.1
9/30/2000,0.06,0.2,1.03,0.81,2.63,0.18,0.05,0.06,1.52,0.82,0.57,0.24,0.05,0.12,0.92,2.92,0.11,0.06,0.01,0.16
10/31/2000,0,0.52,0.87,0.68,1.97,0.83,0.23,0.04,0.2,0.45,0.6,0.25,0.03,0.12,0.73,2.3,0.26,0,0,0.39
11/30/2000,0.06,0.1,0.74,0.58,1.18,1.28,0.36,0.21,1.8,1.35,0.63,0.26,0.08,0.13,0.48,1.53,0.24,0.07,0.02,0.36
12/31/2000,0.48,0.2,0.79,0.62,0.84,1.98,0.56,0.67,2.07,1.62,0.7,0.29,0.09,0.14,0.57,1.8,0.25,0.01,0,0.38
1/31/2001,0.21,0.89,0.7,0.55,1.45,1.46,0.41,0.93,1.68,0.67,0.71,0.3,0.04,0.15,0.07,0.22,0.34,0.22,0.05,0.51
2/28/2001,0.13,12.5,0.71,0.56,1.61,1.82,0.51,1.14,1.59,1.61,3.41,1.42,0.09,0.7,0.23,0.71,0.49,0.42,0.1,0.73
3/31/2001,0.16,9.17,2.32,1.82,4.43,14.27,4.03,5.43,8.65,14.57,5.9,2.46,0.82,1.21,0.46,1.46,3.17,1.48,0.33,4.76
4/30/2001,0.64,1.06,5.11,4.02,10.61,23.09,6.52,11.15,13.17,22.38,4.35,1.81,1.26,0.89,1.61,5.09,4.82,1.17,0.27,7.23
5/31/2001,0.3,0,15.85,12.46,30.7,34.03,9.6,14.14,20.67,24.34,1.23,0.51,1.37,0.25,1.58,5.02,12.53,1.41,0.32,18.8
6/30/2001,0.04,0.09,4.45,3.5,7.13,5.37,1.51,0.53,2.1,0.65,0.79,0.33,0.04,0.16,0.92,2.91,1.11,0.24,0.06,1.67
7/31/2001,0,0.11,1.47,1.15,1.56,2.04,0.58,0.11,0.82,0,0.42,0.17,0,0.09,0.84,2.65,0.31,0.05,0.01,0.46
8/31/2001,0,0.08,0.38,0.3,0.63,1.07,0.3,0,1.4,0,0.27,0.11,0,0.06,0.54,1.7,0,0.04,0.01,0
9/30/2001,0,0,0.46,0.36,1.19,0.19,0.05,0,0.29,0,0.25,0.1,0,0.05,0.26,0.84,0,0,0,0
10/31/2001,0.01,0.38,0.56,0.44,1.08,0.48,0.14,0.25,1.57,0.02,0.52,0.22,0,0.11,0.1,0.33,0,0,0,0
11/30/2001,0.01,0.01,1.07,0.84,2.18,1.6,0.45,1.33,2.58,2.16,1.18,0.49,0.12,0.24,0.05,0.16,0.83,0.42,0.09,1.24
12/31/2001,0.32,2.65,1.23,0.97,3.81,2.73,0.77,1.73,3.06,4.92,2.51,1.05,0.28,0.51,0.51,1.63,0.91,0.82,0.18,1.37
1/31/2002,0.46,2.77,1.9,1.49,2.5,6.01,1.7,1.68,2.85,8.55,3.28,1.37,0.48,0.67,1.36,4.29,1.03,0.41,0.09,1.55
2/28/2002,0.79,2.04,1.52,1.2,2.12,7.36,2.08,1.91,3.28,8.52,4.28,1.78,0.48,0.88,0.35,1.12,1.07,0.35,0.08,1.61
3/31/2002,0.37,3.93,1.77,1.39,4.46,14.52,4.09,3.79,6.03,16.5,9.11,3.79,0.93,1.87,1.2,3.8,1.79,1.11,0.25,2.69
4/30/2002,0.1,1.11,7.61,5.98,16.56,41.37,11.67,19.52,22.52,41.06,4.73,1.97,2.31,0.97,2.64,8.36,7.39,0.16,0.03,11.09
5/31/2002,0.04,1.01,12.77,10.03,28.37,34.4,9.7,19.87,26.84,31.73,1.35,0.56,1.79,0.28,2.45,7.75,10.83,0,0,16.25
6/30/2002,0.03,0.59,11.43,8.98,18.67,17.71,5,4.68,10.38,4.4,1.07,0.45,0.25,0.22,0.93,2.94,4.69,0,0,7.03
7/31/2002,0.02,0.21,2.71,2.13,4.11,2.9,0.81,0.11,2.06,0.47,0.52,0.22,0.03,0.11,0.44,1.38,0.18,0.1,0.02,0.26
8/31/2002,0.02,0.35,0.66,0.52,1.13,1.5,0.42,0,0.08,0,0.3,0.12,0,0.06,0.28,0.88,0.14,0.03,0.01,0.21
9/30/2002,0.01,0.27,0.53,0.41,0.66,0.57,0.16,0,0.58,0,0.23,0.1,0,0.05,0.42,1.32,0.01,0.09,0.02,0.01
10/31/2002,0.03,0,0.36,0.28,0.61,0.66,0.19,0,0.39,0,0.26,0.11,0,0.05,0.28,0.9,0.03,0,0,0.04
11/30/2002,0.06,0.28,1.31,1.03,3.26,2.53,0.71,1.8,2.49,2.3,0.87,0.36,0.13,0.18,0.26,0.83,1.36,0.41,0.09,2.03
12/31/2002,0.59,2.29,0.78,0.61,3.11,2.24,0.63,1.61,3.27,2.87,1.78,0.74,0.16,0.36,0.53,1.68,0.55,0.99,0.22,0.83
1/31/2003,2.38,0.98,1.17,0.92,2.55,8.73,2.46,2.37,3.83,9.17,3.02,1.26,0.52,0.62,0.54,1.72,1.29,1.35,0.31,1.94
2/28/2003,0.97,0.59,1.08,0.85,2.11,9.7,2.74,2.21,3.95,8.97,4.15,1.73,0.5,0.85,0.55,1.75,1.08,0.9,0.21,1.62
3/31/2003,2.45,0.78,2.1,1.65,3.61,18.32,5.17,7.76,9.17,17.62,6.74,2.81,0.99,1.38,0.78,2.46,2.54,1.1,0.25,3.8
4/30/2003,0.73,3.04,3.27,2.57,8.21,24.06,6.79,8.04,11.16,25.48,9.82,4.09,1.43,2.01,1.6,5.07,3.25,3.79,0.86,4.88
5/31/2003,0.4,1.43,15.53,12.2,31.09,59.38,16.75,26.38,32.33,53.24,2.79,1.16,3,0.57,2.35,7.45,13.32,4.92,1.12,19.98
6/30/2003,0.14,0.17,17.34,13.62,31.55,32.34,9.12,10.36,19.86,12.73,1.06,0.44,0.72,0.22,0.59,1.86,10.61,0.77,0.17,15.91
7/31/2003,0.06,0.01,5.08,3.99,4.53,5.55,1.56,0.95,1.87,0.49,0.64,0.27,0.03,0.13,0.51,1.61,0.74,0.17,0.04,1.1
8/31/2003,0.04,0,1.38,1.09,2.99,1.65,0.47,0.21,1.42,0,0.41,0.17,0,0.08,0.45,1.42,0.32,0.25,0.06,0.48
9/30/2003,0.01,0,0.68,0.53,1.39,0.98,0.28,0.06,0.05,0,0.29,0.12,0,0.06,0.31,0.98,0.16,0.18,0.04,0.24
10/31/2003,0.03,0.03,0.45,0.36,0.47,1.05,0.3,0,0.87,1.09,0.3,0.12,0.06,0.06,0,0,0,0.07,0.02,0
11/30/2003,0.02,0.06,0.55,0.43,1.28,1.18,0.33,0.38,0.47,0.71,0.89,0.37,0.04,0.18,0,0.01,0.02,0.36,0.08,0.04
12/31/2003,0.97,1.5,1.44,1.13,3.59,2.75,0.78,1.77,4.24,4.95,1.11,0.46,0.28,0.23,0.68,2.14,0.98,1,0.22,1.47
1/31/2004,1.81,2.18,1.2,0.94,2.13,3.93,1.11,1.48,3.13,5.37,2.87,1.2,0.3,0.59,1.19,3.77,0.7,0.95,0.22,1.05
2/29/2004,0.48,3.75,1.12,0.88,3.07,6.1,1.72,1.89,3.73,9.24,7.96,3.31,0.52,1.63,1.37,4.34,0.83,2.45,0.55,1.24
3/31/2004,3.08,1.75,4.7,3.69,8.79,30.64,8.64,12.55,15.15,32.35,6.8,2.83,1.82,1.39,2.03,6.43,4.57,1.84,0.42,6.85
4/30/2004,5.17,0.45,7.17,5.63,17.07,31.45,8.87,17.18,20.86,33.25,2.59,1.08,1.87,0.53,1.65,5.21,6.71,0.58,0.13,10.06
5/31/2004,0.48,0.17,11.41,8.96,22.76,25.04,7.06,12.15,18.59,15.92,1.17,0.49,0.9,0.24,1.37,4.34,9.28,2.26,0.51,13.93
6/30/2004,0.17,0.13,8.61,6.77,12.51,10.24,2.89,1.74,5.75,1.48,0.77,0.32,0.08,0.16,0.77,2.42,2.28,1.17,0.26,3.42
7/31/2004,0.08,0.1,3.22,2.53,4.48,1.31,0.37,0.26,1.59,0,0.39,0.16,0,0.08,0.63,1.98,0.15,0.27,0.06,0.22
8/31/2004,0.03,0.11,0.78,0.61,1.56,0.59,0.17,0.03,0.62,0,0.26,0.11,0,0.05,0.44,1.41,0.09,0,0,0.13
9/30/2004,0.02,0.04,0.39,0.3,0,1.33,0.38,0.3,0.03,0,0.27,0.11,0,0.06,0.36,1.13,0.08,0.01,0,0.12
10/31/2004,0.03,0.16,0.94,0.74,2.91,0.34,0.1,0.99,2.35,0.54,0.62,0.26,0.03,0.13,0.41,1.29,0.63,0.14,0.03,0.94
11/30/2004,0.06,0.29,1.48,1.16,1.81,2.57,0.72,1.43,2.64,1.65,0.92,0.38,0.09,0.19,0.43,1.35,0.78,0.13,0.03,1.17
12/31/2004,0.14,2.81,1.12,0.88,2.96,2.71,0.76,2.27,3.28,3.59,3.27,1.36,0.2,0.67,0.76,2.41,0.67,0.59,0.13,1
1/31/2005,0.14,11.24,1.37,1.08,6.93,5.32,1.5,2.48,4.48,12.73,5.44,2.27,0.72,1.11,1.33,4.21,1.3,3.32,0.75,1.94
2/28/2005,0.74,4.6,1.2,0.94,3.9,11.7,3.3,2.35,4.19,15.16,7.9,3.29,0.85,1.62,1.41,4.47,1.35,3.6,0.81,2.02
3/31/2005,0.33,11.56,2.35,1.85,7.13,22.74,6.41,5.39,9.32,28.14,11.34,4.72,1.58,2.32,2.18,6.92,2.64,4.89,1.11,3.96
4/30/2005,0.15,3.44,4.35,3.42,10.61,37.13,10.47,11.96,15.95,38.79,7.85,3.27,2.18,1.61,1.97,6.24,4.22,3.99,0.9,6.32
5/31/2005,0.09,1.88,24.7,19.41,45.94,121.52,34.27,39.82,52.46,87.85,15.69,6.53,4.95,3.21,0.5,1.59,19.9,2.82,0.64,29.85
6/30/2005,0.03,0.66,21,16.5,42.66,58.48,16.5,19.79,62.02,4.98,1.74,0.72,0.28,0.36,0,0,17.63,0,0,26.45
7/31/2005,0.02,0.27,15.88,12.48,20.35,15.74,4.44,2.66,12.16,0.96,1.12,0.47,0.05,0.23,0.59,1.86,5.74,0.72,0.16,8.6
8/31/2005,0.03,0.17,3.06,2.4,3.82,1.92,0.54,0.35,0.76,2.32,0.68,0.28,0.13,0.14,0.58,1.83,0.08,0.21,0.05,0.12
9/30/2005,0.01,0.03,0.76,0.59,1.66,1.21,0.34,0.09,0,0,0.51,0.21,0,0.1,0.53,1.69,0.02,0.24,0.05,0.03
10/31/2005,0,0.14,0.54,0.43,2.13,0.77,0.22,0.21,2.76,0.81,0.45,0.19,0.05,0.09,0.05,0.17,0.03,0.09,0.02,0.05
11/30/2005,0,0.11,0.92,0.73,1.66,1.32,0.37,0.6,1.27,1.17,2.42,1.01,0.07,0.5,0.54,1.7,0.29,0.16,0.04,0.44
12/31/2005,0.08,4.59,2.86,2.25,12.47,29.45,8.31,10.02,17.94,46.84,6.76,2.81,2.64,1.38,1.18,3.72,3.68,2.31,0.53,5.52
1/31/2006,0.73,8.55,2.43,1.91,6.84,27.09,7.64,5.66,9.37,30.62,7.42,3.09,1.72,1.52,2.15,6.81,2.47,3.64,0.82,3.71
2/28/2006,0.67,2.28,2.27,1.79,4.58,23.59,6.65,9.33,11.23,30.47,9.28,3.86,1.72,1.9,1.44,4.55,3.21,2.6,0.59,4.82
3/31/2006,0.2,14.54,2.4,1.89,8.77,21.48,6.06,6.04,8.53,25.58,8.13,3.39,1.44,1.66,1.44,4.56,2.57,10.26,2.33,3.86
4/30/2006,0.09,24.45,5.77,4.53,29.98,47.58,13.42,16.34,20.07,67.98,13.38,5.57,3.83,2.74,3.33,10.55,6.46,11.89,2.7,9.69
5/31/2006,0.04,2.28,26.12,20.52,56.16,118.55,33.44,41.75,52.66,81.57,17.28,7.2,4.59,3.54,0,0,21.53,4.49,1.02,32.29
6/30/2006,0.02,0.82,25.31,19.89,42.93,56.46,15.93,18.68,37.69,13.07,1.39,0.58,0.74,0.28,0,0,17.4,1.02,0.23,26.1
7/31/2006,0.03,0.36,13.2,10.37,15.23,13.4,3.78,1.67,4.8,4.05,1.11,0.46,0.23,0.23,0.36,1.13,2.95,0.22,0.05,4.42
8/31/2006,0.01,0.15,2.44,1.92,5.47,2.63,0.74,0.17,1.5,1.25,0.71,0.3,0.07,0.15,0.16,0.52,0.22,0,0,0.33
9/30/2006,0.01,0.11,0.94,0.74,3.94,0.57,0.16,0.11,0,0.8,0.43,0.18,0.04,0.09,0.1,0.3,0.12,0,0,0.17
10/31/2006,0,0.15,0.81,0.64,2.26,1,0.28,0.03,0.9,1.09,0.48,0.2,0.06,0.1,0.44,1.39,0.14,0.02,0,0.21
11/30/2006,0,0.27,1.07,0.84,1.11,2.52,0.71,1.02,1.12,1.98,0.82,0.34,0.11,0.17,0.48,1.51,0.3,0.04,0.01,0.45
12/31/2006,0.04,0.67,0.82,0.64,1.98,1.93,0.54,1.33,2.62,3.77,1.16,0.48,0.21,0.24,0.61,1.92,0.45,0.05,0.01,0.68
1/31/2007,0.14,0.65,0.74,0.58,1.23,3.26,0.92,1.36,2.24,4.31,2.73,1.14,0.24,0.56,0.52,1.65,0.59,0.13,0.03,0.89
2/28/2007,0.48,3.49,0.99,0.78,3.49,6.09,1.72,2.72,5.02,10.78,4.89,2.04,0.61,1,0.48,1.53,1.01,0.64,0.14,1.51
3/31/2007,0.88,1.54,2.79,2.19,7.23,16.17,4.56,9.1,8.66,22.82,4.15,1.73,1.28,0.85,0.99,3.13,3.09,1.16,0.26,4.64
4/30/2007,0.14,0.71,5.11,4.01,13.94,17.88,5.04,15,11.55,20.6,2.42,1.01,1.16,0.5,0.84,2.65,5.25,0.47,0.1,7.87
5/31/2007,0.13,0.41,9.07,7.13,21.29,17.93,5.06,9.21,13.59,12.16,1.22,0.51,0.68,0.25,0.83,2.64,7.03,0.26,0.06,10.54
6/30/2007,0.02,0.14,4.2,3.3,8.09,4.27,1.2,0.77,2.87,2.31,0.74,0.31,0.13,0.15,0.51,1.61,0.93,0.2,0.05,1.39
7/31/2007,0.01,0.1,1.06,0.83,1.46,1.86,0.52,0.24,1.49,1.31,0.4,0.17,0.07,0.08,0.28,0.9,0.07,0.07,0.01,0.11
8/31/2007,0.02,0.14,0.49,0.38,0.73,1.37,0.39,0.16,0.93,0.9,0.27,0.11,0.05,0.06,0.22,0.69,0.09,0.07,0.01,0.14
9/30/2007,0.02,0.05,0.37,0.29,0.46,0.86,0.24,0.08,0.33,0.96,0.25,0.1,0.05,0.05,0.32,1.02,0.1,0.15,0.03,0.15
10/31/2007,0.02,0.01,0.43,0.34,1.54,0.18,0.05,0.18,1.05,1.02,0.31,0.13,0.06,0.06,0.3,0.95,0.17,0,0,0.25
11/30/2007,0,0.02,0.41,0.32,0.28,1.17,0.33,0.38,0.62,0.52,0.32,0.13,0.03,0.07,0.44,1.38,0.06,0,0,0.09
12/31/2007,0.11,0.36,0.48,0.38,1.34,0.82,0.23,0.75,1.32,1.14,0.49,0.2,0.06,0.1,0.3,0.96,0.15,0.14,3.00E-02,0.22
1/31/2008,0.91,3.45,0.65,0.51,2.92,0.54,0.15,1.2,2.95,2.74,0.88,0.37,0.15,0.18,0.51,1.61,0.47,0.55,0.13,0.71
2/29/2008,0.61,3.16,0.74,0.58,2.26,2.29,0.65,1.77,2.33,4.38,2.74,1.14,0.25,0.56,0.55,1.74,0.68,0.77,0.17,1.02
3/31/2008,0.78,0.94,1.76,1.38,3.26,12.03,3.39,3.62,5.7,12.7,5.84,2.43,0.72,1.2,0.76,2.42,2.07,0.96,0.22,3.11
4/30/2008,0.81,0.43,4.4,3.46,8.63,26.21,7.39,12.92,13.65,23.78,4.3,1.79,1.34,0.88,0.99,3.15,4.96,0,0,7.43
5/31/2008,0.31,0.18,12.03,9.45,24.87,34.23,9.66,17.85,22.33,28.17,1.42,0.59,1.59,0.29,1.25,3.97,10.05,0,0,15.07
6/30/2008,0.12,0.12,9.66,7.59,17.2,14.33,4.04,3.71,8.49,4.8,0.89,0.37,0.27,0.18,0.72,2.29,4.67,0,0,7.01
7/31/2008,0.06,0.15,2.89,2.27,3.46,2.85,0.8,0.27,1.78,1.64,0.36,0.15,0.09,0.07,0.55,1.73,0.3,0.07,0.02,0.45
8/31/2008,0.02,0.05,0.61,0.48,1.27,0.73,0.21,0,0.54,1.2,0.21,0.09,0.07,0.04,0.44,1.41,0.03,0.02,0.01,0.04
9/30/2008,0.01,0.03,0.26,0.2,0.89,0.33,0.09,0.08,1.16,1.25,0.23,0.1,0.07,0.05,0.35,1.09,0.09,0,0,0.14
10/31/2008,0.02,0,0.55,0.43,0.47,0.94,0.26,0.09,0.88,1.58,0.25,0.1,0.09,0.05,0.39,1.24,0.2,0,0,0.3
11/30/2008,0.21,0,3.01,2.36,2.77,2.25,0.64,0.94,2.96,2.54,0.55,0.23,0.14,0.11,0.37,1.16,1.68,0.15,0.03,2.53
12/31/2008,1.87,0.2,0.9,0.71,1.28,1.35,0.38,1.11,2.25,1.95,1.46,0.61,0.11,0.3,0.26,0.82,0.34,0.25,0.05,0.51
1/31/2009,0.77,0.66,1.67,1.31,3.26,6.3,1.78,2.66,4.85,8.34,2.55,1.06,0.47,0.52,0.35,1.12,1.75,1.03,0.23,2.63
2/28/2009,1.19,2.26,1.5,1.18,2.87,9.09,2.56,3.2,4.85,10.59,6.63,2.76,0.6,1.36,0.65,2.05,1.43,1.39,0.31,2.14
3/31/2009,4.71,4.16,2.8,2.2,6.76,25.76,7.27,8.41,10.68,30.06,8.73,3.64,1.69,1.79,1.43,4.53,3.13,4.57,1.03,4.7
4/30/2009,0.85,0.67,7.24,5.69,11.41,40.26,11.35,17.05,18.78,34.91,5.44,2.27,1.97,1.11,1.15,3.64,6.2,0,0,9.3
5/31/2009,0.37,0.6,19.91,15.64,40.24,66.27,18.69,27.95,36.42,48.51,3.39,1.41,2.73,0.69,0.11,0.33,16.9,0.69,0.16,25.36
6/30/2009,0.23,0.1,11.83,9.3,17.72,17.08,4.82,3.73,9.37,3.65,1.07,0.45,0.21,0.22,0.47,1.48,5.14,0.32,0.07,7.72
7/31/2009,0.07,0.03,5.3,4.17,6.07,3.93,1.11,0.34,1.35,0.51,0.52,0.22,0.03,0.11,0.2,0.63,0.43,0.15,0.03,0.64
8/31/2009,0.03,0.11,1.16,0.91,1.96,1.57,0.44,0.05,1.19,0.16,0.33,0.14,0.01,0.07,0.12,0.38,0.19,0.08,0.02,0.29
9/30/2009,0.02,0.08,0.55,0.43,1.04,0.79,0.22,0,0.43,0,0.23,0.1,0,0.05,0.08,0.26,0.01,0.07,0.02,0.01
10/31/2009,0.05,0.08,2.34,1.84,2.85,1.83,0.52,0.77,1.84,1.49,0.51,0.21,0.08,0.1,0.09,0.28,0.78,0.27,0.06,1.17
11/30/2009,0.03,0,0.75,0.59,0.74,2.02,0.57,0.71,0.83,0.33,0.44,0.18,0.02,0.09,0.01,0.03,0.01,0.16,0.04,0.02
12/31/2009,0.02,0.54,0.83,0.65,1.59,2.02,0.57,1.04,2.06,2.98,0.85,0.35,0.17,0.17,0.53,1.69,0.2,0.6,0.14,0.29
1/31/2010,0.14,4.28,1.05,0.82,3.28,2.77,0.78,1.66,4.19,4.97,1.83,0.76,0.28,0.37,0.49,1.56,0.62,0.89,0.2,0.93
2/28/2010,0.08,2.86,1.04,0.82,2.54,5.36,1.51,1.76,3.03,6.97,3.53,1.47,0.39,0.72,0.45,1.43,0.73,2.15,0.49,1.09
3/31/2010,0.58,3.67,1.92,1.51,3.65,13.83,3.9,3.77,6.4,14.59,7.53,3.14,0.82,1.54,0.57,1.82,1.66,1.91,0.43,2.49
4/30/2010,0.73,3.81,4.06,3.19,7.96,29.89,8.43,10.62,14,29.42,10.76,4.48,1.66,2.2,1.05,3.32,3.73,2.03,0.46,5.59
5/31/2010,0.1,1.48,9.95,7.82,21.24,52.27,14.74,22.35,24.86,51.25,6.25,2.6,2.89,1.28,0.46,1.47,8.22,1.63,0.37,12.33
6/30/2010,0.04,0.56,23.52,18.48,42.2,62.81,17.72,23.34,34.65,39.19,1.24,0.52,2.21,0.25,0,0,17.85,6.26,1.42,26.77
7/31/2010,0.04,0.26,9.27,7.28,14.79,10.2,2.88,1.56,4.25,2.96,0.93,0.39,0.17,0.19,0.77,2.45,2.61,0.56,0.13,3.91
8/31/2010,0.03,0.09,1.89,1.49,2.4,2.21,0.62,0.05,0,0.07,0.47,0.2,0,0.1,0.35,1.1,0.04,0.19,0.04,0.06
9/30/2010,0.06,0.06,0.72,0.57,1.59,0.89,0.25,0.08,0,0.14,0.51,0.21,0.01,0.1,0.32,1.02,0.02,0.2,0.05,0.03
10/31/2010,0.03,0.11,4.43,3.48,5.51,3.96,1.12,3.8,6.65,4.01,0.73,0.3,0.23,0.15,0.43,1.35,2.14,0.39,0.09,3.21
11/30/2010,0.06,0.99,2.06,1.62,3.18,4.25,1.2,2.53,3.53,3.55,4.96,2.07,0.2,1.02,0.23,0.72,1.08,0.6,0.13,1.62
12/31/2010,0.95,8.82,2.6,2.05,9.99,24.99,7.05,6.11,9.84,31.34,7.74,3.22,1.76,1.58,0,0,2.58,4.39,1,3.87
1/31/2011,0.19,3.66,1.84,1.45,3.98,11.87,3.35,3.73,5.3,19.54,4.69,1.95,1.1,0.96,1.67,5.29,1.8,1.87,0.42,2.7
2/28/2011,0.1,5.63,1.63,1.28,3.24,9.59,2.7,3.13,6.18,11.92,8.59,3.58,0.67,1.76,1.66,5.27,1.38,1.03,0.23,2.07
3/31/2011,0.1,22.25,2.02,1.58,11.33,42.29,11.93,5.44,8.74,40.16,18.77,7.82,2.26,3.84,0,0,2.38,8.61,1.95,3.56
4/30/2011,0.1,4,5.97,4.69,18.3,55.04,15.52,16.47,18.15,59.14,15.09,6.28,3.33,3.09,2.92,9.24,5.86,8.55,1.94,8.79
5/31/2011,0.05,1.76,12.77,10.03,32.33,72.52,20.46,27.85,32.19,65.65,10.42,4.34,3.7,2.13,3.42,10.83,11.51,5.43,1.23,17.26
6/30/2011,0.04,1.08,25.25,19.84,54.26,89.57,25.26,37.5,31.16,86.16,6.55,2.73,4.85,1.34,2.24,7.08,20.84,12.91,2.93,31.26
7/31/2011,0.04,0.34,21.38,16.8,36.4,40.1,11.31,12.54,13.75,25.23,1.26,0.52,1.42,0.26,0.2,0.63,11.12,4.89,1.11,16.68
8/31/2011,0.02,0.14,6.07,4.77,9.08,8.11,2.29,0.51,1.58,2.49,0.94,0.39,0.14,0.19,0,0,0.69,0.13,0.03,1.03
9/30/2011,0.01,0.08,2.4,1.89,4.9,2.65,0.75,0.2,1.13,2.21,0.58,0.24,0.12,0.12,0,0,0.12,0.28,0.06,0.17
10/31/2011,0,0.23,2.18,1.71,3.99,2.44,0.69,0.87,2.01,1.49,0.64,0.27,0.08,0.13,0.24,0.75,0.57,0.34,0.08,0.85
11/30/2011,0.01,0.16,0.93,0.73,0.89,2.83,0.8,0.51,1.39,1.23,0.7,0.29,0.07,0.14,0.16,0.5,0.19,0,0,0.28
12/31/2011,0,0.12,0.69,0.54,0.78,2.02,0.57,0.12,0.63,0.94,0.62,0.26,5.00E-02,0.13,0.59,1.87,0,0,0,0
1/31/2012,0.01,0.64,0.91,0.72,1.62,4.22,1.19,2.06,3.64,4.07,1.21,0.5,0.23,0.25,0.58,1.85,0.69,0.5,0.11,1.04
2/29/2012,0.16,0.38,0.68,0.53,1.15,4.28,1.21,1.69,2.62,2.52,3.34,1.39,0.14,0.68,0.27,0.86,0.53,0.25,0.06,0.79
3/31/2012,0.19,2.75,1.34,1.06,4.06,11.45,3.23,5.58,7.02,15.77,7.57,3.15,0.89,1.55,0.5,1.59,1.61,1.13,0.26,2.41
4/30/2012,0.11,3.44,6.93,5.44,18.21,27.57,7.78,18.3,18.47,36.88,3.57,1.49,2.08,0.73,0.98,3.12,6.9,1.13,0.26,10.35
5/31/2012,0.02,0.46,10.01,7.86,20.89,18.3,5.16,8.6,12.61,13.11,1.22,0.51,0.74,0.25,0.53,1.69,7.09,2.19,0.5,10.64
6/30/2012,0.02,0.18,4.31,3.39,8.52,4.16,1.17,0.95,3.47,1.88,0.93,0.39,0.11,0.19,0.14,0.45,1.02,0.3,0.07,1.53
7/31/2012,0.02,0.18,1.03,0.81,3.76,0.43,0.12,0.12,1.22,0.1,0.49,0.2,0.01,0.1,0.07,0.23,0.04,0.17,0.04,0.05
8/31/2012,0.03,0.14,0.62,0.49,2.97,0,0,0.08,0.92,0.02,0.3,0.12,0,0.06,0,0,0.08,0.08,0.02,0.12
9/30/2012,0.02,0.27,0.36,0.28,1.02,0.28,0.08,0.01,0,0,0.23,0.1,0,0.05,0.01,0.02,0,0.22,0.05,0
10/31/2012,0.01,0.13,0.42,0.33,1.46,0.06,0.02,0.12,0.79,0.77,0.43,0.18,0.04,0.09,0,0,0.03,0.15,0.03,0.04
11/30/2012,0,0.27,0.93,0.73,2.05,1.63,0.46,1.79,3.65,3.39,3.03,1.26,0.19,0.62,0.1,0.32,0.58,0.42,0.1,0.87
12/31/2012,0.33,4.49,2.28,1.79,5.85,12.36,3.49,8.1,9.43,22.42,3.73,1.55,1.26,0.76,0.61,1.94,2.17,1.35,0.31,3.25
1/31/2013,0.04,0.88,1.17,0.92,2.07,6.8,1.92,2.79,3.4,8.73,2.35,0.98,0.49,0.48,0.51,1.61,1.07,0.82,0.18,1.61
2/28/2013,0.56,0.46,1.01,0.79,2.11,6.59,1.86,2.22,3.14,6.55,3.2,1.33,0.37,0.66,0.66,2.1,0.76,0.59,0.13,1.14
3/31/2013,0.04,0.49,2.57,2.02,6.32,15.32,4.32,7.8,10.06,16.19,3.32,1.38,0.91,0.68,0.56,1.78,2.73,0.75,0.17,4.1
4/30/2013,0.04,0.46,7.66,6.02,15.1,21.09,5.95,11.89,14.28,17.66,1.28,0.53,0.99,0.26,0.74,2.36,6.44,0.44,0.1,9.66
5/31/2013,0.01,0.21,10.62,8.34,18.6,17.19,4.85,5.85,13.13,4.82,1.06,0.44,0.27,0.22,0.67,2.12,6.57,1.44,0.32,9.86
6/30/2013,0.01,0.19,7.65,6.01,7.89,6.97,1.97,1.06,3.89,0.95,0.55,0.23,0.05,0.11,0.46,1.45,1.2,0.23,0.05,1.8
7/31/2013,0.02,0.17,2.11,1.66,2.53,1.3,0.37,0.2,0.9,0.68,0.29,0.12,0.04,0.06,0.21,0.66,0.11,0.05,0.01,0.16
8/31/2013,0,0.1,0.44,0.34,2.93,0,0,0.07,0.92,0,0.2,0.08,0,0.04,0.01,0.02,0.14,0.1,0.02,0.21
9/30/2013,0,0.03,0.42,0.33,1.18,0.55,0.16,0.05,0.5,0.19,0.19,0.08,0.01,0.04,1.1,3.48,0,0.16,0.04,0
10/31/2013,0,0,0.31,0.24,1.36,0.1,0.03,0.04,0,0.25,0.25,0.1,0.01,0.05,0.13,0.43,0,0.02,0,0
11/30/2013,0,0.03,0.42,0.33,0.57,0.66,0.19,0.1,0.87,0.26,0.29,0.12,0.01,0.06,0.28,0.89,0,0,0,0
12/31/2013,0.48,0,0.45,0.35,0.59,0.73,0.21,0.14,0.93,0.52,0.33,0.14,0.03,0.07,0.24,0.77,0.05,0.1,0.02,0.07
1/31/2014,1.16,0.03,0.34,0.27,0.61,1.03,0.29,0.26,0.71,0.28,1.12,0.47,0.02,0.23,0.17,0.54,0.08,0.11,0.03,0.12
2/28/2014,0.31,0.73,0.72,0.56,2.16,3.84,1.08,1.67,3.15,6.25,1.82,0.76,0.35,0.37,0.35,1.1,0.74,0.56,0.13,1.11
3/31/2014,1.83,0.87,1.73,1.36,3.32,9.09,2.56,5.44,6.15,11.3,2.17,0.9,0.64,0.44,0.49,1.54,1.64,0.59,0.14,2.47
4/30/2014,0.22,0.52,5.64,4.43,11.33,16.07,4.53,11.94,11.87,15.69,1.22,0.51,0.88,0.25,0.6,1.89,4.66,0.55,0.12,6.99
5/31/2014,0.08,0.09,7.88,6.19,16.39,12.96,3.65,6.95,11.42,6.53,0.91,0.38,0.37,0.19,0.64,2.03,4.86,0.5,0.11,7.29
6/30/2014,0.05,0.09,3.68,2.89,4.96,5.69,1.6,0.52,2.24,0.59,0.3,0.12,0.03,0.06,0.32,1.01,0.53,0.14,0.03,0.8
7/31/2014,0.06,0.11,1.9,1.49,3.06,0.59,0.17,0.33,1.84,0.07,0.16,0.07,0,0.03,0.14,0.44,0.08,0.12,0.03,0.12
8/31/2014,0.07,0.13,0.95,0.75,2.07,0.04,0.01,0.09,1.31,0,0.1,0.04,0,0.02,0.04,0.11,0.15,0.04,0.01,0.23
9/30/2014,0.03,0.11,0.44,0.35,1.41,0,0,0.09,0.59,0,0.12,0.05,0,0.02,0.09,0.27,0,0,0,0
10/31/2014,0.06,0.03,0.42,0.33,1.22,0.06,0.02,0.06,1.4,0.05,0.16,0.07,0,0.03,0.18,0.56,0.05,0.11,0.03,0.08
11/30/2014,0.09,0.02,0.68,0.53,1,0.65,0.18,0.25,1.04,0.07,0.59,0.25,0,0.12,0.09,0.28,0.07,0.25,0.06,0.11
12/31/2014,0.67,1.54,1.44,1.13,2.45,2.21,0.62,3.13,3.69,5.28,0.92,0.38,0.3,0.19,0.49,1.54,1.29,0.64,0.15,1.94
1/31/2015,5.96,0.19,0.99,0.77,0.7,2.58,0.73,1.72,1.99,2.51,1.68,0.7,0.14,0.34,0.36,1.15,0.47,0.21,0.05,0.71
2/28/2015,7.24,2.63,3.34,2.62,6.39,8.14,2.3,9.07,9.28,20.02,2.51,1.05,1.13,0.51,0.55,1.75,3.09,0.65,0.15,4.63
3/31/2015,1.4,0.2,2.83,2.22,4.3,4.92,1.39,3.12,4.35,4.13,0.89,0.37,0.23,0.18,0.21,0.68,1.96,0.27,0.06,2.94
4/30/2015,1.22,0.17,3.3,2.59,5.72,4.38,1.24,2.76,4.43,3.19,0.62,0.26,0.18,0.13,0.17,0.55,2.34,0.24,0.05,3.51
5/31/2015,0.36,0.06,7.28,5.72,11.72,9.04,2.55,3.36,7.28,4.25,0.63,0.26,0.24,0.13,0.46,1.45,3.18,0.33,0.07,4.77
6/30/2015,0.18,0.06,5.45,4.28,7.76,4.4,1.24,0.69,2.72,0.65,0.27,0.11,0.04,0.06,0.39,1.24,0.76,0.19,0.04,1.14
7/31/2015,0.12,0.1,1.64,1.29,2.74,1,0.28,0.42,1.92,0,0.12,0.05,0,0.02,0.21,0.66,0.17,0.11,0.02,0.25
8/31/2015,0.07,0.02,0.69,0.54,0.75,0.62,0.17,0.1,0.34,0,0.06,0.02,0,0.01,0.14,0.46,0.13,0.06,0.01,0.2
9/30/2015,0.04,0.01,0.35,0.27,0,0.81,0.23,0.03,0.66,0,0.07,0.03,0,0.01,0.29,0.9,0,0.12,0.03,0
10/31/2015,0.02,0.02,0.74,0.58,1.46,1.01,0.28,0.21,1.19,0,0.15,0.06,0,0.03,0.28,0.87,0.13,0.07,0.02,0.19
11/30/2015,0.34,0.02,1.3,1.02,1.42,1.04,0.29,0.92,1.31,0.91,0.37,0.15,0.05,0.08,0.23,0.72,0.54,0.18,0.04,0.81
12/31/2015,0.06,2.29,0.96,0.76,3.58,7.08,2,1.66,2.39,5.89,1.39,0.58,0.33,0.28,0,0,0.71,1.04,0.24,1.07
1/31/2016,0.25,5.47,1.23,0.97,4.08,9.85,2.78,2.99,4.23,11.1,2.45,1.02,0.63,0.5,0.34,1.07,1.15,1.79,0.4,1.72
2/29/2016,0.08,1.49,2.11,1.66,3.35,8.56,2.41,6.07,7.18,18.25,4.21,1.75,1.03,0.86,3.64,11.51,2.08,0.86,0.19,3.12
3/31/2016,1.7,8.67,4.23,3.32,12.46,37.48,10.57,13.09,15.95,45.77,11.2,4.66,2.58,2.29,1.97,6.25,4.43,2.98,0.67,6.65
4/30/2016,0.59,1.03,9.14,7.18,19.85,42.04,11.86,21.28,21.57,41.29,7.1,2.96,2.32,1.45,0.9,2.85,7.84,0.72,0.16,11.75
5/31/2016,0.16,0.36,15.55,12.22,26.4,36.81,10.38,17.29,22.67,21.93,3.05,1.27,1.23,0.62,1.44,4.56,11.31,2.67,0.61,16.97
6/30/2016,0.1,0.25,15.63,12.28,21.46,17.19,4.85,4.03,11.51,2.78,0.81,0.34,0.16,0.17,3.04,9.64,6.49,1.58,0.36,9.73
7/31/2016,0.06,0.28,4.23,3.33,5.38,3.32,0.94,0.17,2.03,0.13,0.33,0.14,0.01,0.07,0.22,0.68,0.24,0.29,0.06,0.35
8/31/2016,0.02,0.34,1.01,0.79,2.16,1.92,0.54,0.03,0.1,0,0.19,0.08,0,0.04,0,0,0.02,0.17,0.04,0.03
9/30/2016,0.03,0.16,0.52,0.41,1.74,1.06,0.3,0,0.99,0,0.19,0.08,0,0.04,0,0,0,0.12,0.03,0
10/31/2016,0.03,0.3,6.81,5.35,6.68,3.81,1.07,3.48,7.45,5.17,0.96,0.4,0.29,0.2,0.24,0.76,2.81,0.3,0.07,4.22
11/30/2016,0.1,0.4,2.59,2.04,2.28,4.63,1.3,1.29,3.2,3.27,0.7,0.29,0.18,0.14,0.29,0.92,1.01,0.05,0.01,1.51
12/31/2016,0.12,3.16,2.79,2.19,7.87,18.25,5.15,8.73,10.69,29.19,5.23,2.18,1.64,1.07,0.96,3.03,3.1,1.09,0.24,4.64
1/31/2017,1.08,28.15,5.36,4.21,16.59,54.43,15.35,14.81,22.84,70.88,16.41,6.83,3.99,3.36,3.18,10.06,6.28,13.57,3.08,9.42
2/28/2017,3.97,34.22,5.02,3.95,25.42,76.73,21.64,15.19,22.85,106.08,18.43,7.67,5.97,3.77,2.81,8.89,7.11,22.25,5.04,10.66
3/31/2017,2.73,6.61,4.66,3.66,15.48,47.53,13.41,12.26,16.21,47.22,1.5,0.62,2.66,0.31,4.27,13.53,5.17,6.74,1.53,7.75
4/30/2017,0.74,5.76,8.04,6.32,33.64,62.03,17.5,19.78,26.63,63.8,12.7,5.29,3.59,2.6,5.53,17.5,8.36,6.98,1.58,12.54
5/31/2017,0.56,1.7,27.3,21.45,52.95,116.56,32.88,43.61,56.51,67.11,9.65,4.02,3.78,1.98,1.03,3.25,20,8.32,1.89,29.99
6/30/2017,0.27,0.87,34.45,27.07,55.59,81.91,23.1,25.8,50.14,16,3.49,1.45,0.9,0.71,0.85,2.7,19.64,7.19,1.63,29.47
7/31/2017,0.23,0.57,19.84,15.59,26.29,20.59,5.81,3.11,11.15,3.53,1.14,0.47,0.2,0.23,1.93,6.13,5.47,0.36,0.08,8.21
8/31/2017,0.09,0.33,6.26,4.92,9.14,2.87,0.81,0.45,2.37,1.99,0.69,0.29,0.11,0.14,0.52,1.66,0.42,0.19,0.04,0.62
9/30/2017,0.02,0.19,3.01,2.36,6.19,0.9,0.25,0.35,1.65,1.85,0.54,0.22,0.1,0.11,0,0,0.21,0.28,0.06,0.31
10/31/2017,0.03,0.09,1.35,1.06,2.78,1,0.28,0.03,1.03,1,0.54,0.22,0.06,0.11,0.19,0.61,0.13,0.15,0.03,0.19
11/30/2017,0.05,1.63,2.8,2.2,3.62,7.06,1.99,4.58,6.3,6.14,1.24,0.52,0.35,0.25,0.48,1.51,1.86,0.51,0.12,2.78
12/31/2017,0.41,0.28,1.46,1.14,1.5,3.97,1.12,0.89,2.56,3.37,0.76,0.32,0.19,0.16,0.63,1.99,0.46,0.43,0.1,0.69
1/31/2018,0.17,1.17,1.69,1.33,2.22,7.92,2.24,4.18,5.16,10.15,1.94,0.81,0.57,0.4,0.6,1.9,1.56,0.63,0.14,2.34
2/28/2018,0.1,0.36,1.24,0.98,1.11,5.29,1.49,1.73,2.68,3.64,0.98,0.41,0.2,0.2,0.36,1.13,0.7,0.35,0.08,1.04
3/31/2018,0.76,8.02,2.7,2.12,8.25,25.44,7.18,9,11.93,35.22,7.84,3.26,1.98,1.61,1.54,4.88,3.27,5.18,1.17,4.91
4/30/2018,0.86,2.8,12.01,9.44,27.4,59.94,16.91,23.47,29.48,51.45,11.89,4.95,2.9,2.43,2.72,8.62,9.41,4.77,1.08,14.12
5/31/2018,0.16,0.78,14.91,11.72,24.52,30.62,8.64,8.2,18.07,11.19,2.71,1.13,0.63,0.55,2.3,7.27,8.18,3.7,0.84,12.27
6/30/2018,0.08,0.45,9.33,7.33,14.28,11.78,3.32,0.91,4.44,2.82,1.01,0.42,0.16,0.21,1.02,3.24,2.36,0.4,0.09,3.53
7/31/2018,0.04,0.29,2.87,2.26,5.1,2.17,0.61,0.13,1.65,2.48,0.5,0.21,0.14,0.1,0.27,0.86,0.12,0.11,0.03,0.18
8/31/2018,0.05,0.1,0.88,0.69,2.97,0.54,0.15,0.02,0.8,2.39,0.39,0.16,0.13,0.08,0.24,0.76,0.16,0.09,0.02,0.24
9/30/2018,0.03,0.13,0.55,0.44,2.13,0.16,0.05,0,0.22,0.94,0.26,0.11,0.05,0.05,0.13,0.4,0.01,0.03,0,0.01
10/31/2018,0,0.12,0.6,0.47,1.82,0.22,0.06,0.05,0.91,1.22,0.37,0.15,0.07,0.08,0.13,0.42,0.01,0.11,0.03,0.01
11/30/2018,0.01,0.47,0.55,0.44,2.47,0.69,0.19,0.41,1.63,1.15,0.65,0.27,0.06,0.13,0.25,0.79,0.22,0.25,0.05,0.34
12/31/2018,0.05,0.57,0.74,0.58,1.69,2.8,0.79,0.7,1.17,2.32,0.91,0.38,0.13,0.19,0.23,0.73,0.37,0.43,0.1,0.56
1/31/2019,0.4,5.12,0.97,0.76,5.46,5.25,1.48,1.83,3.52,12.53,3.5,1.46,0.71,0.72,0.79,2.51,0.92,2.06,0.47,1.38
2/28/2019,0.21,18.75,1.82,1.43,8.47,16.63,4.69,5.37,9.05,27.83,7.9,3.29,1.57,1.62,1.6,5.08,2.14,4.14,0.94,3.22
3/31/2019,0.25,12.93,1.39,1.09,10.1,26.35,7.43,3.75,7.19,39.29,13.12,5.46,2.21,2.69,2.03,6.43,2.14,7.47,1.69,3.21
4/30/2019,0.11,3.51,8.23,6.47,19.43,75.02,21.16,24.59,27.32,65.67,19.26,8.02,3.7,3.94,2.75,8.7,8.31,2.37,0.54,12.46
5/31/2019,0.08,2.66,15.02,11.8,35.36,74.87,21.12,31.38,36.14,63.9,14.63,6.09,3.6,3,3.32,10.52,11.31,4.31,0.97,16.96
6/30/2019,0.04,1.3,25.84,20.3,52.9,79.88,22.53,29.22,41.95,42.24,8.56,3.56,2.38,1.75,1.05,3.33,21.07,2.11,0.48,31.61
7/31/2019,0.02,1.1,15.15,11.9,20.66,17.64,4.98,3.52,8.75,5.74,1.77,0.74,0.32,0.36,0.76,2.4,5.58,0,0,8.36
8/31/2019,0.02,0.42,3.84,3.01,6.55,2.98,0.84,0.11,1.01,3.15,0.88,0.37,0.18,0.18,0,0,0.39,0.26,0.06,0.59
9/30/2019,0.01,0.11,1.09,0.86,3.74,0,0,0.12,0.04,2.77,0.64,0.27,0.16,0.13,0,0,0,0.15,0.03,0
10/31/2019,0,0.13,0.61,0.48,1.79,1.95,0.55,0,0.48,2.29,0.55,0.23,0.13,0.11,0.05,0.15,0,0.24,0.06,0
11/30/2019,0,0.25,0.52,0.41,1.1,1.96,0.55,0.2,1.03,1.57,0.52,0.22,0.09,0.11,0.03,0.1,0,0.12,0.03,0
12/31/2019,0,1.94,0.84,0.66,3.73,3.74,1.06,0.99,2.93,6.55,2.45,1.02,0.37,0.5,0.61,1.93,0.55,1.44,0.33,0.83
1/31/2020,0,0.8,0.6,0.47,1.3,4.73,1.33,1.03,2.29,5.44,1.5,0.62,0.31,0.31,0.42,1.32,0.34,0.6,0.14,0.51
2/29/2020,0,0.49,0.95,0.74,1.35,6.31,1.78,2.35,3.42,5.12,1.78,0.74,0.29,0.36,0.29,0.92,0.66,0.35,0.08,0.99
3/31/2020,0,3.57,1.22,0.96,3.08,8.72,2.46,4.18,4.77,8.96,2.07,0.86,0.5,0.42,0.43,1.36,1.22,1.06,0.24,1.82
4/30/2020,0,4.04,6.13,4.82,15.24,27.77,7.83,15.83,17.29,33.92,7.25,3.02,1.91,1.48,1.3,4.12,5.99,1.53,0.34,8.99
5/31/2020,0,0.77,11.75,9.23,26.59,25.81,7.28,16.6,20.23,27.46,4.59,1.91,1.55,0.94,1.1,3.47,9.45,1.11,0.25,14.17
6/30/2020,0,0.36,5.97,4.69,10.99,8.1,2.28,1.59,4.14,4.18,1.22,0.51,0.24,0.25,0.57,1.81,1.85,0.31,0.07,2.77
7/31/2020,0,0.2,1.61,1.27,2.87,2.75,0.78,0.15,1.12,1.72,0.52,0.22,0.1,0.11,0.23,0.74,0.16,0.19,0.04,0.24
8/31/2020,0,0.22,0.74,0.58,0.89,2.02,0.57,0.11,1.31,1.5,0.3,0.12,0.08,0.06,0.15,0.47,0.07,0.12,0.03,0.1
9/30/2020,0,0.13,0.4,0.32,1.9,0.42,0.12,0.04,0.42,0.52,0.25,0.1,0.03,0.05,0.14,0.45,0.02,0.33,0.08,0.03
10/31/2020,0,0.02,0.24,0.19,1.54,0.44,0.12,0,0.8,1.89,0.28,0.12,0.11,0.06,0.08,0.25,0,0.1,0.02,0
11/30/2020,0,0.06,0.26,0.2,0.73,0,0,0.17,0.18,0.36,0.41,0.17,0.02,0.08,0,0,0,0.17,0.04,0
12/31/2020,0,0.23,0.41,0.32,0.74,1.8,0.51,0.27,0.24,0.5,0.49,0.2,0.03,0.1,0.16,0.52,0.05,0.22,0.05,0.08
1/31/2021,0,1.87,0.51,0.4,1.63,1.51,0.42,0.98,0.8,1.51,0.55,0.23,0.08,0.11,0.18,0.58,0.18,0.18,0.04,0.28
2/28/2021,0,0.99,0.61,0.48,1.49,3.51,0.99,1.25,1.42,3.65,0.97,0.4,0.21,0.2,0.23,0.72,0.56,0.75,0.17,0.84
3/31/2021,0,1.16,0.98,0.77,2.47,6.81,1.92,2.61,3.07,7.07,1.82,0.76,0.4,0.37,0.34,1.09,0.95,0.73,0.17,1.42
4/30/2021,0,0.52,5.02,3.94,10.41,15.73,4.44,12.52,15.77,14.59,2.83,1.18,0.82,0.58,0.57,1.82,4.64,0.35,0.08,6.96
5/31/2021,0,0.4,8.79,6.91,15.34,13.77,3.88,6.96,11.23,6.21,1.23,0.51,0.35,0.25,0.47,1.5,5.21,0.14,0.03,7.82
6/30/2021,0,0.18,3.9,3.06,5.95,4.35,1.23,0.43,2,1.3,0.33,0.14,0.07,0.07,0,0.01,0.48,0.16,0.04,0.73
7/31/2021,0,0.11,1,0.79,0.67,2.52,0.71,0.15,1.04,0.47,0.15,0.06,0.03,0.03,0.11,0.34,0.09,0.1,0.02,0.13
8/31/2021,0,0.09,0.53,0.41,2.5,0,0,0.03,0.13,0.04,0.1,0.04,0,0.02,0,0,0.01,0.14,0.03,0.01
9/30/2021,0,0.07,0.31,0.25,3.26,0,0,0,0.89,3.27,0.11,0.05,0.18,0.02,0,0,0.02,0.08,0.02,0.04
