,I_MFM008,I_SFM005,I_COL003,I_SLTSP,I_UBEAR,I_NFM010,I_TGC003,I_NHGAN,I_PARDE,I_CMCHE,I_JNKSN,I_CMP001,I_CMP014,I_CSM035,I_AMADR,I_DSC035,I_DEE023
1921-09-30,,,,,,,,,,,,,,,,,
1921-10-31,0.2,0.2,0.11,1.03,0.23,0.2,0.01,0.0,0.0,0.0,0.02,0.02,0.05,0.35,0.04,0.06,0.07
1921-11-30,0.28,0.28,0.1,1.0,0.22,0.2,0.01,0.08,0.01,0.01,0.06,0.05,0.12,0.91,0.09,0.14,0.19
1921-12-31,1.59,1.78,0.55,4.3,0.95,0.08,0.01,12.88,0.9,0.9,0.58,0.5,1.36,11.38,1.11,2.4,2.6
1922-01-31,2.05,2.54,1.28,7.95,1.75,2.39,0.18,14.1,0.99,0.99,0.78,0.53,1.42,14.89,1.42,3.8,3.29
1922-02-28,7.45,9.58,3.1,17.26,3.81,11.6,0.87,102.35,7.16,7.16,5.33,2.62,7.06,89.51,8.4,24.0,16.57
1922-03-31,7.69,9.93,2.28,15.12,3.34,12.45,0.93,39.42,2.76,2.76,3.86,1.65,4.45,59.83,5.61,16.1,7.87
1922-04-30,12.04,15.14,4.59,31.78,7.01,22.61,1.69,27.18,1.9,1.9,4.14,2.41,6.52,70.83,6.75,16.54,5.78
1922-05-31,18.4,20.98,22.43,147.22,32.49,65.06,4.86,8.59,0.6,0.6,4.0,3.75,10.11,79.54,7.83,11.66,2.97
1922-06-30,5.56,5.64,21.32,153.51,33.88,43.85,3.28,2.24,0.16,0.16,0.85,1.55,4.2,26.09,2.63,1.95,0.13
1922-07-31,0.97,1.01,1.7,22.69,5.01,3.7,0.28,0.37,0.03,0.03,0.16,0.26,0.7,3.1,0.34,0.15,0.0
1922-08-31,0.34,0.35,0.05,1.24,0.27,0.52,0.04,0.0,0.0,0.0,0.04,0.05,0.12,0.54,0.06,0.02,0.0
1922-09-30,0.18,0.18,0.01,0.38,0.08,0.18,0.01,0.0,0.0,0.0,0.01,0.02,0.04,0.17,0.02,0.01,0.0
1922-10-31,0.31,0.31,0.16,1.65,0.36,0.25,0.02,0.22,0.02,0.02,0.06,0.04,0.12,0.91,0.09,0.14,0.19
1922-11-30,0.87,0.96,0.63,4.85,1.07,0.0,0.0,5.22,0.37,0.37,0.51,0.45,1.22,9.79,0.96,1.95,2.24
1922-12-31,6.16,7.79,3.45,20.19,4.46,10.9,0.81,60.48,4.23,4.23,5.13,2.73,7.36,88.94,8.37,23.58,17.34
1923-01-31,4.02,5.19,2.21,14.94,3.3,10.91,0.82,31.27,2.19,2.19,4.33,1.74,4.7,65.47,6.13,17.78,9.72
1923-02-28,3.82,4.91,1.51,10.53,2.32,6.99,0.52,24.77,1.73,1.73,2.11,1.26,3.41,38.37,3.63,9.84,3.94
1923-03-31,4.33,5.4,2.19,15.74,3.47,9.69,0.72,9.9,0.69,0.69,1.94,1.12,3.04,33.46,3.18,8.14,2.98
1923-04-30,12.14,14.36,7.51,50.16,11.07,23.76,1.78,18.59,1.3,1.3,4.58,3.41,9.21,81.28,7.92,14.13,3.92
1923-05-31,5.52,5.75,18.62,127.0,28.03,34.04,2.54,7.08,0.5,0.5,1.13,1.85,5.0,32.54,3.26,2.54,0.28
1923-06-30,1.92,1.94,8.14,63.0,13.9,15.09,1.13,2.43,0.17,0.17,0.4,0.76,2.06,12.44,1.26,0.91,0.04
1923-07-31,0.59,0.61,1.43,18.6,4.11,2.11,0.16,0.59,0.04,0.04,0.14,0.24,0.65,2.92,0.32,0.15,0.0
1923-08-31,0.25,0.25,0.02,0.71,0.16,0.13,0.01,0.18,0.01,0.01,0.04,0.04,0.12,0.53,0.06,0.02,0.0
1923-09-30,0.24,0.24,0.06,1.78,0.39,0.58,0.04,0.33,0.02,0.02,0.05,0.05,0.13,0.58,0.07,0.03,0.0
1923-10-31,0.39,0.42,0.71,5.83,1.29,-0.0,-0.0,1.2,0.08,0.08,0.06,0.16,0.42,1.57,0.18,0.0,0.11
1923-11-30,0.36,0.43,0.43,2.99,0.66,0.0,0.0,1.19,0.08,0.08,0.07,0.12,0.33,1.49,0.16,0.0,0.1
1923-12-31,0.55,0.66,0.42,2.59,0.57,0.0,0.0,1.75,0.12,0.12,0.12,0.18,0.49,2.46,0.26,0.0,0.14
1924-01-31,0.82,0.98,0.51,4.06,0.9,0.0,0.0,2.43,0.17,0.17,0.16,0.27,0.73,3.72,0.39,0.0,0.2
1924-02-29,1.27,1.45,1.08,8.74,1.93,0.0,0.0,3.45,0.24,0.24,0.4,0.64,1.73,8.39,0.9,0.0,0.31
1924-03-31,0.64,0.7,1.42,11.77,2.6,0.0,0.0,2.43,0.17,0.17,0.18,0.33,0.89,3.76,0.41,0.0,0.08
1924-04-30,1.0,0.98,5.74,44.65,9.85,-0.0,-0.0,2.65,0.19,0.19,0.22,0.65,1.75,5.77,0.67,0.0,0.06
1924-05-31,0.29,0.28,7.02,63.11,13.93,-0.0,-0.0,1.93,0.14,0.14,0.05,0.27,0.73,1.98,0.24,0.02,0.0
1924-06-30,0.06,0.05,0.06,1.84,0.41,-0.0,-0.0,0.19,0.01,0.01,0.01,0.03,0.08,0.14,0.02,0.0,0.0
1924-07-31,0.01,0.01,0.0,0.0,0.0,-0.0,-0.0,0.0,0.0,0.0,0.0,0.0,0.0,0.01,0.0,0.0,0.0
1924-08-31,0.01,0.01,0.0,0.0,0.0,-0.0,-0.0,0.0,0.0,0.0,0.0,0.0,0.0,0.0,0.0,0.0,0.0
1924-09-30,0.02,0.02,0.0,0.0,0.0,-0.0,-0.0,0.0,0.0,0.0,0.0,0.0,0.0,0.0,0.0,0.0,0.0
1924-10-31,0.3,0.3,0.3,2.97,0.66,0.38,0.03,0.0,0.0,0.0,0.05,0.03,0.09,0.7,0.07,0.11,0.15
1924-11-30,0.73,0.79,1.39,9.24,2.04,1.55,0.12,2.45,0.17,0.17,0.23,0.21,0.55,4.3,0.43,0.76,0.95
1924-12-31,1.44,1.74,1.53,8.97,1.98,4.63,0.35,8.03,0.56,0.56,0.62,0.51,1.37,12.61,1.22,3.02,2.83
1925-01-31,1.17,1.46,1.52,8.05,1.78,6.22,0.46,5.96,0.42,0.42,0.7,0.4,1.07,11.7,1.11,2.95,2.57
1925-02-28,11.82,15.22,4.62,31.19,6.88,23.61,1.76,77.99,5.46,5.46,7.18,3.31,8.94,115.86,10.88,30.8,19.11
1925-03-31,5.2,6.5,4.36,30.45,6.72,20.03,1.5,11.41,0.8,0.8,2.07,1.28,3.46,37.68,3.58,9.42,3.68
1925-04-30,12.19,14.4,10.88,70.62,15.59,32.31,2.41,36.47,2.55,2.55,4.91,3.2,8.65,82.85,8.01,16.66,5.25
1925-05-31,6.34,6.57,19.37,132.38,29.22,37.55,2.81,5.93,0.42,0.42,1.34,2.2,5.93,38.09,3.82,2.94,0.34
1925-06-30,1.86,1.91,8.94,71.85,15.86,18.59,1.39,1.48,0.1,0.1,0.38,0.74,2.0,11.76,1.2,0.85,0.04
1925-07-31,0.42,0.44,0.84,11.52,2.54,1.74,0.13,0.15,0.01,0.01,0.1,0.16,0.43,1.78,0.2,0.07,0.0
1925-08-31,0.13,0.13,0.04,1.04,0.23,0.23,0.02,0.0,0.0,0.0,0.03,0.04,0.1,0.43,0.05,0.02,0.0
1925-09-30,0.14,0.14,0.06,1.52,0.34,0.62,0.05,0.0,0.0,0.0,0.03,0.04,0.1,0.41,0.05,0.02,0.0
1925-10-31,0.31,0.31,0.23,2.32,0.51,0.0,0.0,0.12,0.01,0.01,0.06,0.07,0.18,1.07,0.11,0.14,0.2
1925-11-30,0.49,0.57,0.45,3.35,0.74,0.0,0.0,1.0,0.07,0.07,0.08,0.09,0.25,1.65,0.17,0.27,0.34
1925-12-31,0.58,0.72,1.14,7.22,1.59,2.06,0.15,1.93,0.14,0.14,0.15,0.16,0.42,3.22,0.32,0.66,0.64
1926-01-31,0.93,1.16,0.95,5.82,1.28,3.21,0.24,2.24,0.16,0.16,0.18,0.15,0.4,3.43,0.33,0.7,0.67
1926-02-28,4.01,5.09,1.94,14.22,3.14,6.9,0.52,36.67,2.57,2.57,2.6,1.57,4.23,43.27,4.15,9.29,6.46
1926-03-31,2.31,2.83,3.03,22.84,5.04,9.34,0.7,4.37,0.31,0.31,0.98,0.78,2.1,18.68,1.81,3.82,1.68
1926-04-30,6.52,7.33,11.25,80.49,17.77,11.74,0.88,13.63,0.95,0.95,2.02,2.06,5.55,38.81,3.89,5.41,1.7
1926-05-31,1.26,1.24,8.0,64.22,14.17,5.04,0.38,1.33,0.09,0.09,0.28,0.64,1.73,8.96,0.93,0.57,0.04
1926-06-30,0.27,0.28,0.76,11.31,2.5,0.0,0.0,0.16,0.01,0.01,0.06,0.12,0.33,1.22,0.14,0.06,0.0
1926-07-31,0.04,0.04,0.02,0.51,0.11,0.13,0.01,0.0,0.0,0.0,0.01,0.02,0.05,0.15,0.02,0.01,0.0
1926-08-31,0.03,0.03,0.0,0.0,0.0,0.0,0.0,0.0,0.0,0.0,0.0,0.0,0.0,0.0,0.0,0.0,0.0
1926-09-30,0.03,0.03,0.0,0.0,0.0,0.0,0.0,0.0,0.0,0.0,0.0,0.0,0.01,0.02,0.0,0.0,0.0
1926-10-31,0.17,0.18,0.1,1.01,0.22,0.2,0.01,0.0,0.0,0.0,0.03,0.02,0.06,0.47,0.05,0.07,0.1
1926-11-30,3.39,3.96,1.72,12.0,2.65,2.08,0.16,16.63,1.16,1.16,0.62,0.54,1.45,11.86,1.16,2.42,2.71
1926-12-31,1.85,2.32,2.42,13.74,3.03,8.19,0.61,4.28,0.3,0.3,0.58,0.43,1.17,12.02,1.14,3.08,2.66
1927-01-31,2.63,3.4,2.19,13.46,2.97,11.34,0.85,12.25,0.86,0.86,1.86,0.88,2.37,28.98,2.74,7.5,6.23
1927-02-28,11.63,15.03,4.44,30.25,6.68,22.09,1.65,76.53,5.36,5.36,7.09,3.14,8.48,114.08,10.68,31.1,18.39
1927-03-31,8.14,10.17,3.96,27.47,6.06,18.15,1.36,15.89,1.11,1.11,3.35,2.01,5.43,60.78,5.75,15.47,6.12
1927-04-30,14.61,17.0,9.73,62.8,13.86,29.11,2.18,38.72,2.71,2.71,5.76,4.09,11.05,101.14,9.81,18.68,5.53
1927-05-31,6.55,6.78,16.38,109.74,24.22,33.68,2.52,4.55,0.32,0.32,1.18,1.93,5.21,33.95,3.4,2.65,0.28
1927-06-30,2.12,2.19,13.89,104.46,23.06,29.1,2.17,1.55,0.11,0.11,0.43,0.82,2.22,13.11,1.33,0.94,0.04
1927-07-31,0.65,0.67,1.38,18.44,4.07,2.92,0.22,0.19,0.01,0.01,0.12,0.18,0.47,2.0,0.22,0.08,0.0
1927-08-31,0.24,0.24,0.05,1.41,0.31,0.46,0.03,0.0,0.0,0.0,0.04,0.04,0.1,0.46,0.05,0.02,0.0
1927-09-30,0.2,0.2,0.03,0.71,0.16,0.33,0.02,0.0,0.0,0.0,0.02,0.03,0.07,0.3,0.03,0.01,0.0
1927-10-31,0.63,0.64,0.15,4.1,0.9,0.11,0.01,0.25,0.02,0.02,0.07,0.05,0.14,0.99,0.1,0.15,0.21
1927-11-30,1.28,1.51,1.79,14.01,3.09,4.39,0.33,2.93,0.21,0.21,0.35,0.33,0.89,6.87,0.68,1.35,1.54
1927-12-31,1.18,1.48,0.86,6.48,1.43,4.45,0.33,7.53,0.53,0.53,0.56,0.42,1.13,11.18,1.07,2.75,2.42
1928-01-31,1.3,1.64,0.74,8.42,1.86,5.91,0.44,4.78,0.33,0.33,0.66,0.34,0.93,10.27,0.98,2.52,2.22
1928-02-29,2.82,3.65,0.63,11.05,2.44,6.66,0.5,19.32,1.35,1.35,1.31,0.65,1.75,21.7,2.04,5.59,3.94
1928-03-31,14.23,17.94,12.78,74.11,16.36,35.66,2.66,63.6,4.45,4.45,7.39,3.94,10.64,124.12,11.75,31.01,15.45
1928-04-30,10.4,11.71,10.01,63.5,14.02,16.16,1.21,20.13,1.41,1.41,3.37,3.12,8.43,65.47,6.46,9.65,2.55
1928-05-31,3.22,3.23,13.89,99.94,22.06,21.18,1.58,3.17,0.22,0.22,0.56,1.07,2.89,17.6,1.78,1.29,0.09
1928-06-30,0.88,0.92,1.12,17.72,3.91,1.65,0.12,0.83,0.06,0.06,0.14,0.26,0.7,3.4,0.36,0.21,0.01
1928-07-31,0.32,0.33,0.12,2.31,0.51,0.65,0.05,0.12,0.01,0.01,0.06,0.08,0.22,0.93,0.1,0.04,0.0
1928-08-31,0.09,0.1,0.06,0.0,0.0,0.0,0.0,0.0,0.0,0.0,0.02,0.02,0.06,0.26,0.03,0.01,0.0
1928-09-30,0.08,0.08,0.04,0.0,0.0,0.01,0.0,0.0,0.0,0.0,0.02,0.02,0.04,0.19,0.02,0.01,0.0
1928-10-31,0.16,0.16,0.07,0.73,0.16,0.0,0.0,0.0,0.0,0.0,0.03,0.03,0.08,0.42,0.04,0.05,0.07
1928-11-30,0.54,0.61,0.14,1.62,0.36,0.0,0.0,0.9,0.06,0.06,0.08,0.11,0.29,1.74,0.18,0.25,0.33
1928-12-31,0.82,1.0,0.48,2.45,0.54,0.0,0.0,2.7,0.19,0.19,0.17,0.19,0.5,3.66,0.36,0.67,0.68
1929-01-31,0.81,1.03,0.3,3.12,0.69,0.59,0.04,4.73,0.33,0.33,0.35,0.26,0.7,5.87,0.58,1.07,1.07
1929-02-28,1.83,2.32,0.33,5.55,1.22,1.58,0.12,10.83,0.76,0.76,0.83,0.63,1.7,15.58,1.51,2.97,2.27
1929-03-31,2.22,2.77,2.5,12.65,2.79,6.27,0.47,8.59,0.6,0.6,1.05,0.65,1.75,16.96,1.64,3.27,2.0
1929-04-30,4.36,5.15,5.36,28.87,6.37,11.16,0.83,7.58,0.53,0.53,1.33,1.15,3.1,23.96,2.38,3.99,1.58
1929-05-31,2.45,2.6,13.4,97.23,21.46,9.25,0.69,1.57,0.11,0.11,0.74,1.03,2.78,16.14,1.66,1.65,0.46
1929-06-30,1.23,1.2,4.65,43.58,9.62,1.7,0.13,1.39,0.1,0.1,0.24,0.57,1.55,7.47,0.79,0.44,0.04
1929-07-31,0.2,0.2,0.2,3.59,0.79,0.29,0.02,0.02,0.0,0.0,0.05,0.11,0.29,1.01,0.12,0.05,0.0
1929-08-31,0.06,0.06,0.08,0.0,0.0,0.0,0.0,0.0,0.0,0.0,0.01,0.01,0.02,0.08,0.01,0.0,0.0
1929-09-30,0.05,0.05,0.04,0.0,0.0,0.0,0.0,0.0,0.0,0.0,0.0,0.0,0.01,0.04,0.0,0.0,0.0
1929-10-31,0.09,0.09,0.03,0.7,0.15,0.05,0.0,0.0,0.0,0.0,0.01,0.01,0.03,0.2,0.02,0.03,0.04
1929-11-30,0.16,0.16,0.04,0.73,0.16,0.04,0.0,0.0,0.0,0.0,0.02,0.02,0.06,0.37,0.04,0.05,0.07
1929-12-31,0.57,0.65,1.37,10.48,2.31,1.49,0.11,0.2,0.01,0.01,0.22,0.24,0.65,4.61,0.46,0.84,0.95
1930-01-31,1.54,1.91,1.23,7.27,1.6,3.92,0.29,11.66,0.82,0.82,0.99,0.64,1.73,16.81,1.62,3.64,3.15
1930-02-28,2.05,2.63,1.94,11.8,2.61,7.29,0.54,10.87,0.76,0.76,0.84,0.58,1.57,15.98,1.53,3.59,2.52
1930-03-31,5.98,7.46,3.62,24.54,5.42,12.58,0.94,34.41,2.41,2.41,2.82,1.77,4.78,47.75,4.59,10.39,5.18
1930-04-30,4.75,5.41,9.06,59.85,13.21,18.36,1.37,2.59,0.18,0.18,1.63,1.38,3.72,28.53,2.83,4.49,1.41
1930-05-31,2.63,2.67,9.3,73.45,16.21,9.94,0.74,2.14,0.15,0.15,0.53,1.05,2.84,15.7,1.62,1.06,0.12
1930-06-30,0.68,0.71,4.39,53.25,11.75,6.42,0.48,0.25,0.02,0.02,0.15,0.33,0.9,4.43,0.47,0.28,0.01
1930-07-31,0.09,0.09,0.1,4.54,1.0,0.21,0.02,0.22,0.02,0.02,0.04,0.06,0.17,0.59,0.07,0.02,0.0
1930-08-31,0.04,0.04,0.02,0.69,0.15,0.09,0.01,0.07,0.0,0.0,0.01,0.01,0.02,0.1,0.01,0.0,0.0
1930-09-30,0.05,0.05,0.02,0.69,0.15,0.22,0.02,0.11,0.01,0.01,0.01,0.01,0.04,0.14,0.02,0.01,0.0
1930-10-31,0.13,0.12,0.02,1.48,0.33,0.0,0.0,0.24,0.02,0.02,0.02,0.04,0.11,0.37,0.04,0.01,0.03
1930-11-30,0.53,0.6,0.04,3.71,0.82,0.0,0.0,0.06,0.0,0.0,0.07,0.14,0.37,1.63,0.18,0.04,0.15
1930-12-31,0.33,0.39,0.14,1.97,0.43,0.04,0.0,0.21,0.01,0.01,0.06,0.09,0.24,1.17,0.13,0.02,0.11
1931-01-31,0.74,0.88,0.49,3.06,0.68,0.1,0.01,3.7,0.26,0.26,0.22,0.31,0.83,4.52,0.47,0.04,0.35
1931-02-28,1.02,1.18,0.56,7.4,1.63,0.56,0.04,4.31,0.3,0.3,0.43,0.57,1.53,8.63,0.9,0.1,0.54
1931-03-31,1.13,1.22,2.42,14.57,3.22,0.86,0.06,2.88,0.2,0.2,0.44,0.72,1.95,9.11,0.98,0.14,0.3
1931-04-30,0.65,0.63,7.75,51.61,11.39,0.57,0.04,0.75,0.05,0.05,0.2,0.52,1.41,5.1,0.58,0.07,0.07
1931-05-31,0.26,0.24,5.27,62.09,13.7,0.0,0.0,0.22,0.02,0.02,0.07,0.3,0.81,2.54,0.3,0.04,0.01
1931-06-30,0.13,0.12,0.91,10.91,2.41,0.0,0.0,0.13,0.01,0.01,0.03,0.12,0.31,0.77,0.1,0.02,0.0
1931-07-31,0.02,0.02,0.03,1.01,0.22,0.02,0.0,0.15,0.01,0.01,0.0,0.01,0.03,0.05,0.01,0.0,0.0
1931-08-31,0.0,0.0,0.0,0.0,0.0,0.0,0.0,0.01,0.0,0.0,0.0,0.0,0.0,0.0,0.0,0.0,0.0
1931-09-30,0.01,0.01,0.0,0.0,0.0,0.0,0.0,0.0,0.0,0.0,0.0,0.0,0.0,0.0,0.0,0.0,0.0
1931-10-31,0.05,0.05,0.01,0.0,0.0,0.0,0.0,0.0,0.0,0.0,0.01,0.0,0.01,0.11,0.01,0.02,0.02
1931-11-30,0.25,0.25,0.02,2.01,0.44,0.4,0.03,0.01,0.0,0.0,0.08,0.06,0.17,1.24,0.12,0.19,0.25
1931-12-31,3.06,3.68,0.06,7.53,1.66,0.22,0.02,35.88,2.51,2.51,1.47,1.03,2.77,26.64,2.57,6.24,5.82
1932-01-31,2.04,2.62,0.09,9.4,2.08,3.61,0.27,19.82,1.39,1.39,1.44,0.73,1.96,24.03,2.26,6.17,4.39
1932-02-29,6.57,8.46,0.35,19.35,4.27,12.6,0.94,59.5,4.16,4.16,4.75,2.3,6.22,77.79,7.32,20.24,11.45
1932-03-31,5.32,6.67,3.37,21.92,4.84,15.59,1.17,7.84,0.55,0.55,2.22,1.4,3.79,39.33,3.76,9.27,3.42
1932-04-30,6.49,7.79,8.34,39.53,8.73,26.02,1.94,3.38,0.24,0.24,2.27,1.42,3.83,35.65,3.47,6.86,2.06
1932-05-31,7.98,8.73,18.48,117.31,25.89,38.05,2.84,3.56,0.25,0.25,1.64,2.24,6.06,41.13,4.11,4.27,0.84
1932-06-30,2.43,2.44,13.97,113.86,25.13,28.52,2.13,0.76,0.05,0.05,0.44,0.87,2.35,13.74,1.4,0.98,0.04
1932-07-31,0.56,0.57,0.92,19.37,4.28,2.42,0.18,0.01,0.0,0.0,0.1,0.17,0.45,1.81,0.2,0.07,0.0
1932-08-31,0.14,0.14,0.02,2.09,0.46,0.47,0.04,0.0,0.0,0.0,0.02,0.03,0.08,0.31,0.04,0.01,0.0
1932-09-30,0.09,0.09,0.01,0.92,0.2,0.4,0.03,0.0,0.0,0.0,0.01,0.01,0.02,0.07,0.01,0.0,0.0
1932-10-31,0.14,0.13,0.01,0.13,0.03,0.01,0.0,0.0,0.0,0.0,0.01,0.02,0.04,0.23,0.02,0.03,0.04
1932-11-30,0.23,0.25,0.01,0.76,0.17,0.03,0.0,0.0,0.0,0.0,0.03,0.03,0.08,0.48,0.05,0.06,0.08
1932-12-31,0.37,0.43,0.01,1.93,0.43,0.0,0.0,0.0,0.0,0.0,0.07,0.09,0.24,1.48,0.15,0.22,0.28
1933-01-31,0.45,0.55,0.02,2.95,0.65,0.0,0.0,9.77,0.68,0.68,0.2,0.22,0.59,4.33,0.43,0.79,0.79
1933-02-28,0.92,1.15,0.02,4.19,0.92,0.92,0.07,6.35,0.44,0.44,0.33,0.23,0.63,5.36,0.53,0.97,0.97
1933-03-31,2.64,3.34,0.11,11.86,2.62,5.11,0.38,7.73,0.54,0.54,0.83,0.65,1.74,15.75,1.53,2.97,2.26
1933-04-30,2.93,3.61,4.73,25.38,5.6,13.91,1.04,2.84,0.2,0.2,1.18,0.79,2.13,19.67,1.91,3.73,2.13
1933-05-31,4.41,5.03,9.44,63.82,14.09,19.86,1.48,3.22,0.23,0.23,1.55,1.39,3.76,27.35,2.74,4.26,1.62
1933-06-30,2.1,2.12,12.21,111.92,24.7,13.67,1.02,0.51,0.04,0.04,0.49,1.1,2.98,14.9,1.57,0.89,0.1
1933-07-31,0.3,0.31,0.31,11.94,2.63,0.27,0.02,0.02,0.0,0.0,0.06,0.15,0.4,1.42,0.16,0.07,0.0
1933-08-31,0.17,0.18,0.01,3.01,0.66,0.04,0.0,0.0,0.0,0.0,0.01,0.01,0.03,0.12,0.01,0.0,0.0
1933-09-30,0.06,0.07,0.01,2.47,0.54,0.38,0.03,0.0,0.0,0.0,0.0,0.0,0.01,0.01,0.0,0.0,0.0
1933-10-31,0.2,0.3,0.05,3.9,0.86,0.0,0.0,0.0,0.0,0.0,0.03,0.03,0.09,0.52,0.05,0.06,0.09
1933-11-30,0.28,0.43,0.09,3.48,0.77,0.26,0.02,0.0,0.0,0.0,0.06,0.08,0.2,1.24,0.13,0.18,0.24
1933-12-31,1.41,2.11,0.48,9.56,2.11,2.91,0.22,12.26,0.86,0.86,0.82,0.64,1.73,14.58,1.43,2.76,2.58
1934-01-31,1.79,2.58,1.03,10.98,2.42,4.28,0.32,13.0,0.91,0.91,1.53,1.0,2.7,26.07,2.52,5.18,3.5
1934-02-28,2.52,3.29,1.34,12.59,2.78,4.16,0.31,21.06,1.47,1.47,1.37,1.11,3.01,25.2,2.47,4.57,1.99
1934-03-31,2.06,2.83,7.78,42.4,9.36,7.93,0.59,5.82,0.41,0.41,0.94,1.03,2.78,17.82,1.81,2.28,0.71
1934-04-30,0.83,1.09,7.4,58.21,12.85,1.31,0.1,1.05,0.07,0.07,0.27,0.58,1.56,7.93,0.83,0.49,0.06
1934-05-31,0.38,0.71,3.08,30.0,6.62,0.79,0.06,0.28,0.02,0.02,0.1,0.26,0.7,3.45,0.36,0.2,0.01
1934-06-30,0.22,0.4,1.42,15.95,3.52,0.0,0.0,0.74,0.05,0.05,0.08,0.18,0.48,1.88,0.21,0.1,0.0
1934-07-31,0.07,0.06,0.05,0.43,0.1,0.08,0.01,0.02,0.0,0.0,0.02,0.02,0.06,0.22,0.03,0.01,0.0
1934-08-31,0.02,0.0,0.01,0.07,0.01,0.01,0.0,0.0,0.0,0.0,0.0,0.0,0.0,0.0,0.0,0.0,0.0
1934-09-30,0.03,0.01,0.01,0.01,0.0,0.01,0.0,0.0,0.0,0.0,0.0,0.0,0.0,0.0,0.0,0.0,0.0
1934-10-31,0.09,0.15,0.04,0.16,0.04,0.02,0.0,0.11,0.01,0.01,0.01,0.01,0.03,0.22,0.02,0.03,0.04
1934-11-30,0.42,0.61,1.04,6.38,1.41,0.11,0.01,0.99,0.07,0.07,0.2,0.17,0.46,3.54,0.35,0.59,0.76
1934-12-31,0.5,0.79,1.01,5.53,1.22,1.94,0.14,3.37,0.24,0.24,0.23,0.22,0.59,4.72,0.46,0.96,1.1
1935-01-31,1.92,3.2,1.23,8.41,1.86,4.19,0.31,31.94,2.24,2.24,1.62,0.97,2.62,27.97,2.67,7.01,6.13
1935-02-28,2.37,3.47,1.11,11.48,2.53,8.51,0.64,7.38,0.52,0.52,1.26,0.59,1.6,20.65,1.94,5.46,3.75
1935-03-31,3.35,4.91,1.93,13.42,2.96,9.37,0.7,30.15,2.11,2.11,2.05,1.14,3.07,37.45,3.51,9.98,6.53
1935-04-30,18.19,24.4,12.92,59.4,13.11,34.18,2.55,54.31,3.8,3.8,9.13,4.88,13.19,147.09,14.01,34.97,14.43
1935-05-31,8.21,8.98,22.65,118.07,26.06,34.23,2.56,8.22,0.58,0.58,1.95,2.65,7.16,49.41,4.92,5.14,0.99
1935-06-30,2.26,2.36,12.42,87.17,19.24,19.58,1.46,2.23,0.16,0.16,0.46,0.91,2.45,14.55,1.48,1.05,0.04
1935-07-31,0.66,0.95,0.51,9.39,2.07,1.18,0.09,1.85,0.13,0.13,0.13,0.21,0.56,2.42,0.27,0.11,0.0
1935-08-31,0.15,0.38,0.02,0.57,0.13,0.2,0.01,0.22,0.02,0.02,0.04,0.04,0.1,0.44,0.05,0.02,0.0
1935-09-30,0.06,0.22,0.01,0.63,0.14,0.26,0.02,0.0,0.0,0.0,0.01,0.01,0.02,0.1,0.01,0.0,0.0
1935-10-31,0.3,0.51,0.03,1.68,0.37,0.31,0.02,0.0,0.0,0.0,0.06,0.05,0.12,0.93,0.09,0.24,0.2
1935-11-30,0.42,0.6,0.08,1.87,0.41,0.11,0.01,0.06,0.0,0.0,0.11,0.07,0.2,1.57,0.16,0.44,0.33
1935-12-31,0.52,0.72,0.1,2.43,0.54,0.02,0.0,0.55,0.04,0.04,0.11,0.1,0.28,2.28,0.22,0.72,0.5
1936-01-31,3.75,4.95,4.09,12.82,2.83,5.36,0.4,29.06,2.03,2.03,2.82,1.7,4.59,49.27,4.69,12.66,11.12
1936-02-29,18.86,28.84,4.87,35.58,7.85,26.93,2.01,185.91,13.01,13.01,12.08,5.74,15.49,200.45,18.79,61.63,29.21
1936-03-31,9.88,12.88,4.3,32.55,7.18,22.03,1.65,19.51,1.37,1.37,3.82,2.11,5.7,61.85,5.91,12.66,4.55
1936-04-30,10.59,13.42,14.42,77.29,17.06,38.26,2.86,24.66,1.73,1.73,3.61,3.21,8.67,70.85,6.94,11.44,2.81
1936-05-31,5.07,5.6,21.88,130.33,28.76,38.69,2.89,4.55,0.32,0.32,1.09,1.77,4.78,31.56,3.15,2.09,0.26
1936-06-30,2.65,3.41,11.62,77.25,17.05,21.15,1.58,3.53,0.25,0.25,0.54,1.01,2.72,16.49,1.67,1.5,0.05
1936-07-31,0.85,1.35,0.64,12.46,2.75,1.89,0.14,0.78,0.05,0.05,0.15,0.22,0.61,2.58,0.29,0.14,0.0
1936-08-31,0.28,0.73,0.03,2.26,0.5,0.6,0.04,0.09,0.01,0.01,0.04,0.05,0.13,0.56,0.06,0.02,0.0
1936-09-30,0.23,0.62,0.01,0.88,0.19,0.41,0.03,0.0,0.0,0.0,0.02,0.03,0.07,0.31,0.03,0.03,0.0
1936-10-31,0.3,0.66,0.01,1.42,0.31,0.19,0.01,0.0,0.0,0.0,0.03,0.02,0.06,0.48,0.05,0.12,0.1
1936-11-30,0.33,0.6,0.01,1.51,0.33,0.02,0.0,0.0,0.0,0.0,0.06,0.04,0.11,0.84,0.08,0.24,0.18
1936-12-31,0.66,0.95,0.04,3.7,0.82,0.0,0.0,2.38,0.17,0.17,0.14,0.12,0.33,2.6,0.26,0.67,0.56
1937-01-31,0.71,0.83,0.03,2.96,0.65,0.47,0.04,12.62,0.88,0.88,0.39,0.35,0.94,7.91,0.77,1.81,1.82
1937-02-28,8.77,14.0,0.28,18.78,4.14,9.52,0.71,92.89,6.5,6.5,4.55,2.43,6.56,78.76,7.42,25.24,15.2
1937-03-31,9.24,13.45,1.4,22.07,4.87,14.47,1.08,77.2,5.4,5.4,6.02,2.88,7.78,97.63,9.19,28.07,12.64
1937-04-30,12.09,15.58,7.15,43.84,9.68,25.91,1.94,22.84,1.6,1.6,4.7,2.8,7.55,75.93,7.31,16.2,5.28
1937-05-31,10.45,11.46,24.23,146.61,32.36,40.29,3.01,7.19,0.5,0.5,2.06,2.94,7.93,54.28,5.4,4.63,0.94
1937-06-30,2.74,3.34,8.11,67.12,14.81,14.17,1.06,2.46,0.17,0.17,0.41,0.79,2.13,12.69,1.29,1.1,0.04
1937-07-31,0.93,1.56,0.3,8.9,1.96,0.96,0.07,0.9,0.06,0.06,0.13,0.21,0.55,2.37,0.26,0.25,0.0
1937-08-31,0.32,0.9,0.02,1.36,0.3,0.29,0.02,0.06,0.0,0.0,0.04,0.04,0.11,0.48,0.05,0.02,0.0
1937-09-30,0.27,0.55,0.01,0.77,0.17,0.3,0.02,0.0,0.0,0.0,0.01,0.02,0.05,0.18,0.02,0.01,0.0
1937-10-31,0.39,0.71,0.02,1.35,0.3,0.3,0.02,0.0,0.0,0.0,0.06,0.04,0.11,0.87,0.09,0.24,0.19
1937-11-30,0.7,0.87,0.23,2.65,0.59,0.39,0.03,0.58,0.04,0.04,0.17,0.12,0.32,2.54,0.25,0.59,0.55
1937-12-31,4.15,4.9,9.87,44.95,9.92,29.56,2.21,17.5,1.23,1.23,1.26,1.0,2.7,25.32,2.43,5.6,5.87
1938-01-31,2.31,3.2,1.15,8.1,1.79,6.78,0.51,12.36,0.87,0.87,0.9,0.53,1.43,16.18,1.53,4.58,3.66
1938-02-28,11.84,20.66,0.67,18.26,4.03,13.21,0.99,151.95,10.64,10.64,7.54,3.59,9.7,128.12,11.98,42.69,24.44
1938-03-31,24.61,35.48,2.15,41.87,9.24,28.69,2.14,118.41,8.29,8.29,10.69,4.86,13.12,172.03,16.14,49.49,21.2
1938-04-30,19.31,24.31,9.35,62.73,13.85,35.06,2.62,28.66,2.01,2.01,6.65,3.64,9.84,104.47,10.02,20.28,7.1
1938-05-31,19.8,21.96,25.55,151.82,33.51,57.91,4.33,14.21,0.99,0.99,3.49,4.31,11.64,86.01,8.48,7.65,1.89
1938-06-30,7.59,7.18,19.84,134.39,29.66,44.78,3.35,4.32,0.3,0.3,0.98,1.8,4.86,31.28,3.13,1.9,0.12
1938-07-31,2.42,2.95,1.94,26.74,5.9,5.13,0.38,1.66,0.12,0.12,0.26,0.43,1.17,5.87,0.62,0.48,0.01
1938-08-31,1.14,1.49,0.09,3.19,0.7,0.92,0.07,0.42,0.03,0.03,0.12,0.13,0.35,1.63,0.18,0.19,0.0
1938-09-30,0.65,1.12,0.03,1.42,0.31,0.73,0.05,0.08,0.01,0.01,0.06,0.06,0.16,0.77,0.08,0.16,0.0
1938-10-31,0.92,1.54,0.32,3.83,0.84,0.0,0.0,1.09,0.08,0.08,0.11,0.15,0.39,2.15,0.23,0.54,0.38
1938-11-30,1.1,1.61,0.93,6.1,1.35,0.99,0.07,1.93,0.14,0.14,0.16,0.18,0.48,3.35,0.33,0.99,0.56
1938-12-31,1.09,1.62,0.93,5.41,1.19,2.25,0.17,2.31,0.16,0.16,0.23,0.19,0.51,3.91,0.39,0.87,0.66
1939-01-31,1.21,1.82,0.51,5.07,1.12,2.47,0.18,3.18,0.22,0.22,0.29,0.23,0.63,5.31,0.52,1.39,0.71
1939-02-28,1.73,2.03,0.5,6.03,1.33,2.54,0.19,9.68,0.68,0.68,0.5,0.42,1.13,9.42,0.92,2.89,1.25
1939-03-31,3.5,4.14,3.67,25.0,5.52,9.5,0.71,7.56,0.53,0.53,1.23,1.04,2.8,22.1,2.18,3.95,1.89
1939-04-30,3.71,4.11,10.12,81.31,17.95,9.12,0.68,3.34,0.23,0.23,0.96,1.17,3.17,18.7,1.93,1.76,0.69
1939-05-31,1.52,1.79,5.43,53.64,11.84,2.81,0.21,1.58,0.11,0.11,0.2,0.53,1.43,6.46,0.69,0.55,0.04
1939-06-30,0.68,0.87,0.8,12.01,2.65,0.0,0.0,0.26,0.02,0.02,0.06,0.17,0.45,1.64,0.19,0.1,0.0
1939-07-31,0.23,0.46,0.08,1.2,0.26,0.0,0.0,0.38,0.03,0.03,0.01,0.03,0.07,0.2,0.03,0.01,0.0
1939-08-31,0.09,0.35,0.01,0.34,0.08,0.0,0.0,0.0,0.0,0.0,0.0,0.0,0.0,0.01,0.0,0.02,0.0
1939-09-30,0.11,0.32,0.01,1.17,0.26,0.14,0.01,0.0,0.0,0.0,0.0,0.0,0.01,0.04,0.0,0.02,0.0
1939-10-31,0.35,0.72,0.37,4.18,0.92,0.38,0.03,0.0,0.0,0.0,0.08,0.06,0.16,1.21,0.12,0.24,0.26
1939-11-30,0.26,0.69,0.08,1.88,0.41,0.01,0.0,0.0,0.0,0.0,0.08,0.05,0.14,1.11,0.11,0.24,0.24
1939-12-31,0.38,0.77,0.45,4.42,0.98,0.56,0.04,0.8,0.06,0.06,0.09,0.09,0.24,1.86,0.18,0.52,0.41
1940-01-31,6.13,10.63,5.0,25.73,5.68,17.65,1.32,43.66,3.06,3.06,3.83,2.12,5.72,65.01,6.16,15.61,13.94
1940-02-29,12.26,16.91,2.66,26.46,5.84,18.79,1.4,51.3,3.59,3.59,6.95,3.02,8.17,111.45,10.42,28.33,18.05
1940-03-31,17.16,20.96,8.8,51.94,11.46,31.82,2.38,55.16,3.86,3.86,7.94,4.54,12.26,134.7,12.82,29.71,11.79
1940-04-30,13.14,13.77,11.35,74.18,16.37,28.62,2.14,37.55,2.63,2.63,3.43,3.76,10.15,76.44,7.54,11.03,2.19
1940-05-31,2.98,3.86,20.13,132.55,29.25,36.12,2.7,4.77,0.33,0.33,0.71,1.33,3.6,22.74,2.28,1.68,0.09
1940-06-30,1.21,1.96,5.68,50.68,11.18,11.5,0.86,1.47,0.1,0.1,0.24,0.39,1.06,5.21,0.55,0.35,0.01
1940-07-31,0.74,1.11,0.15,4.17,0.92,0.74,0.06,0.66,0.05,0.05,0.09,0.1,0.27,1.19,0.13,0.04,0.0
1940-08-31,0.35,0.71,0.02,1.16,0.26,0.37,0.03,0.07,0.0,0.0,0.01,0.01,0.02,0.07,0.01,0.01,0.0
1940-09-30,0.31,0.68,0.01,0.71,0.16,0.32,0.02,0.0,0.0,0.0,0.01,0.0,0.01,0.07,0.01,0.04,0.0
1940-10-31,1.02,0.76,0.01,0.96,0.21,0.16,0.01,0.16,0.01,0.01,0.04,0.03,0.07,0.55,0.06,0.17,0.12
1940-11-30,0.93,0.84,0.12,2.58,0.57,0.19,0.01,1.34,0.09,0.09,0.11,0.09,0.23,1.73,0.17,0.43,0.36
1940-12-31,3.11,4.19,1.65,11.82,2.61,2.94,0.22,17.26,1.21,1.21,1.18,0.91,2.45,23.16,2.23,5.99,5.19
1941-01-31,4.85,5.6,0.98,12.47,2.75,7.37,0.55,22.77,1.59,1.59,2.61,1.26,3.41,42.46,4.0,10.77,8.24
1941-02-28,8.14,13.75,2.75,18.4,4.06,14.53,1.09,44.46,3.11,3.11,4.29,1.91,5.16,68.56,6.43,19.04,10.95
1941-03-31,11.88,16.23,4.25,27.24,6.01,18.81,1.41,47.3,3.31,3.31,4.04,2.31,6.24,71.03,6.72,17.53,7.46
1941-04-30,10.35,14.13,6.4,36.16,7.98,21.91,1.64,45.57,3.19,3.19,4.18,2.57,6.94,67.12,6.5,14.19,4.23
1941-05-31,8.56,8.69,25.34,145.13,32.03,47.84,3.58,7.64,0.53,0.53,1.58,2.51,6.77,44.78,4.47,3.26,0.41
1941-06-30,2.65,3.21,12.85,91.65,20.23,24.67,1.84,2.65,0.19,0.19,0.42,0.81,2.19,13.15,1.33,0.91,0.04
1941-07-31,1.7,1.62,1.35,19.45,4.29,2.71,0.2,0.8,0.06,0.06,0.12,0.21,0.57,2.51,0.27,0.19,0.0
1941-08-31,0.37,0.94,0.06,1.89,0.42,0.42,0.03,0.22,0.02,0.02,0.05,0.05,0.14,0.61,0.07,0.08,0.0
1941-09-30,0.46,0.82,0.01,1.16,0.26,0.52,0.04,0.06,0.0,0.0,0.03,0.03,0.08,0.37,0.04,0.08,0.0
1941-10-31,0.43,0.84,0.02,1.69,0.37,0.33,0.02,0.23,0.02,0.02,0.06,0.04,0.12,0.91,0.09,0.14,0.19
1941-11-30,0.76,0.93,0.67,5.27,1.16,0.24,0.02,1.11,0.08,0.08,0.16,0.12,0.33,2.6,0.26,0.41,0.55
1941-12-31,3.21,3.62,4.33,25.03,5.53,13.98,1.04,14.11,0.99,0.99,0.97,0.79,2.13,19.75,1.9,4.7,4.53
1942-01-31,10.11,14.63,3.17,28.02,6.18,21.89,1.64,64.47,4.51,4.51,5.53,2.77,7.47,94.05,8.83,25.4,18.18
1942-02-28,11.86,14.03,1.78,20.36,4.49,14.06,1.05,37.59,2.63,2.63,5.89,2.44,6.59,91.43,8.55,25.13,13.3
1942-03-31,6.15,8.1,2.3,20.22,4.46,13.42,1.0,18.41,1.29,1.29,2.2,1.34,3.61,39.65,3.76,9.99,3.57
1942-04-30,12.81,16.93,9.01,58.59,12.93,29.82,2.23,26.25,1.84,1.84,4.45,2.51,6.77,71.6,6.86,15.72,5.11
1942-05-31,12.89,15.16,16.06,103.89,22.93,35.95,2.69,18.6,1.3,1.3,3.23,3.36,9.08,69.86,6.88,9.33,2.19
1942-06-30,6.0,6.08,20.24,125.53,27.71,38.06,2.84,5.77,0.4,0.4,0.96,1.68,4.53,29.4,2.94,2.25,0.17
1942-07-31,1.96,2.58,2.27,28.21,6.23,5.17,0.39,1.7,0.12,0.12,0.24,0.45,1.2,6.39,0.67,0.43,0.02
1942-08-31,1.04,1.4,0.03,3.25,0.72,0.79,0.06,0.33,0.02,0.02,0.11,0.15,0.4,1.7,0.19,0.07,0.0
1942-09-30,0.67,1.04,0.01,1.26,0.28,0.6,0.04,0.13,0.01,0.01,0.07,0.07,0.19,0.9,0.1,0.04,0.0
1942-10-31,0.65,0.92,0.11,1.08,0.24,0.22,0.02,0.07,0.0,0.0,0.09,0.06,0.17,1.33,0.13,0.21,0.28
1942-11-30,3.97,3.13,2.01,13.74,3.03,2.87,0.21,9.83,0.69,0.69,0.88,0.73,1.98,16.97,1.65,3.59,3.95
1942-12-31,3.55,4.18,3.25,18.0,3.97,12.29,0.92,17.69,1.24,1.24,1.8,1.06,2.87,32.3,3.06,8.53,7.3
1943-01-31,12.02,16.82,4.43,29.49,6.51,23.45,1.75,58.74,4.11,4.11,6.93,3.32,8.97,118.64,11.08,32.98,22.32
1943-02-28,9.89,11.55,3.14,21.91,4.84,15.47,1.16,40.33,2.82,2.82,5.02,1.69,4.57,70.47,6.57,19.81,10.27
1943-03-31,24.09,30.09,9.67,63.19,13.95,35.28,2.64,103.42,7.24,7.24,12.55,7.1,19.16,210.03,20.01,49.71,17.59
1943-04-30,10.38,11.38,13.15,85.77,18.93,32.05,2.4,17.97,1.26,1.26,2.16,3.16,8.53,60.11,5.95,5.5,0.81
1943-05-31,5.45,5.71,15.83,110.41,24.37,32.52,2.43,7.06,0.49,0.49,0.9,1.54,4.17,27.59,2.75,2.14,0.16
1943-06-30,2.85,3.18,7.54,60.38,13.33,16.87,1.26,3.29,0.23,0.23,0.41,0.75,2.01,12.25,1.24,0.91,0.04
1943-07-31,1.42,1.7,1.06,13.66,3.02,2.26,0.17,1.3,0.09,0.09,0.18,0.3,0.8,3.74,0.4,0.19,0.0
1943-08-31,0.97,0.97,0.1,2.78,0.61,0.76,0.06,0.11,0.01,0.01,0.1,0.11,0.29,1.32,0.15,0.06,0.0
1943-09-30,0.67,0.68,0.04,1.01,0.22,0.5,0.04,0.0,0.0,0.0,0.06,0.05,0.15,0.7,0.08,0.03,0.0
1943-10-31,2.08,0.84,0.01,1.9,0.42,0.0,0.0,0.44,0.03,0.03,0.09,0.09,0.24,1.6,0.16,0.23,0.32
1943-11-30,0.8,1.05,0.01,1.84,0.41,0.0,0.0,1.3,0.09,0.09,0.12,0.13,0.35,2.45,0.25,0.44,0.53
1943-12-31,1.08,1.29,0.12,3.92,0.87,0.18,0.01,2.12,0.15,0.15,0.18,0.17,0.45,3.82,0.37,0.85,0.78
1944-01-31,1.84,2.12,0.31,4.92,1.09,1.46,0.11,5.08,0.36,0.36,0.52,0.35,0.93,8.85,0.86,1.97,1.8
1944-02-29,2.74,3.59,0.46,8.42,1.86,4.15,0.31,19.47,1.36,1.36,1.61,0.99,2.68,28.79,2.74,6.69,4.78
1944-03-31,4.57,6.27,2.15,16.2,3.57,9.01,0.67,33.91,2.37,2.37,2.43,1.38,3.72,39.94,3.82,9.19,4.69
1944-04-30,4.17,5.14,4.62,27.61,6.09,13.33,1.0,5.91,0.41,0.41,1.6,1.12,3.01,27.07,2.64,5.25,1.87
1944-05-31,4.73,5.71,17.26,112.56,24.84,19.81,1.48,3.33,0.23,0.23,1.42,1.73,4.66,30.78,3.1,3.63,0.91
1944-06-30,1.95,1.94,5.77,50.62,11.17,5.86,0.44,1.22,0.09,0.09,0.29,0.64,1.73,9.38,0.97,0.63,0.04
1944-07-31,0.47,0.84,0.32,7.77,1.71,0.18,0.01,0.05,0.0,0.0,0.08,0.14,0.39,1.54,0.17,0.08,0.0
1944-08-31,0.26,0.54,0.02,1.37,0.3,0.28,0.02,0.0,0.0,0.0,0.02,0.02,0.06,0.23,0.03,0.01,0.0
1944-09-30,0.24,0.44,0.01,0.0,0.0,0.0,0.0,0.0,0.0,0.0,0.01,0.01,0.01,0.07,0.01,0.0,0.0
1944-10-31,0.52,0.68,0.2,0.51,0.11,0.11,0.01,0.0,0.0,0.0,0.02,0.02,0.04,0.31,0.03,0.05,0.06
1944-11-30,2.34,3.2,2.17,13.96,3.08,3.03,0.23,10.55,0.74,0.74,0.96,0.79,2.14,19.01,1.84,4.27,4.21
1944-12-31,2.13,2.85,2.18,12.39,2.74,8.06,0.6,8.11,0.57,0.57,1.0,0.51,1.39,15.59,1.49,3.89,3.4
1945-01-31,1.94,2.51,1.54,8.91,1.97,7.22,0.54,4.42,0.31,0.31,0.83,0.36,0.98,12.99,1.22,3.4,2.41
1945-02-28,11.92,18.49,4.91,32.99,7.28,22.55,1.69,63.04,4.41,4.41,6.21,3.02,8.15,102.86,9.67,27.21,15.39
1945-03-31,6.57,8.77,2.07,18.46,4.07,11.31,0.85,38.51,2.7,2.7,2.71,1.64,4.43,47.25,4.5,11.05,3.98
1945-04-30,7.6,9.53,9.7,51.98,11.47,23.23,1.74,13.6,0.95,0.95,2.93,2.02,5.45,48.81,4.76,9.17,2.69
1945-05-31,5.22,5.37,17.63,112.26,24.78,31.56,2.36,4.75,0.33,0.33,1.15,1.84,4.96,32.08,3.22,2.49,0.31
1945-06-30,2.38,2.53,10.45,83.87,18.51,20.81,1.56,2.23,0.16,0.16,0.51,1.0,2.71,16.16,1.64,1.16,0.05
1945-07-31,0.95,1.21,0.5,13.77,3.04,1.7,0.13,0.14,0.01,0.01,0.12,0.2,0.53,2.24,0.25,0.1,0.0
1945-08-31,0.36,0.76,0.01,2.59,0.57,0.6,0.04,0.0,0.0,0.0,0.03,0.04,0.1,0.4,0.05,0.02,0.0
1945-09-30,0.25,0.66,0.01,0.82,0.18,0.36,0.03,0.0,0.0,0.0,0.01,0.01,0.03,0.11,0.01,0.01,0.0
1945-10-31,0.55,1.14,0.73,3.94,0.87,0.24,0.02,0.0,0.0,0.0,0.13,0.1,0.28,2.02,0.2,0.31,0.42
1945-11-30,1.59,2.38,1.71,15.48,3.42,5.12,0.38,4.0,0.28,0.28,0.59,0.51,1.39,12.01,1.17,2.67,2.72
1945-12-31,10.19,13.05,3.5,24.52,5.41,18.02,1.35,42.5,2.98,2.98,5.42,2.8,7.57,92.49,8.71,24.4,17.44
1946-01-31,6.97,7.9,1.72,19.06,4.21,12.19,0.91,16.91,1.18,1.18,3.17,1.3,3.52,48.05,4.51,12.83,6.48
1946-02-28,3.54,4.45,1.37,11.28,2.49,6.82,0.51,8.2,0.57,0.57,1.31,0.82,2.21,23.8,2.26,5.97,2.21
1946-03-31,7.05,8.29,3.96,27.5,6.07,15.29,1.14,17.72,1.24,1.24,3.28,1.92,5.18,54.61,5.23,12.18,4.16
1946-04-30,8.32,9.44,12.66,72.08,15.91,25.84,1.93,15.16,1.06,1.06,2.75,2.45,6.62,53.1,5.22,8.24,2.18
1946-05-31,4.88,4.88,19.24,113.72,25.1,28.31,2.12,3.66,0.26,0.26,1.01,1.72,4.63,29.58,2.97,2.26,0.22
1946-06-30,1.75,2.19,5.06,45.74,10.09,9.3,0.7,1.57,0.11,0.11,0.29,0.54,1.47,8.37,0.86,0.59,0.02
1946-07-31,0.84,1.27,0.2,5.07,1.12,0.8,0.06,0.42,0.03,0.03,0.11,0.16,0.43,1.81,0.2,0.07,0.0
1946-08-31,0.41,0.74,0.02,0.63,0.14,0.27,0.02,0.1,0.01,0.01,0.03,0.03,0.08,0.37,0.04,0.02,0.0
1946-09-30,0.33,0.62,0.01,0.4,0.09,0.16,0.01,0.0,0.0,0.0,0.01,0.02,0.04,0.17,0.02,0.01,0.0
1946-10-31,1.68,0.92,0.02,1.78,0.39,0.0,0.0,0.23,0.02,0.02,0.07,0.08,0.21,1.28,0.13,0.18,0.24
1946-11-30,2.15,2.77,0.53,8.45,1.86,0.71,0.05,5.49,0.38,0.38,0.34,0.42,1.13,8.42,0.83,1.65,1.66
1946-12-31,1.84,2.61,1.19,7.45,1.64,3.39,0.25,5.6,0.39,0.39,0.59,0.39,1.05,10.06,0.97,2.09,1.76
1947-01-31,1.18,1.89,0.9,4.27,0.94,2.56,0.19,3.24,0.23,0.23,0.34,0.26,0.7,6.79,0.65,1.45,1.04
1947-02-28,2.62,3.64,1.64,11.55,2.55,5.73,0.43,9.39,0.66,0.66,1.11,0.69,1.87,19.12,1.83,4.11,2.69
1947-03-31,3.46,6.52,3.62,23.93,5.28,10.41,0.78,15.1,1.06,1.06,1.99,1.47,3.97,35.77,3.47,7.05,3.1
1947-04-30,2.97,4.4,8.14,51.67,11.4,10.63,0.79,5.31,0.37,0.37,1.4,1.43,3.86,25.48,2.59,3.12,0.88
1947-05-31,1.16,1.67,10.97,88.39,19.51,8.28,0.62,1.23,0.09,0.09,0.2,0.6,1.63,8.33,0.87,0.53,0.05
1947-06-30,0.56,1.17,1.48,19.82,4.37,0.55,0.04,0.58,0.04,0.04,0.12,0.21,0.56,2.44,0.27,0.14,0.0
1947-07-31,0.29,0.59,0.05,1.08,0.24,0.19,0.01,0.0,0.0,0.0,0.01,0.03,0.08,0.27,0.03,0.01,0.0
1947-08-31,0.16,0.45,0.01,0.52,0.11,0.14,0.01,0.0,0.0,0.0,0.01,0.0,0.01,0.05,0.01,0.0,0.0
1947-09-30,0.18,0.31,0.01,0.0,0.0,0.0,0.0,0.0,0.0,0.0,0.01,-0.0,-0.0,0.0,0.0,0.0,0.0
1947-10-31,1.37,1.03,1.24,6.89,1.52,0.15,0.01,0.0,0.0,0.0,0.17,0.09,0.25,2.05,0.21,0.31,0.42
1947-11-30,0.56,1.11,1.07,5.04,1.11,1.93,0.14,1.08,0.08,0.08,0.21,0.12,0.34,2.92,0.29,0.55,0.66
1947-12-31,0.46,0.97,0.51,3.45,0.76,1.53,0.11,1.29,0.09,0.09,0.14,0.11,0.29,2.47,0.24,0.57,0.55
1948-01-31,1.03,1.51,3.28,9.72,2.14,7.43,0.56,2.05,0.14,0.14,0.65,0.21,0.57,7.42,0.71,1.78,1.58
1948-02-29,1.16,1.5,1.16,4.75,1.05,3.79,0.28,3.67,0.26,0.26,0.8,0.19,0.52,7.86,0.75,1.89,1.67
1948-03-31,2.48,4.26,1.49,9.31,2.06,6.22,0.46,22.22,1.56,1.56,1.76,0.86,2.33,28.24,2.67,7.08,5.05
1948-04-30,9.07,12.28,4.85,38.06,8.4,22.43,1.68,35.01,2.45,2.45,6.08,2.29,6.2,81.47,7.72,20.19,10.37
1948-05-31,9.19,10.63,15.83,104.22,23.0,32.06,2.4,8.79,0.62,0.62,2.73,2.92,7.89,62.21,6.09,10.84,3.31
1948-06-30,4.28,4.44,16.52,104.54,23.07,22.77,1.7,2.71,0.19,0.19,0.54,1.54,4.17,24.05,2.44,1.76,0.17
1948-07-31,0.89,1.59,0.84,14.93,3.29,1.35,0.1,0.32,0.02,0.02,0.13,0.3,0.82,3.81,0.41,0.23,0.01
1948-08-31,0.45,0.9,0.03,2.07,0.46,0.34,0.03,0.0,0.0,0.0,0.06,0.06,0.15,0.65,0.07,0.03,0.0
1948-09-30,0.22,0.54,0.01,1.12,0.25,0.41,0.03,0.0,0.0,0.0,0.02,0.02,0.05,0.22,0.03,0.01,0.0
1948-10-31,0.29,0.68,0.0,0.89,0.2,0.07,0.01,0.0,0.0,0.0,0.06,0.02,0.07,0.56,0.06,0.08,0.11
1948-11-30,0.39,0.81,0.15,2.32,0.51,0.0,0.0,0.3,0.02,0.02,0.11,0.1,0.28,1.99,0.2,0.32,0.42
1948-12-31,0.77,1.49,0.13,3.6,0.79,0.0,0.0,2.51,0.18,0.18,0.3,0.22,0.59,5.02,0.49,1.06,1.1
1949-01-31,0.74,1.24,0.21,2.58,0.57,0.74,0.06,3.74,0.26,0.26,0.33,0.27,0.73,6.84,0.66,1.6,1.43
1949-02-28,1.34,2.25,0.3,2.56,0.57,0.87,0.07,10.05,0.7,0.7,0.84,0.49,1.32,14.14,1.35,3.35,2.83
1949-03-31,6.03,8.5,0.54,15.31,3.38,8.18,0.61,47.02,3.29,3.29,3.53,2.48,6.69,71.6,6.78,17.71,10.33
1949-04-30,7.12,9.66,10.0,64.48,14.23,30.67,2.29,8.33,0.58,0.58,3.73,1.91,5.16,52.27,5.07,10.67,3.7
1949-05-31,5.82,6.79,17.46,118.74,26.21,23.14,1.73,2.52,0.18,0.18,0.82,2.08,5.61,33.93,3.41,3.44,0.7
1949-06-30,1.8,2.23,5.21,48.06,10.61,6.59,0.49,1.21,0.08,0.08,0.19,0.59,1.61,8.56,0.88,0.59,0.03
1949-07-31,0.46,0.97,0.12,2.49,0.55,0.15,0.01,0.14,0.01,0.01,0.05,0.12,0.32,1.2,0.14,0.05,0.0
1949-08-31,0.28,0.59,0.01,1.67,0.37,0.25,0.02,0.0,0.0,0.0,0.02,0.02,0.07,0.27,0.03,0.01,0.0
1949-09-30,0.29,0.5,0.0,0.61,0.14,0.21,0.02,0.0,0.0,0.0,0.02,0.02,0.04,0.19,0.02,0.01,0.0
1949-10-31,0.26,0.62,0.01,0.57,0.13,0.09,0.01,0.0,0.0,0.0,0.04,0.02,0.06,0.5,0.05,0.07,0.1
1949-11-30,0.51,1.01,0.11,1.75,0.39,0.21,0.02,0.8,0.06,0.06,0.13,0.12,0.31,2.33,0.23,0.38,0.49
1949-12-31,0.52,0.92,0.08,2.23,0.49,0.0,0.0,1.23,0.09,0.09,0.11,0.11,0.31,2.36,0.23,0.45,0.54
1950-01-31,3.31,4.82,1.65,13.84,3.05,4.39,0.33,31.28,2.19,2.19,2.44,1.06,2.87,34.08,3.25,8.4,7.28
1950-02-28,7.01,9.16,2.25,18.16,4.01,13.15,0.98,38.83,2.72,2.72,3.53,1.75,4.72,59.2,5.56,15.62,9.91
1950-03-31,6.9,8.18,3.06,21.84,4.82,15.16,1.13,17.05,1.19,1.19,3.33,1.38,3.72,48.42,4.57,12.41,5.8
1950-04-30,12.5,15.0,10.96,68.31,15.08,35.71,2.67,20.64,1.44,1.44,4.81,2.87,7.74,76.57,7.4,16.16,5.37
1950-05-31,6.54,6.79,21.43,119.38,26.35,34.9,2.61,5.75,0.4,0.4,1.21,2.2,5.94,38.08,3.81,3.25,0.47
1950-06-30,2.73,2.47,12.62,83.16,18.35,20.47,1.53,1.88,0.13,0.13,0.29,0.77,2.08,11.88,1.21,0.85,0.04
1950-07-31,0.99,1.47,0.73,11.94,2.64,1.49,0.11,0.22,0.02,0.02,0.1,0.18,0.47,2.06,0.23,0.1,0.0
1950-08-31,0.28,0.68,0.02,1.4,0.31,0.28,0.02,0.28,0.02,0.02,0.05,0.04,0.1,0.46,0.05,0.02,0.0
1950-09-30,0.42,0.52,0.01,1.56,0.34,0.57,0.04,0.22,0.02,0.02,0.03,0.03,0.09,0.4,0.04,0.02,0.0
1950-10-31,0.96,1.26,0.27,4.0,0.88,0.64,0.05,0.78,0.05,0.05,0.2,0.13,0.36,2.86,0.29,0.46,0.62
1950-11-30,13.25,16.06,21.88,88.53,19.54,65.93,4.93,60.13,4.21,4.21,5.83,4.35,11.73,126.43,11.93,33.56,26.72
1950-12-31,22.63,25.88,16.77,98.39,21.72,54.55,4.08,79.18,5.54,5.54,10.15,3.97,10.71,156.31,14.56,44.29,25.14
1951-01-31,11.52,13.44,3.08,36.75,8.11,14.5,1.08,56.96,3.99,3.99,6.33,3.63,9.81,114.64,10.81,30.12,11.57
1951-02-28,9.54,10.49,2.81,36.83,8.13,11.09,0.83,29.63,2.07,2.07,4.47,2.52,6.79,72.64,6.95,15.67,4.83
1951-03-31,9.97,12.37,3.57,37.95,8.38,11.57,0.86,44.07,3.08,3.08,4.8,3.18,8.58,78.68,7.66,13.09,3.43
1951-04-30,6.36,7.19,9.62,58.67,12.95,18.88,1.41,8.82,0.62,0.62,1.67,1.98,5.34,38.12,3.79,3.12,0.39
1951-05-31,6.39,7.41,11.44,76.42,16.87,25.48,1.9,9.09,0.64,0.64,1.89,1.94,5.24,38.12,3.79,2.97,0.2
1951-06-30,2.36,3.02,2.52,31.18,6.88,6.49,0.49,2.54,0.18,0.18,0.44,0.56,1.5,9.22,0.94,0.67,0.03
1951-07-31,1.39,1.96,0.11,4.38,0.97,1.04,0.08,0.95,0.07,0.07,0.2,0.26,0.7,3.14,0.35,0.13,0.0
1951-08-31,0.98,1.19,0.01,0.86,0.19,0.36,0.03,0.0,0.0,0.0,0.1,0.1,0.27,1.29,0.14,0.06,0.0
1951-09-30,0.52,0.74,0.01,0.99,0.22,0.49,0.04,0.16,0.01,0.01,0.06,0.07,0.19,0.89,0.1,0.04,0.0
1951-10-31,0.93,1.24,0.01,0.68,0.15,0.16,0.01,0.25,0.02,0.02,0.21,0.16,0.43,3.34,0.33,0.54,0.72
1951-11-30,1.58,2.18,0.57,4.68,1.03,0.68,0.05,3.22,0.23,0.23,0.59,0.3,0.82,8.05,0.78,1.56,1.87
1951-12-31,6.94,8.71,0.86,18.31,4.04,5.82,0.43,37.05,2.59,2.59,3.08,1.62,4.36,49.89,4.74,13.01,11.46
1952-01-31,10.49,15.95,0.89,22.72,5.02,16.04,1.2,103.39,7.24,7.24,4.51,4.06,10.95,121.41,11.33,34.06,23.08
1952-02-29,13.53,15.36,1.39,24.22,5.35,19.73,1.47,41.91,2.93,2.93,9.12,1.87,5.06,101.18,9.43,28.72,15.47
1952-03-31,12.75,17.33,1.72,25.62,5.66,19.29,1.44,90.97,6.37,6.37,6.0,3.55,9.58,112.02,10.54,29.75,11.81
1952-04-30,23.05,26.36,11.23,76.64,16.92,50.6,3.78,24.85,1.74,1.74,9.28,3.6,9.72,118.13,11.31,25.86,8.06
1952-05-31,21.61,22.62,30.44,161.77,35.71,67.25,5.03,12.43,0.87,0.87,2.53,5.07,13.69,95.23,9.37,10.99,2.19
1952-06-30,8.96,7.72,23.4,131.47,29.02,46.03,3.44,4.3,0.3,0.3,0.61,2.09,5.65,35.12,3.49,2.72,0.17
1952-07-31,3.59,3.79,5.13,47.72,10.53,12.97,0.97,3.21,0.22,0.22,0.32,0.66,1.77,9.87,1.01,0.7,0.03
1952-08-31,1.57,2.22,0.2,7.26,1.6,1.56,0.12,0.74,0.05,0.05,0.15,0.24,0.66,2.84,0.31,0.12,0.0
1952-09-30,1.15,1.51,0.04,3.56,0.79,1.4,0.1,1.09,0.08,0.08,0.12,0.15,0.41,1.87,0.2,0.08,0.0
1952-10-31,0.73,1.45,0.01,2.56,0.57,0.23,0.02,1.0,0.07,0.07,0.1,0.1,0.28,1.89,0.19,0.28,0.38
1952-11-30,1.39,1.79,0.02,3.38,0.75,0.0,0.0,1.58,0.11,0.11,0.16,0.17,0.46,3.45,0.34,0.64,0.78
1952-12-31,3.21,3.3,0.09,6.85,1.51,1.63,0.12,11.81,0.83,0.83,0.83,0.43,1.15,12.28,1.18,2.94,2.63
1953-01-31,7.53,7.86,2.67,21.41,4.73,13.6,1.02,32.19,2.25,2.25,3.66,1.38,3.72,49.66,4.7,12.42,8.86
1953-02-28,3.4,3.62,1.59,9.95,2.2,6.87,0.51,5.08,0.36,0.36,0.81,0.56,1.51,16.59,1.57,4.24,2.33
1953-03-31,5.13,6.19,2.92,16.05,3.54,10.54,0.79,12.67,0.89,0.89,1.73,0.85,2.3,27.5,2.6,6.88,3.32
1953-04-30,6.59,9.15,10.96,54.15,11.95,27.09,2.02,9.25,0.65,0.65,1.99,1.64,4.42,41.37,3.97,8.99,3.22
1953-05-31,7.34,7.4,11.52,70.9,15.65,20.61,1.54,6.17,0.43,0.43,1.89,1.71,4.61,35.82,3.54,5.73,1.61
1953-06-30,4.81,4.59,15.71,102.07,22.53,23.62,1.77,3.54,0.25,0.25,1.24,1.36,3.67,24.07,2.44,1.77,0.18
1953-07-31,1.56,2.27,1.97,25.2,5.56,3.78,0.28,0.71,0.05,0.05,0.23,0.33,0.89,5.1,0.53,0.35,0.02
1953-08-31,1.01,1.17,0.06,3.8,0.84,0.48,0.04,0.99,0.07,0.07,0.07,0.11,0.31,1.19,0.14,0.05,0.0
1953-09-30,0.64,0.88,0.01,2.09,0.46,0.61,0.05,0.17,0.01,0.01,0.06,0.05,0.13,0.59,0.07,0.03,0.0
1953-10-31,1.76,1.03,0.01,1.58,0.35,0.13,0.01,0.61,0.04,0.04,0.1,0.07,0.19,1.37,0.14,0.2,0.27
1953-11-30,1.94,1.37,0.16,3.89,0.86,0.0,0.0,1.6,0.11,0.11,0.21,0.17,0.46,3.58,0.36,0.66,0.79
1953-12-31,1.21,1.66,0.7,4.0,0.88,0.96,0.07,2.76,0.19,0.19,0.44,0.16,0.42,5.03,0.49,1.18,1.06
1954-01-31,1.75,2.89,0.87,6.96,1.54,2.67,0.2,7.94,0.56,0.56,1.1,0.39,1.05,13.02,1.25,3.01,2.72
1954-02-28,3.27,5.23,2.48,9.78,2.16,6.87,0.51,15.87,1.11,1.11,2.05,0.86,2.32,29.6,2.8,7.27,4.98
1954-03-31,8.33,9.87,5.54,27.99,6.18,15.87,1.19,27.36,1.92,1.92,2.04,2.2,5.93,55.62,5.29,13.38,6.73
1954-04-30,9.79,11.07,11.88,75.65,16.7,24.13,1.8,11.88,0.83,0.83,2.06,2.59,7.0,53.45,5.23,9.6,3.08
1954-05-31,4.19,4.42,13.68,99.84,22.04,16.66,1.25,3.91,0.27,0.27,0.51,1.31,3.53,20.14,2.05,1.45,0.16
1954-06-30,1.92,2.31,2.04,25.24,5.57,2.79,0.21,2.54,0.18,0.18,0.26,0.35,0.96,5.57,0.57,0.38,0.02
1954-07-31,0.94,1.24,0.09,6.65,1.47,1.34,0.1,0.18,0.01,0.01,0.09,0.11,0.31,1.38,0.15,0.07,0.0
1954-08-31,0.48,0.81,0.01,0.0,0.0,0.0,0.0,0.97,0.07,0.07,0.05,0.03,0.09,0.42,0.05,0.02,0.0
1954-09-30,0.35,0.66,0.0,0.0,0.0,0.0,0.0,0.27,0.02,0.02,0.04,0.03,0.07,0.32,0.04,0.01,0.0
1954-10-31,0.61,0.8,0.01,0.0,0.0,0.0,0.0,0.19,0.01,0.01,0.04,0.03,0.09,0.57,0.06,0.08,0.11
1954-11-30,0.49,1.29,0.02,2.39,0.53,0.0,0.0,0.8,0.06,0.06,0.11,0.12,0.32,2.18,0.22,0.36,0.46
1954-12-31,2.58,3.24,0.69,7.91,1.75,0.86,0.06,14.74,1.03,1.03,0.9,0.66,1.79,16.28,1.58,3.61,3.37
1955-01-31,3.03,3.56,0.68,7.29,1.61,3.11,0.23,34.81,2.44,2.44,1.86,1.11,3.01,33.11,3.14,7.86,5.5
1955-02-28,3.31,3.67,0.83,8.1,1.79,4.75,0.35,13.29,0.93,0.93,1.22,0.54,1.45,17.72,1.68,4.25,2.31
1955-03-31,4.08,4.85,1.88,12.89,2.84,6.68,0.5,9.94,0.7,0.7,1.07,0.71,1.91,19.4,1.86,4.48,2.03
1955-04-30,4.55,5.99,5.06,26.93,5.94,12.43,0.93,9.01,0.63,0.63,1.37,0.92,2.49,23.89,2.3,4.92,1.81
1955-05-31,5.27,6.53,15.24,98.96,21.84,16.33,1.22,5.99,0.42,0.42,1.49,1.25,3.36,26.05,2.59,4.27,1.28
1955-06-30,1.91,1.92,6.07,60.21,13.29,6.18,0.46,1.72,0.12,0.12,0.25,0.46,1.24,7.22,0.74,0.52,0.07
1955-07-31,0.74,1.27,0.24,5.26,1.16,0.11,0.01,0.07,0.0,0.0,0.07,0.14,0.36,2.11,0.22,0.15,0.02
1955-08-31,0.42,0.71,0.01,1.01,0.22,0.18,0.01,0.58,0.04,0.04,0.03,0.05,0.13,0.76,0.08,0.05,0.01
1955-09-30,0.16,0.52,0.01,0.24,0.05,0.08,0.01,0.32,0.02,0.02,0.59,1.15,3.1,16.64,1.73,1.11,0.08
1955-10-31,0.28,0.74,0.0,0.5,0.11,0.11,0.01,0.21,0.01,0.01,0.04,0.1,0.27,0.26,0.05,0.09,0.12
1955-11-30,0.53,1.04,0.12,1.77,0.39,0.42,0.03,0.21,0.01,0.01,0.15,0.15,0.41,1.9,0.21,0.34,0.45
1955-12-31,23.89,28.57,16.0,69.07,15.24,49.45,3.7,125.0,8.75,8.75,10.39,6.83,18.44,174.84,16.92,48.72,35.93
1956-01-31,25.7,30.87,6.97,52.09,11.5,38.18,2.85,106.84,7.48,7.48,10.64,3.59,9.71,177.69,16.21,46.71,20.62
1956-02-29,10.39,11.56,2.72,24.9,5.5,14.54,1.09,26.39,1.85,1.85,3.59,1.19,3.2,58.74,5.36,12.46,3.98
1956-03-31,8.18,9.13,5.51,32.86,7.25,15.92,1.19,14.89,1.04,1.04,2.88,1.62,4.37,44.53,4.29,9.15,2.69
1956-04-30,7.69,8.91,10.25,51.3,11.32,25.0,1.87,9.35,0.65,0.65,1.76,1.79,4.83,39.85,3.88,5.65,1.33
1956-05-31,11.65,12.51,22.19,135.07,29.81,44.89,3.35,13.94,0.98,0.98,2.15,3.48,9.41,61.0,6.11,4.92,0.53
1956-06-30,3.84,3.61,16.0,106.04,23.41,35.36,2.64,3.88,0.27,0.27,0.54,0.87,2.36,17.4,1.7,1.26,0.05
1956-07-31,1.27,3.03,1.41,22.66,5.0,4.5,0.34,2.13,0.15,0.15,0.18,0.18,0.5,4.47,0.43,0.22,0.01
1956-08-31,1.09,1.59,0.04,2.34,0.52,0.73,0.05,0.0,0.0,0.0,0.11,0.03,0.09,1.89,0.17,0.07,0.0
1956-09-30,1.23,1.17,0.01,1.25,0.28,0.64,0.05,0.0,0.0,0.0,0.08,0.01,0.04,1.35,0.12,0.05,0.0
1956-10-31,1.15,1.59,0.11,3.3,0.73,0.09,0.01,0.74,0.05,0.05,0.13,0.11,0.29,2.36,0.23,0.36,0.47
1956-11-30,1.51,1.59,0.64,3.65,0.81,0.0,0.0,1.44,0.1,0.1,0.15,0.05,0.14,3.38,0.3,0.57,0.68
1956-12-31,1.43,1.7,0.71,4.26,0.94,1.49,0.11,2.09,0.15,0.15,0.19,0.16,0.43,3.91,0.38,0.93,0.83
1957-01-31,1.57,2.34,0.46,4.6,1.02,1.89,0.14,3.84,0.27,0.27,0.36,0.27,0.74,6.65,0.64,1.59,1.42
1957-02-28,5.4,6.94,4.66,16.07,3.55,12.02,0.9,11.05,0.77,0.77,1.92,1.33,3.6,31.44,3.08,7.96,5.9
1957-03-31,10.13,11.91,3.58,28.0,6.18,16.37,1.22,32.1,2.25,2.25,4.36,2.38,6.44,73.41,6.96,17.87,9.16
1957-04-30,4.65,5.16,7.69,40.08,8.85,17.84,1.33,5.28,0.37,0.37,1.68,1.1,2.98,27.19,2.65,5.47,1.84
1957-05-31,7.12,7.98,15.42,98.01,21.63,23.45,1.75,10.64,0.74,0.74,1.87,1.97,5.33,40.56,4.0,5.04,1.25
1957-06-30,3.05,3.42,9.65,80.14,17.69,14.84,1.11,2.79,0.2,0.2,0.38,0.61,1.64,12.76,1.24,0.86,0.05
1957-07-31,0.73,1.8,0.24,8.05,1.78,0.72,0.05,1.01,0.07,0.07,0.09,0.05,0.14,2.69,0.24,0.14,0.01
1957-08-31,0.49,1.22,0.03,0.62,0.14,0.13,0.01,0.17,0.01,0.01,0.04,0.04,0.12,0.89,0.09,0.03,0.0
1957-09-30,0.55,0.89,0.01,0.79,0.17,0.31,0.02,0.26,0.02,0.02,0.04,0.02,0.04,0.67,0.06,0.02,0.0
1957-10-31,0.93,1.28,0.02,1.81,0.4,0.36,0.03,0.37,0.03,0.03,0.11,0.09,0.24,1.5,0.16,0.25,0.34
1957-11-30,0.97,1.33,0.56,3.57,0.79,0.22,0.02,0.85,0.06,0.06,0.17,0.12,0.33,2.77,0.27,0.44,0.59
1957-12-31,1.88,2.24,1.25,6.57,1.45,1.06,0.08,3.73,0.26,0.26,0.33,0.37,0.99,6.35,0.65,1.34,1.57
1958-01-31,2.96,4.02,1.34,7.89,1.74,4.07,0.3,20.41,1.43,1.43,1.09,0.65,1.76,22.83,2.12,5.69,5.1
1958-02-28,11.19,15.28,2.78,23.05,5.09,17.61,1.32,70.62,4.94,4.94,5.8,2.16,5.84,98.06,8.99,26.32,19.09
1958-03-31,15.48,20.35,1.64,24.48,5.4,17.99,1.34,83.78,5.86,5.86,8.37,2.15,5.81,135.72,12.22,36.82,20.45
1958-04-30,23.27,32.17,7.03,50.96,11.25,35.5,2.65,137.71,9.64,9.64,11.46,3.92,10.6,199.18,18.1,44.43,15.09
1958-05-31,16.44,18.67,27.04,164.91,36.4,63.45,4.74,11.77,0.82,0.82,2.8,4.43,11.96,72.86,7.4,7.44,1.25
1958-06-30,6.27,6.09,19.48,114.01,25.16,35.77,2.67,5.3,0.37,0.37,0.9,1.8,4.87,28.27,2.88,2.19,0.11
1958-07-31,2.65,2.9,2.4,30.58,6.75,6.36,0.48,2.26,0.16,0.16,0.25,0.26,0.69,6.64,0.63,0.39,0.01
1958-08-31,0.98,1.91,0.1,6.33,1.4,1.27,0.09,1.28,0.09,0.09,0.13,0.04,0.12,2.49,0.22,0.08,0.0
1958-09-30,0.83,1.32,0.02,1.58,0.35,0.73,0.05,0.02,0.0,0.0,0.09,0.01,0.04,1.51,0.13,0.05,0.0
1958-10-31,1.06,1.2,0.01,2.85,0.63,0.0,0.0,0.57,0.04,0.04,0.08,-0.0,0.0,1.82,0.15,0.2,0.28
1958-11-30,1.01,1.43,0.02,3.38,0.75,0.0,0.0,1.04,0.07,0.07,0.1,0.06,0.15,2.35,0.21,0.37,0.42
1958-12-31,0.88,1.33,0.02,2.38,0.53,0.54,0.04,1.57,0.11,0.11,0.12,0.06,0.17,2.83,0.26,0.5,0.49
1959-01-31,2.8,3.3,2.23,11.92,2.63,5.43,0.41,7.0,0.49,0.49,0.79,0.4,1.09,13.98,1.31,2.65,2.27
1959-02-28,4.85,6.94,7.66,8.27,1.82,6.31,0.47,36.49,2.55,2.55,1.96,0.75,2.02,36.16,3.29,6.85,4.22
1959-03-31,4.33,5.09,4.38,22.93,5.06,9.82,0.73,5.74,0.4,0.4,1.21,0.93,2.5,21.6,2.11,3.66,1.4
1959-04-30,2.68,3.39,9.29,59.89,13.22,10.01,0.75,2.97,0.21,0.21,0.77,0.81,2.2,16.62,1.64,1.84,0.52
1959-05-31,1.48,1.83,7.5,63.73,14.07,5.05,0.38,1.3,0.09,0.09,0.24,0.4,1.08,7.63,0.75,0.45,0.05
1959-06-30,0.78,1.12,1.74,25.27,5.58,1.45,0.11,1.09,0.08,0.08,0.05,0.07,0.2,1.96,0.18,0.1,0.0
1959-07-31,0.63,0.71,0.03,3.84,0.85,0.0,0.0,0.68,0.05,0.05,0.04,0.05,0.13,1.47,0.14,0.08,0.0
1959-08-31,0.48,0.58,0.01,1.79,0.39,0.0,0.0,0.57,0.04,0.04,0.04,0.01,0.03,1.29,0.11,0.06,0.0
1959-09-30,0.53,0.92,0.09,2.57,0.57,0.24,0.02,0.35,0.02,0.02,0.04,0.02,0.04,0.81,0.07,0.02,0.0
1959-10-31,0.44,0.76,0.01,1.68,0.37,0.0,0.0,0.29,0.02,0.02,0.04,0.01,0.02,0.61,0.05,0.07,0.1
1959-11-30,0.48,0.72,0.01,0.87,0.19,0.0,0.0,0.43,0.03,0.03,0.04,0.01,0.03,0.73,0.07,0.09,0.12
1959-12-31,0.4,0.98,0.01,1.37,0.3,0.0,0.0,0.74,0.05,0.05,0.06,0.05,0.15,1.31,0.13,0.21,0.27
1960-01-31,0.85,1.88,0.03,3.24,0.72,0.11,0.01,2.66,0.19,0.19,0.28,0.27,0.74,6.01,0.59,1.24,1.21
1960-02-29,6.28,7.76,1.24,16.93,3.74,7.42,0.55,23.11,1.62,1.62,2.27,1.13,3.05,40.0,3.73,8.7,6.42
1960-03-31,4.95,7.32,5.26,29.24,6.45,14.2,1.06,6.53,0.46,0.46,2.52,2.37,6.39,40.45,4.16,9.13,4.12
1960-04-30,4.36,5.0,10.0,57.36,12.66,14.08,1.05,4.82,0.34,0.34,1.37,1.33,3.59,24.2,2.45,3.71,1.13
1960-05-31,3.06,3.92,10.88,79.89,17.63,8.16,0.61,3.04,0.21,0.21,0.5,0.86,2.31,15.06,1.51,0.99,0.11
1960-06-30,0.64,1.46,2.34,29.44,6.5,1.93,0.14,0.21,0.01,0.01,0.09,0.15,0.4,3.07,0.3,0.19,0.01
1960-07-31,0.32,0.82,0.08,2.78,0.61,0.06,0.0,0.62,0.04,0.04,0.06,0.02,0.04,2.14,0.18,0.11,0.01
1960-08-31,0.3,0.57,0.01,0.13,0.03,0.01,0.0,0.6,0.04,0.04,0.05,0.01,0.03,1.3,0.11,0.04,0.0
1960-09-30,0.29,0.49,0.0,1.16,0.26,0.22,0.02,0.54,0.04,0.04,0.02,0.02,0.05,0.32,0.03,0.01,0.0
1960-10-31,0.3,0.63,0.01,0.0,0.0,0.0,0.0,0.28,0.02,0.02,0.03,0.0,0.0,0.63,0.05,0.0,0.0
1960-11-30,0.91,1.3,0.14,1.66,0.37,0.0,0.0,0.26,0.02,0.02,0.11,0.29,0.79,2.04,0.26,0.32,0.04
1960-12-31,1.53,1.44,1.06,3.53,0.78,0.0,0.0,1.58,0.11,0.11,0.19,0.17,0.45,3.55,0.35,0.66,0.72
1961-01-31,0.93,0.97,0.62,3.18,0.7,0.5,0.04,0.98,0.07,0.07,0.12,0.06,0.16,2.36,0.22,0.44,0.64
1961-02-28,1.01,1.56,2.02,8.22,1.81,3.08,0.23,2.07,0.14,0.14,0.26,0.29,0.78,5.66,0.56,1.13,1.92
1961-03-31,1.35,2.58,2.37,12.4,2.74,4.41,0.33,4.88,0.34,0.34,0.6,0.55,1.48,10.75,1.08,2.5,1.81
1961-04-30,1.93,2.61,7.87,41.58,9.18,7.88,0.59,2.51,0.18,0.18,0.51,0.5,1.36,10.29,1.02,1.11,0.34
1961-05-31,1.62,1.94,8.82,77.7,17.15,1.3,0.1,1.75,0.12,0.12,0.43,0.57,1.53,10.13,1.02,0.5,0.09
1961-06-30,0.62,0.89,2.16,26.17,5.78,0.0,0.0,0.6,0.04,0.04,0.08,0.2,0.55,2.88,0.3,0.06,0.0
1961-07-31,0.17,0.43,0.05,2.25,0.5,0.0,0.0,0.66,0.05,0.05,0.04,0.1,0.28,1.79,0.18,0.0,0.0
1961-08-31,0.15,0.3,0.01,0.0,0.0,0.0,0.0,0.64,0.04,0.04,0.02,0.01,0.01,0.8,0.07,0.0,0.0
1961-09-30,0.19,0.37,0.01,1.11,0.25,0.08,0.01,0.4,0.03,0.03,0.02,0.0,0.0,0.39,0.03,0.0,0.0
1961-10-31,0.21,0.43,0.01,0.76,0.17,0.09,0.01,0.3,0.02,0.02,0.02,0.05,0.12,0.17,0.03,0.0,0.0
1961-11-30,0.34,0.7,0.05,1.34,0.3,0.1,0.01,0.12,0.01,0.01,0.05,0.07,0.2,0.63,0.08,0.0,0.0
1961-12-31,0.7,1.25,0.9,4.5,0.99,0.0,0.0,1.41,0.1,0.1,0.11,0.13,0.36,2.2,0.23,0.29,0.0
1962-01-31,0.55,1.03,0.75,3.29,0.73,1.08,0.08,1.92,0.13,0.13,0.11,0.13,0.36,2.19,0.22,0.64,0.22
1962-02-28,9.4,12.76,1.61,19.6,4.33,11.26,0.84,71.63,5.01,5.01,3.91,1.22,3.3,70.44,6.34,19.14,17.44
1962-03-31,6.54,8.71,2.07,13.86,3.06,9.34,0.7,31.57,2.21,2.21,2.45,1.09,2.93,42.47,3.94,11.54,4.47
1962-04-30,10.59,12.75,13.88,72.63,16.03,35.96,2.69,6.31,0.44,0.44,3.08,2.34,6.32,51.61,5.09,1.83,0.43
1962-05-31,5.25,5.05,13.97,91.68,20.24,22.48,1.68,2.73,0.19,0.19,0.8,1.32,3.56,23.13,2.32,0.8,0.1
1962-06-30,2.19,1.93,9.87,83.07,18.34,17.01,1.27,0.0,0.0,0.0,0.27,0.5,1.36,9.01,0.9,0.18,0.0
1962-07-31,0.73,0.92,0.52,11.23,2.48,1.06,0.08,0.62,0.04,0.04,0.07,0.08,0.22,1.81,0.18,0.0,0.0
1962-08-31,0.66,0.63,0.01,1.74,0.38,0.38,0.03,0.53,0.04,0.04,0.04,0.03,0.08,0.61,0.06,0.0,0.0
1962-09-30,0.19,0.43,0.01,0.55,0.12,0.22,0.02,0.27,0.02,0.02,0.03,0.0,0.0,0.46,0.04,0.0,0.0
1962-10-31,1.62,1.68,0.82,9.1,2.01,0.62,0.05,1.51,0.11,0.11,0.92,0.33,0.88,19.38,1.73,3.21,8.16
1962-11-30,0.75,0.89,0.11,3.38,0.75,1.17,0.09,0.93,0.07,0.07,0.12,0.08,0.2,2.57,0.24,0.54,0.21
1962-12-31,1.38,1.37,1.72,6.45,1.42,3.41,0.25,3.14,0.22,0.22,0.57,0.35,0.94,10.24,0.97,2.82,1.44
1963-01-31,3.08,5.39,4.22,12.52,2.76,10.48,0.78,18.33,1.28,1.28,1.0,0.68,1.84,14.66,1.46,6.14,4.55
1963-02-28,10.85,12.41,10.09,57.94,12.79,41.54,3.1,39.95,2.8,2.8,6.72,3.17,8.57,108.67,10.22,21.42,7.16
1963-03-31,5.16,6.42,2.24,15.55,3.43,9.73,0.73,25.32,1.77,1.77,2.27,0.57,1.54,38.52,3.45,11.61,6.64
1963-04-30,16.91,20.12,4.85,47.2,10.42,18.53,1.38,65.46,4.58,4.58,6.74,3.56,9.6,113.78,10.75,23.29,13.52
1963-05-31,14.58,14.82,21.64,132.84,29.32,39.56,2.96,14.7,1.03,1.03,2.87,3.22,8.7,69.08,6.74,6.44,1.11
1963-06-30,4.22,4.33,9.69,78.58,17.34,20.8,1.55,4.42,0.31,0.31,0.52,0.81,2.19,17.72,1.71,1.84,0.12
1963-07-31,2.05,2.2,0.57,14.72,3.25,2.2,0.16,1.29,0.09,0.09,0.17,0.11,0.3,4.79,0.43,0.56,0.0
1963-08-31,1.21,1.4,0.03,0.64,0.14,0.15,0.01,0.31,0.02,0.02,0.11,0.23,0.63,1.55,0.2,0.15,0.0
1963-09-30,0.83,1.1,0.02,1.4,0.31,0.59,0.04,0.17,0.01,0.01,0.07,0.02,0.05,1.12,0.1,0.09,0.0
1963-10-31,1.15,1.24,0.27,2.63,0.58,0.0,0.0,1.22,0.09,0.09,0.11,0.11,0.29,1.91,0.19,0.31,0.0
1963-11-30,2.57,3.17,3.38,17.17,3.79,6.21,0.46,10.19,0.71,0.71,0.74,0.53,1.44,13.66,1.32,2.73,3.86
1963-12-31,1.99,2.02,1.47,6.74,1.49,4.0,0.3,2.57,0.18,0.18,0.43,0.22,0.59,7.39,0.69,1.42,0.57
1964-01-31,2.76,3.17,1.07,5.12,1.13,2.69,0.2,18.81,1.32,1.32,1.34,0.23,0.62,25.65,2.24,8.5,7.69
1964-02-29,2.54,2.92,1.34,5.67,1.25,3.05,0.23,5.65,0.4,0.4,0.76,0.48,1.3,11.43,1.12,2.76,0.62
1964-03-31,2.71,3.54,2.47,10.02,2.21,4.79,0.36,7.24,0.51,0.51,0.73,0.68,1.84,13.32,1.33,2.8,0.57
1964-04-30,4.72,5.94,7.08,40.08,8.85,12.15,0.91,6.34,0.44,0.44,1.3,0.99,2.66,21.98,2.17,2.41,0.36
1964-05-31,4.46,4.94,10.32,90.58,19.99,11.19,0.84,3.88,0.27,0.27,1.07,1.32,3.56,23.21,2.34,1.41,0.16
1964-06-30,2.21,2.47,4.43,42.78,9.44,3.74,0.28,1.65,0.12,0.12,0.23,0.51,1.37,7.13,0.74,0.54,0.01
1964-07-31,0.87,1.14,0.23,3.71,0.82,0.09,0.01,0.0,0.0,0.0,0.07,0.29,0.77,1.8,0.24,0.03,0.0
1964-08-31,0.53,0.66,0.02,0.47,0.1,0.05,0.0,0.07,0.0,0.0,0.06,0.09,0.23,1.34,0.14,0.0,0.0
1964-09-30,0.49,0.58,0.01,0.64,0.14,0.18,0.01,0.05,0.0,0.0,0.03,0.02,0.06,0.55,0.05,0.0,0.0
1964-10-31,0.51,0.76,0.01,1.69,0.37,0.38,0.03,0.1,0.01,0.01,0.05,0.09,0.24,0.52,0.07,0.0,0.0
1964-11-30,2.47,2.65,1.32,4.62,1.02,0.43,0.03,5.37,0.38,0.38,0.33,0.34,0.93,5.43,0.57,1.24,1.27
1964-12-31,20.04,26.96,22.21,89.82,19.83,69.18,5.17,98.4,6.89,6.89,11.22,7.04,19.01,184.71,17.85,44.43,24.83
1965-01-31,21.31,27.18,3.6,46.36,10.23,28.24,2.11,80.27,5.62,5.62,9.11,4.24,11.45,151.02,14.14,40.82,17.39
1965-02-28,9.52,10.46,2.94,24.4,5.39,11.23,0.84,13.43,0.94,0.94,2.88,1.79,4.82,44.4,4.33,6.35,1.9
1965-03-31,7.37,7.85,4.19,19.83,4.38,9.74,0.73,12.98,0.91,0.91,2.12,1.17,3.15,32.99,3.17,4.83,2.19
1965-04-30,13.35,17.52,10.92,65.29,14.41,26.35,1.97,48.84,3.42,3.42,3.92,3.14,8.48,84.48,8.04,17.71,7.81
1965-05-31,8.27,8.02,17.34,102.01,22.52,33.29,2.49,8.51,0.6,0.6,1.33,1.98,5.35,39.25,3.85,4.42,0.58
1965-06-30,3.93,3.74,13.11,85.95,18.97,28.91,2.16,3.83,0.27,0.27,0.52,0.99,2.68,16.42,1.66,1.63,0.12
1965-07-31,1.88,2.19,2.47,24.89,5.49,5.76,0.43,2.42,0.17,0.17,0.17,0.29,0.78,4.1,0.43,0.55,0.0
1965-08-31,1.92,1.65,1.19,10.64,2.35,2.15,0.16,1.65,0.12,0.12,0.13,0.16,0.44,2.0,0.22,0.3,0.0
1965-09-30,1.12,1.21,0.08,4.01,0.88,1.46,0.11,0.3,0.02,0.02,0.09,0.05,0.12,1.25,0.12,0.15,0.0
1965-10-31,1.7,1.13,0.02,3.87,0.85,0.0,0.0,1.04,0.07,0.07,0.08,0.07,0.2,1.45,0.14,0.18,0.0
1965-11-30,3.06,3.62,1.3,11.96,2.64,3.11,0.23,8.23,0.58,0.58,0.4,0.27,0.74,8.8,0.82,1.94,0.49
1965-12-31,3.25,3.15,1.13,6.69,1.48,4.26,0.32,15.03,1.05,1.05,1.07,0.3,0.81,18.76,1.68,5.67,5.81
1966-01-31,2.96,3.38,0.77,7.57,1.67,4.33,0.32,14.81,1.04,1.04,1.12,0.3,0.81,21.95,1.94,6.9,5.21
1966-02-28,2.95,3.39,0.66,6.98,1.54,3.57,0.27,16.13,1.13,1.13,1.44,0.38,1.02,23.51,2.12,7.84,3.96
1966-03-31,4.54,5.27,4.13,29.84,6.59,14.34,1.07,6.94,0.49,0.49,1.65,1.5,4.05,28.46,2.87,3.07,1.01
1966-04-30,5.62,4.99,11.97,79.52,17.55,16.06,1.2,3.91,0.27,0.27,1.7,1.69,4.56,31.44,3.17,1.65,0.41
1966-05-31,2.07,2.16,9.65,82.57,18.22,10.58,0.79,1.8,0.13,0.13,0.35,0.61,1.64,10.46,1.05,0.71,0.04
1966-06-30,0.89,1.27,0.68,9.64,2.13,0.17,0.01,0.75,0.05,0.05,0.08,0.21,0.56,2.77,0.29,0.15,0.0
1966-07-31,0.44,0.72,0.03,1.8,0.4,0.09,0.01,0.69,0.05,0.05,0.08,0.11,0.29,2.91,0.27,0.0,0.0
1966-08-31,0.33,0.48,0.0,0.48,0.11,0.04,0.0,1.07,0.07,0.07,0.09,0.07,0.2,2.63,0.24,0.0,0.0
1966-09-30,0.71,0.45,0.0,1.24,0.27,0.28,0.02,0.69,0.05,0.05,0.05,0.0,0.0,0.96,0.08,0.0,0.0
1966-10-31,0.83,0.5,0.0,0.64,0.14,0.13,0.01,0.0,0.0,0.0,0.03,-0.0,0.0,0.48,0.04,0.0,0.0
1966-11-30,1.1,1.71,1.23,7.58,1.67,0.69,0.05,2.95,0.21,0.21,0.25,0.27,0.74,3.77,0.4,0.41,1.17
1966-12-31,6.16,8.53,3.35,24.74,5.46,13.45,1.01,27.93,1.96,1.96,1.77,1.18,3.19,35.0,3.31,7.05,22.97
1967-01-31,5.59,8.57,1.62,13.91,3.07,12.01,0.9,58.38,4.09,4.09,4.47,1.2,3.25,75.86,6.82,26.96,16.08
1967-02-28,6.26,7.67,2.34,15.58,3.44,12.7,0.95,17.1,1.2,1.2,2.53,1.44,3.89,45.62,4.3,8.64,1.75
1967-03-31,13.49,15.86,6.96,33.69,7.44,26.15,1.95,47.83,3.35,3.35,5.99,2.75,7.44,87.45,8.33,20.05,2.02
1967-04-30,14.76,16.67,2.48,31.06,6.86,20.92,1.56,107.27,7.51,7.51,6.3,2.01,5.43,114.47,10.31,44.15,7.22
1967-05-31,22.28,25.51,19.18,124.19,27.41,53.51,4.0,25.62,1.79,1.79,5.87,6.23,16.83,103.04,10.61,9.71,0.54
1967-06-30,8.88,9.0,23.95,148.38,32.75,47.86,3.58,7.66,0.54,0.54,1.56,2.55,6.9,45.75,4.56,3.18,0.11
1967-07-31,3.48,3.05,7.71,65.79,14.52,17.74,1.33,2.14,0.15,0.15,0.39,0.63,1.7,11.78,1.17,0.71,0.0
1967-08-31,1.71,1.7,0.11,4.4,0.97,1.5,0.11,1.46,0.1,0.1,0.13,0.1,0.27,3.0,0.28,0.17,0.0
1967-09-30,1.17,1.33,0.03,0.05,0.01,0.04,0.0,0.05,0.0,0.0,0.15,0.22,0.59,1.79,0.22,0.13,0.0
1967-10-31,1.24,1.64,0.06,1.18,0.26,0.03,0.0,1.21,0.08,0.08,0.13,0.11,0.28,2.42,0.24,0.28,0.0
1967-11-30,0.89,1.46,0.05,1.57,0.35,0.0,0.0,1.87,0.13,0.13,0.15,0.14,0.37,3.24,0.31,1.1,0.0
1967-12-31,1.34,2.08,0.47,3.79,0.84,0.0,0.0,3.51,0.25,0.25,0.39,0.27,0.72,7.42,0.71,2.76,0.53
1968-01-31,1.8,2.46,0.89,5.84,1.29,1.74,0.13,8.41,0.59,0.59,0.96,0.29,0.79,16.77,1.51,6.0,3.09
1968-02-29,4.74,6.14,5.35,25.64,5.66,13.69,1.02,1.19,0.08,0.08,2.78,1.56,4.22,46.64,4.44,11.8,5.52
1968-03-31,5.36,5.61,3.89,25.44,5.62,9.94,0.74,16.01,1.12,1.12,2.14,1.36,3.68,37.83,3.62,8.93,3.17
1968-04-30,3.9,4.3,7.79,49.91,11.02,9.22,0.69,4.78,0.33,0.33,1.13,1.07,2.89,22.91,2.25,2.8,0.59
1968-05-31,1.88,2.23,7.99,77.68,17.14,7.19,0.54,2.3,0.16,0.16,0.4,0.72,1.96,11.49,1.17,1.3,0.19
1968-06-30,0.77,1.12,1.1,24.74,5.46,1.33,0.1,1.29,0.09,0.09,0.1,0.12,0.34,3.68,0.34,0.32,0.0
1968-07-31,0.51,0.59,0.04,2.44,0.54,0.0,0.0,0.64,0.04,0.04,0.08,0.3,0.81,2.31,0.28,0.01,0.0
1968-08-31,0.34,0.54,0.02,1.92,0.42,0.08,0.01,0.32,0.02,0.02,0.07,0.03,0.07,2.15,0.19,0.0,0.0
1968-09-30,0.31,0.45,0.01,0.98,0.22,0.2,0.01,0.0,0.0,0.0,0.05,0.13,0.35,0.41,0.08,0.0,0.0
1968-10-31,0.47,0.68,0.03,2.41,0.53,0.56,0.04,0.12,0.01,0.01,0.05,0.05,0.14,0.66,0.07,0.06,0.0
1968-11-30,1.42,1.66,2.98,14.5,3.2,3.4,0.25,3.04,0.21,0.21,0.32,0.32,0.86,5.08,0.53,0.99,0.39
1968-12-31,2.1,3.07,1.23,7.06,1.56,3.94,0.29,15.58,1.09,1.09,0.7,0.54,1.45,14.21,1.36,5.2,3.47
1969-01-31,27.48,40.67,4.89,47.57,10.5,38.39,2.87,153.58,10.75,10.75,12.17,5.78,15.61,200.19,18.79,54.09,34.31
1969-02-28,13.42,18.92,1.59,21.49,4.74,16.31,1.22,107.18,7.5,7.5,6.54,2.2,5.94,111.43,10.14,45.21,18.95
1969-03-31,11.54,15.13,2.94,24.8,5.47,17.84,1.33,51.14,3.58,3.58,4.34,2.47,6.67,72.13,6.88,20.85,7.81
1969-04-30,22.17,25.31,10.9,69.85,15.42,41.67,3.11,33.83,2.37,2.37,5.72,5.04,13.6,92.71,9.41,13.19,4.2
1969-05-31,14.3,15.44,31.28,182.07,40.18,71.28,5.33,9.77,0.68,0.68,2.36,4.16,11.23,64.58,6.62,3.7,0.76
1969-06-30,4.96,4.54,16.95,122.6,27.06,42.33,3.16,4.24,0.3,0.3,0.66,1.17,3.16,21.48,2.13,1.62,0.12
1969-07-31,3.06,2.32,2.45,33.84,7.47,7.21,0.54,2.0,0.14,0.14,0.21,0.36,0.97,4.93,0.52,0.48,0.0
1969-08-31,2.51,1.26,0.04,3.25,0.72,1.09,0.08,0.81,0.06,0.06,0.12,0.2,0.53,1.66,0.2,0.09,0.0
1969-09-30,1.85,1.04,0.01,0.92,0.2,0.49,0.04,0.89,0.06,0.06,0.09,0.06,0.16,1.29,0.13,0.08,0.0
1969-10-31,1.88,1.49,0.66,4.66,1.03,0.43,0.03,1.37,0.1,0.1,0.17,0.11,0.3,2.73,0.27,0.43,0.0
1969-11-30,1.7,1.65,0.7,4.59,1.01,0.32,0.02,3.57,0.25,0.25,0.23,0.31,0.83,4.18,0.45,1.08,0.1
1969-12-31,2.96,4.03,4.92,22.71,5.01,14.85,1.11,14.02,0.98,0.98,1.38,0.86,2.33,26.19,2.47,6.45,4.97
1970-01-31,24.02,28.41,13.47,73.27,16.17,53.01,3.96,94.21,6.59,6.59,11.07,7.1,19.18,174.95,17.07,36.39,24.8
1970-02-28,8.99,10.09,3.09,32.86,7.25,13.2,0.99,24.36,1.71,1.71,3.29,1.95,5.25,54.98,5.26,11.52,4.1
1970-03-31,9.2,11.53,4.48,31.8,7.02,13.33,1.0,42.91,3.0,3.0,3.63,1.9,5.14,67.24,6.26,19.39,4.64
1970-04-30,5.3,5.37,5.47,37.59,8.3,11.94,0.89,9.01,0.63,0.63,0.81,1.06,2.87,23.19,2.25,4.19,0.68
1970-05-31,4.35,3.82,16.0,104.46,23.06,29.28,2.19,5.06,0.35,0.35,0.7,1.16,3.12,21.04,2.09,2.04,0.16
1970-06-30,2.25,2.29,8.03,69.27,15.29,17.83,1.33,3.19,0.22,0.22,0.25,0.49,1.31,8.24,0.83,0.93,0.0
1970-07-31,2.1,1.27,0.4,10.48,2.31,1.88,0.14,1.9,0.13,0.13,0.11,0.05,0.13,3.59,0.31,0.27,0.0
1970-08-31,0.97,0.81,0.03,1.03,0.23,0.48,0.04,0.86,0.06,0.06,0.11,0.0,0.0,3.09,0.26,0.05,0.0
1970-09-30,0.6,0.63,0.01,0.0,0.0,0.0,0.0,0.66,0.05,0.05,0.13,0.0,0.0,2.21,0.19,0.04,0.0
1970-10-31,0.61,0.77,0.01,1.54,0.34,0.24,0.02,0.56,0.04,0.04,0.09,0.03,0.09,1.38,0.13,0.22,0.0
1970-11-30,1.51,2.61,2.67,12.73,2.81,2.9,0.22,12.13,0.85,0.85,0.77,0.39,1.04,16.57,1.51,3.17,5.69
1970-12-31,4.77,7.27,2.02,16.78,3.7,11.1,0.83,50.04,3.5,3.5,3.59,0.77,2.07,65.2,5.76,16.94,16.59
1971-01-31,5.02,6.49,4.81,17.65,3.9,14.17,1.06,23.17,1.62,1.62,2.53,0.98,2.65,39.29,3.65,10.96,5.71
1971-02-28,4.77,5.18,2.7,17.13,3.78,11.51,0.86,7.53,0.53,0.53,1.7,1.21,3.26,26.2,2.6,5.87,1.11
1971-03-31,9.17,9.84,3.4,23.18,5.12,14.57,1.09,19.2,1.34,1.34,3.02,2.59,7.0,50.26,5.05,10.84,3.95
1971-04-30,8.34,8.75,7.12,47.2,10.42,20.07,1.5,8.65,0.61,0.61,2.87,2.16,5.82,44.09,4.42,7.19,1.06
1971-05-31,5.85,5.61,14.49,89.84,19.83,26.46,1.98,4.52,0.32,0.32,1.25,1.93,5.21,35.19,3.5,2.6,0.38
1971-06-30,2.68,2.49,13.53,104.29,23.02,26.6,1.99,3.08,0.22,0.22,0.5,0.9,2.43,16.03,1.6,1.02,0.03
1971-07-31,1.33,1.32,1.32,18.65,4.12,2.34,0.17,2.15,0.15,0.15,0.16,0.3,0.81,4.08,0.43,0.26,0.0
1971-08-31,0.65,0.82,0.04,2.7,0.6,0.58,0.04,0.91,0.06,0.06,0.07,0.11,0.3,1.14,0.13,0.0,0.0
1971-09-30,0.77,0.65,0.01,1.01,0.22,0.45,0.03,0.68,0.05,0.05,0.06,0.07,0.19,0.72,0.08,0.0,0.0
1971-10-31,0.66,0.87,0.02,3.04,0.67,0.02,0.0,0.14,0.01,0.01,0.09,0.07,0.19,1.44,0.14,0.2,0.0
1971-11-30,0.74,1.33,0.65,5.84,1.29,0.49,0.04,2.14,0.15,0.15,0.18,0.29,0.77,3.33,0.37,0.99,0.0
1971-12-31,2.92,4.62,1.63,9.46,2.09,4.28,0.32,24.75,1.73,1.73,1.24,0.61,1.65,21.8,2.03,6.54,4.78
1972-01-31,2.37,2.35,0.85,7.56,1.67,5.04,0.38,7.13,0.5,0.5,0.72,0.58,1.57,12.75,1.26,3.24,1.01
1972-02-29,4.17,4.38,1.0,10.25,2.26,6.19,0.46,18.53,1.3,1.3,1.73,1.02,2.76,27.31,2.64,7.05,3.22
1972-03-31,5.82,5.55,8.38,41.72,9.21,22.27,1.66,5.29,0.37,0.37,2.36,2.21,5.96,39.03,3.98,6.45,0.62
1972-04-30,4.46,4.17,6.77,40.78,9.0,12.51,0.93,5.22,0.37,0.37,1.81,1.69,4.55,28.94,2.97,4.43,0.69
1972-05-31,2.58,2.17,14.15,96.94,21.4,17.06,1.27,3.06,0.21,0.21,0.66,1.29,3.48,18.14,1.9,1.14,0.1
1972-06-30,0.74,1.05,3.89,44.1,9.73,6.57,0.49,1.55,0.11,0.11,0.16,0.37,1.0,5.2,0.54,0.27,0.0
1972-07-31,0.5,0.45,0.15,6.15,1.36,0.35,0.03,0.33,0.02,0.02,0.08,0.18,0.5,2.78,0.28,0.06,0.0
1972-08-31,0.24,0.32,0.02,1.04,0.23,0.14,0.01,0.28,0.02,0.02,0.1,0.1,0.26,2.73,0.26,0.01,0.0
1972-09-30,0.29,0.38,0.01,1.35,0.3,0.37,0.03,0.48,0.03,0.03,0.05,0.06,0.17,0.67,0.08,0.0,0.0
1972-10-31,0.46,0.61,0.09,3.46,0.76,0.31,0.02,0.0,0.0,0.0,0.1,0.08,0.2,1.48,0.15,0.15,0.0
1972-11-30,0.95,1.37,0.79,6.03,1.33,0.34,0.03,3.05,0.21,0.21,0.33,0.29,0.78,6.23,0.61,1.21,1.66
1972-12-31,1.98,2.51,4.42,14.44,3.19,8.91,0.67,6.91,0.48,0.48,0.74,0.58,1.57,15.14,1.45,3.94,2.21
1973-01-31,6.83,10.69,2.49,22.45,4.95,16.48,1.23,71.1,4.98,4.98,6.58,2.77,7.48,111.83,10.34,29.08,27.94
1973-02-28,9.36,12.45,1.38,17.62,3.89,11.31,0.85,86.6,6.06,6.06,5.48,0.79,2.12,95.08,8.32,26.97,16.78
1973-03-31,9.59,12.19,1.73,19.61,4.33,11.76,0.88,53.65,3.76,3.76,4.65,1.85,5.0,79.01,7.28,17.64,9.36
1973-04-30,10.03,12.23,9.34,51.38,11.34,23.88,1.78,16.03,1.12,1.12,2.42,2.31,6.25,47.91,4.73,7.07,1.7
1973-05-31,8.77,8.04,24.41,150.43,33.2,42.24,3.16,5.6,0.39,0.39,1.31,2.12,5.73,37.87,3.78,2.48,0.37
1973-06-30,2.52,2.37,6.91,58.87,12.99,13.07,0.98,3.29,0.23,0.23,0.29,0.58,1.57,9.27,0.94,0.72,0.02
1973-07-31,0.96,0.93,0.47,5.33,1.18,1.01,0.08,3.46,0.24,0.24,0.11,0.12,0.31,2.9,0.28,0.14,0.0
1973-08-31,0.46,0.48,0.02,0.99,0.22,0.44,0.03,2.08,0.15,0.15,0.11,0.04,0.12,2.81,0.25,0.0,0.0
1973-09-30,1.13,0.46,0.01,0.0,0.0,0.0,0.0,0.59,0.04,0.04,0.1,0.05,0.14,1.48,0.14,0.0,0.0
1973-10-31,1.33,1.04,0.16,2.6,0.57,0.5,0.04,1.7,0.12,0.12,0.17,0.11,0.3,2.53,0.25,0.4,0.0
1973-11-30,2.56,3.86,6.09,32.98,7.28,17.48,1.31,8.21,0.57,0.57,1.26,1.13,3.06,24.88,2.44,5.47,9.53
1973-12-31,6.97,7.74,4.24,19.04,4.2,16.2,1.21,34.97,2.45,2.45,3.94,1.84,4.98,63.83,6.0,15.69,13.87
1974-01-31,10.43,12.06,5.79,31.91,7.04,23.45,1.75,37.85,2.65,2.65,6.17,3.52,9.5,96.18,9.28,24.27,14.07
1974-02-28,4.61,4.63,2.18,12.63,2.79,8.8,0.66,9.42,0.66,0.66,1.93,1.03,2.77,29.37,2.82,7.5,2.55
1974-03-31,15.4,19.69,4.94,38.92,8.59,20.58,1.54,69.63,4.87,4.87,6.45,3.69,9.97,110.86,10.53,26.77,12.5
1974-04-30,14.25,16.52,7.72,53.47,11.8,23.52,1.76,41.38,2.9,2.9,4.71,3.7,9.99,85.79,8.38,17.0,6.03
1974-05-31,6.31,5.55,21.27,129.12,28.5,39.17,2.93,7.14,0.5,0.5,1.44,2.26,6.1,41.24,4.1,3.66,0.51
1974-06-30,2.35,2.22,10.79,77.84,17.18,23.58,1.76,3.57,0.25,0.25,0.39,0.77,2.09,12.76,1.29,1.2,0.08
1974-07-31,2.08,1.65,2.05,20.14,4.44,3.39,0.25,3.92,0.27,0.27,0.26,0.5,1.36,6.71,0.71,0.82,0.19
1974-08-31,1.51,0.78,0.18,0.98,0.22,0.21,0.02,1.06,0.07,0.07,0.13,0.23,0.62,2.18,0.25,0.16,0.0
1974-09-30,0.64,0.3,0.01,3.94,0.87,1.28,0.1,0.88,0.06,0.06,0.09,0.07,0.19,1.25,0.13,0.06,0.0
1974-10-31,0.66,0.75,0.01,1.54,0.34,0.24,0.02,0.76,0.05,0.05,0.13,0.12,0.32,1.74,0.19,0.38,0.0
1974-11-30,0.5,1.12,0.09,2.37,0.52,0.04,0.0,1.61,0.11,0.11,0.18,0.22,0.6,3.29,0.35,0.88,0.3
1974-12-31,1.23,1.41,0.39,4.25,0.94,0.07,0.01,3.42,0.24,0.24,0.28,0.31,0.84,5.39,0.55,1.64,0.55
1975-01-31,2.19,2.32,1.05,7.28,1.61,2.88,0.22,6.63,0.46,0.46,0.55,0.53,1.44,10.7,1.06,3.34,1.75
1975-02-28,5.44,6.55,1.39,11.55,2.55,7.14,0.53,34.01,2.38,2.38,3.05,1.19,3.22,51.51,4.74,14.66,11.59
1975-03-31,10.9,14.58,2.45,22.01,4.86,15.95,1.19,72.63,5.08,5.08,5.55,2.83,7.65,88.49,8.4,27.21,8.5
1975-04-30,9.95,11.18,2.31,21.46,4.74,13.71,1.02,23.91,1.67,1.67,3.5,2.61,7.04,58.46,5.76,13.79,2.74
1975-05-31,13.63,15.21,25.89,110.52,24.39,48.26,3.61,8.92,0.62,0.62,3.63,3.94,10.65,66.56,6.82,8.16,0.52
1975-06-30,4.59,3.8,22.4,128.58,28.38,33.04,2.47,1.59,0.11,0.11,0.83,1.49,4.03,24.73,2.5,1.59,0.01
1975-07-31,1.76,1.56,2.1,25.12,5.54,4.0,0.3,1.11,0.08,0.08,0.18,0.39,1.06,5.46,0.57,0.39,0.0
1975-08-31,1.19,1.0,0.14,3.66,0.81,0.59,0.04,0.65,0.05,0.05,0.12,0.26,0.71,2.39,0.28,0.13,0.0
1975-09-30,0.63,0.62,0.03,1.61,0.35,0.58,0.04,0.43,0.03,0.03,0.1,0.09,0.25,1.33,0.14,0.05,0.0
1975-10-31,1.08,1.33,2.21,12.81,2.83,0.75,0.06,1.08,0.08,0.08,0.19,0.29,0.78,3.98,0.42,0.46,0.39
1975-11-30,1.06,1.26,2.44,11.51,2.54,2.62,0.2,1.71,0.12,0.12,0.27,0.13,0.35,5.42,0.5,0.66,0.4
1975-12-31,1.05,1.11,1.14,6.44,1.42,1.16,0.09,1.4,0.1,0.1,0.26,0.4,1.07,5.13,0.55,0.73,0.33
1976-01-31,0.95,1.0,0.74,5.27,1.16,0.85,0.06,1.52,0.11,0.11,0.22,0.07,0.19,4.21,0.38,0.61,0.3
1976-02-29,1.09,1.39,1.04,6.87,1.52,1.12,0.08,2.74,0.19,0.19,0.34,0.44,1.18,5.67,0.61,1.0,0.53
1976-03-31,1.75,1.83,2.77,17.67,3.9,0.8,0.06,3.62,0.25,0.25,0.46,0.55,1.49,9.21,0.94,1.22,0.74
1976-04-30,1.46,1.54,4.37,32.37,7.14,0.0,0.0,2.46,0.17,0.17,0.45,0.51,1.38,8.8,0.9,0.7,0.4
1976-05-31,0.82,0.71,5.63,58.58,12.93,0.0,0.0,1.26,0.09,0.09,0.18,0.49,1.32,5.56,0.61,0.23,0.01
1976-06-30,0.39,0.34,0.33,6.27,1.38,0.0,0.0,0.47,0.03,0.03,0.04,0.23,0.61,1.05,0.16,0.04,0.0
1976-07-31,0.18,0.18,0.02,1.2,0.26,0.0,0.0,0.47,0.03,0.03,0.01,0.06,0.15,0.09,0.03,0.0,0.0
1976-08-31,0.3,0.32,0.2,3.46,0.76,0.0,0.0,0.77,0.05,0.05,0.02,0.09,0.24,0.67,0.08,0.0,0.0
1976-09-30,0.23,0.23,0.12,1.52,0.34,0.0,0.0,0.03,0.0,0.0,0.02,0.0,0.0,0.7,0.06,0.0,0.0
1976-10-31,0.69,0.26,0.02,1.77,0.39,-0.0,-0.0,0.0,0.0,0.0,0.01,0.16,0.44,0.59,0.1,0.0,0.0
1976-11-30,0.23,0.41,0.07,1.82,0.4,-0.0,-0.0,0.11,0.01,0.01,0.02,0.05,0.13,1.04,0.1,0.0,0.0
1976-12-31,0.2,0.38,0.02,1.49,0.33,-0.0,-0.0,0.13,0.01,0.01,0.02,0.04,0.11,1.0,0.09,0.0,0.0
1977-01-31,0.29,0.56,0.22,2.86,0.63,-0.0,-0.0,0.85,0.06,0.06,0.03,0.15,0.41,1.85,0.2,0.0,0.14
1977-02-28,0.34,0.58,0.44,4.25,0.94,0.0,0.0,1.12,0.08,0.08,0.05,0.16,0.44,2.06,0.22,0.0,0.2
1977-03-31,0.56,0.69,0.8,5.67,1.25,0.0,0.0,1.17,0.08,0.08,0.05,0.19,0.52,2.5,0.26,0.0,0.16
1977-04-30,0.38,0.45,3.86,30.07,6.64,-0.0,-0.0,1.0,0.07,0.07,0.04,0.18,0.48,1.9,0.21,0.0,0.02
1977-05-31,0.59,0.67,4.8,45.74,10.09,-0.0,-0.0,1.01,0.07,0.07,0.04,0.26,0.7,2.83,0.31,0.0,0.01
1977-06-30,0.15,0.29,1.74,28.05,6.19,-0.0,-0.0,0.3,0.02,0.02,0.01,0.05,0.13,0.68,0.07,-0.0,0.0
1977-07-31,0.13,0.09,0.05,0.27,0.06,-0.0,-0.0,0.97,0.07,0.07,0.0,0.0,0.0,0.01,0.0,-0.0,0.0
1977-08-31,0.12,0.03,0.01,0.62,0.14,-0.0,-0.0,0.64,0.04,0.04,0.0,0.0,0.0,0.0,0.0,0.0,0.0
1977-09-30,0.11,0.04,0.01,0.42,0.09,-0.0,-0.0,0.01,0.0,0.0,0.0,0.0,0.0,0.0,0.0,0.0,0.0
1977-10-31,0.1,0.14,0.01,0.45,0.1,0.08,0.01,0.0,0.0,0.0,0.03,0.14,0.37,0.0,0.04,0.03,0.08
1977-11-30,0.25,0.32,0.05,1.66,0.37,0.32,0.02,0.08,0.01,0.01,0.07,0.1,0.27,0.77,0.1,0.08,0.21
1977-12-31,1.28,2.48,1.89,11.97,2.64,2.35,0.18,4.06,0.28,0.28,0.68,0.84,2.27,12.34,1.3,2.69,3.06
1978-01-31,10.15,13.43,1.2,23.14,5.11,14.73,1.1,59.52,4.17,4.17,5.42,2.69,7.26,93.42,8.75,22.87,18.28
1978-02-28,7.86,10.57,1.17,15.59,3.44,11.89,0.89,46.69,3.27,3.27,3.55,1.38,3.72,54.47,5.07,14.56,8.56
1978-03-31,15.02,19.61,5.71,35.12,7.75,25.11,1.88,54.2,3.79,3.79,5.3,3.3,8.9,89.68,8.62,22.57,9.96
1978-04-30,16.71,19.84,7.22,51.06,11.27,28.15,2.1,50.78,3.55,3.55,5.58,3.5,9.44,92.0,8.89,18.6,5.62
1978-05-31,8.6,9.4,23.31,112.98,24.94,41.18,3.08,12.81,0.9,0.9,1.63,2.44,6.58,46.0,4.55,3.81,0.44
1978-06-30,3.25,2.74,19.84,113.36,25.02,33.87,2.53,3.31,0.23,0.23,0.54,0.79,2.14,18.44,1.76,0.96,0.05
1978-07-31,1.09,1.25,3.05,28.71,6.34,6.05,0.45,1.07,0.07,0.07,0.16,0.08,0.22,4.73,0.42,0.2,0.01
1978-08-31,0.76,0.68,0.09,2.67,0.59,0.41,0.03,0.29,0.02,0.02,0.05,0.11,0.29,0.84,0.1,0.0,0.0
1978-09-30,0.86,0.8,0.83,6.26,1.38,1.69,0.13,1.33,0.09,0.09,0.13,0.09,0.24,1.98,0.2,0.07,0.0
1978-10-31,0.59,0.6,0.02,1.33,0.29,0.18,0.01,0.0,0.0,0.0,0.07,0.0,0.0,1.26,0.11,0.14,0.22
1978-11-30,0.83,0.76,0.1,2.52,0.56,0.0,0.0,0.89,0.06,0.06,0.11,0.06,0.16,2.31,0.21,0.42,0.46
1978-12-31,0.84,1.16,0.48,4.25,0.94,0.1,0.01,2.57,0.18,0.18,0.17,0.14,0.38,3.56,0.34,0.77,0.8
1979-01-31,3.77,4.78,3.49,15.29,3.37,8.53,0.64,28.79,2.02,2.02,1.51,0.56,1.51,27.67,2.51,6.88,5.72
1979-02-28,4.69,6.86,1.02,11.8,2.6,8.42,0.63,61.32,4.29,4.29,2.77,0.6,1.61,52.4,4.61,14.7,8.58
1979-03-31,11.26,14.69,3.59,27.32,6.03,17.01,1.27,62.04,4.34,4.34,4.65,2.15,5.82,75.67,7.1,19.39,9.12
1979-04-30,10.48,12.35,7.72,48.44,10.69,22.93,1.71,17.66,1.24,1.24,3.17,2.12,5.74,50.71,4.96,8.83,3.56
1979-05-31,10.47,10.52,20.17,139.85,30.87,35.33,2.64,7.91,0.55,0.55,2.12,2.75,7.42,49.68,4.98,4.15,1.21
1979-06-30,2.51,2.59,5.58,55.4,12.23,10.96,0.82,2.64,0.18,0.18,0.32,0.56,1.51,10.75,1.06,0.6,0.03
1979-07-31,1.19,1.25,0.27,7.14,1.58,0.78,0.06,1.68,0.12,0.12,0.11,0.2,0.53,2.94,0.3,0.14,0.01
1979-08-31,0.77,0.57,0.02,1.66,0.37,0.45,0.03,0.0,0.0,0.0,0.06,0.12,0.33,0.99,0.12,0.0,0.0
1979-09-30,0.44,0.39,0.0,0.29,0.06,0.11,0.01,0.12,0.01,0.01,0.06,0.09,0.25,0.72,0.09,0.0,0.0
1979-10-31,0.62,0.66,0.97,4.24,0.94,0.64,0.05,0.41,0.03,0.03,0.17,0.19,0.52,2.11,0.24,0.27,0.51
1979-11-30,0.99,1.25,1.74,7.0,1.55,0.84,0.06,2.5,0.18,0.18,0.25,0.27,0.74,4.69,0.48,0.97,1.11
1979-12-31,1.98,2.06,1.62,5.68,1.25,3.26,0.24,7.55,0.53,0.53,0.48,0.37,1.0,9.86,0.94,2.48,2.29
1980-01-31,22.23,28.63,14.69,70.59,15.58,56.57,4.23,86.99,6.09,6.09,10.14,5.9,15.93,163.32,15.7,44.09,31.23
1980-02-29,23.05,30.37,4.01,45.79,10.11,29.07,2.17,76.63,5.36,5.36,8.7,4.04,10.9,146.68,13.69,36.82,15.38
1980-03-31,13.63,16.95,2.64,34.46,7.61,14.96,1.12,33.8,2.37,2.37,4.72,2.06,5.57,79.02,7.35,16.69,4.53
1980-04-30,8.53,9.37,10.16,57.56,12.7,25.42,1.9,12.36,0.87,0.87,1.34,1.77,4.78,38.21,3.71,4.07,0.37
1980-05-31,6.94,5.61,15.4,104.2,23.0,32.59,2.44,5.1,0.36,0.36,1.01,1.61,4.35,29.36,2.92,2.46,0.24
1980-06-30,3.21,2.68,12.68,93.39,20.61,30.03,2.24,3.46,0.24,0.24,0.44,0.83,2.23,14.55,1.45,1.14,0.05
1980-07-31,1.44,1.54,3.33,38.82,8.57,8.68,0.65,3.26,0.23,0.23,0.23,0.4,1.09,5.64,0.59,0.59,0.01
1980-08-31,0.59,0.77,0.07,3.25,0.72,1.01,0.08,1.52,0.11,0.11,0.11,0.15,0.41,1.89,0.21,0.21,0.0
1980-09-30,0.41,0.59,0.02,0.82,0.18,0.42,0.03,1.49,0.1,0.1,0.1,0.13,0.34,1.25,0.15,0.15,0.0
1980-10-31,0.56,0.7,0.01,0.42,0.09,0.0,0.0,0.12,0.01,0.01,0.09,0.13,0.34,1.5,0.17,0.23,0.31
1980-11-30,0.59,0.7,0.02,1.69,0.37,0.0,0.0,0.64,0.04,0.04,0.11,0.16,0.44,2.06,0.22,0.4,0.45
1980-12-31,0.89,1.11,0.22,3.01,0.66,0.0,0.0,1.99,0.14,0.14,0.19,0.24,0.66,3.82,0.39,0.81,0.77
1981-01-31,2.02,2.57,0.41,6.18,1.36,1.35,0.1,18.55,1.3,1.3,0.81,0.37,1.0,14.14,1.31,2.78,2.32
1981-02-28,2.08,2.37,1.73,10.58,2.33,5.3,0.4,6.42,0.45,0.45,0.56,0.51,1.38,10.38,1.03,2.25,1.63
1981-03-31,4.51,6.12,1.86,16.2,3.58,7.16,0.54,24.48,1.71,1.71,2.47,1.28,3.45,43.67,4.09,8.52,4.26
1981-04-30,3.89,4.46,9.56,60.6,13.37,15.34,1.15,7.04,0.49,0.49,1.21,1.27,3.43,21.85,2.23,3.09,0.95
1981-05-31,2.23,1.84,9.01,87.76,19.37,6.08,0.45,1.71,0.12,0.12,0.39,0.86,2.33,11.48,1.21,0.74,0.09
1981-06-30,0.8,0.64,1.45,24.12,5.32,0.58,0.04,1.82,0.13,0.13,0.08,0.23,0.61,2.5,0.28,0.16,0.01
1981-07-31,0.47,0.18,0.03,0.18,0.04,0.05,0.0,0.95,0.07,0.07,0.03,0.16,0.44,0.3,0.08,0.04,0.0
1981-08-31,0.31,0.14,0.0,0.0,0.0,0.0,0.0,0.98,0.07,0.07,0.06,0.38,1.03,0.0,0.12,0.04,0.0
1981-09-30,0.22,0.13,0.0,0.0,0.0,0.0,0.0,0.15,0.01,0.01,0.01,0.05,0.12,0.0,0.01,0.0,0.0
1981-10-31,0.42,0.41,0.41,2.52,0.56,0.71,0.05,0.11,0.01,0.01,0.11,0.12,0.31,1.41,0.16,0.26,0.34
1981-11-30,2.74,2.92,7.81,28.44,6.28,12.65,0.95,11.18,0.78,0.78,1.69,1.17,3.15,33.19,3.15,7.39,7.64
1981-12-31,7.4,8.76,11.41,35.94,7.93,36.18,2.7,27.3,1.91,1.91,4.71,3.02,8.15,74.4,7.26,20.84,17.42
1982-01-31,11.02,15.32,2.43,23.17,5.11,18.63,1.39,91.48,6.4,6.4,7.17,2.44,6.6,129.16,11.69,36.07,22.91
1982-02-28,20.21,24.74,12.67,58.63,12.94,47.48,3.55,78.16,5.47,5.47,9.92,5.99,16.18,139.9,13.83,42.55,22.26
1982-03-31,18.8,23.35,3.83,51.54,11.38,27.07,2.02,96.88,6.78,6.78,8.51,3.48,9.4,153.1,14.03,38.92,14.22
1982-04-30,33.4,41.91,13.47,108.76,24.0,49.65,3.71,107.99,7.56,7.56,10.91,7.22,19.48,200.57,19.15,34.47,9.18
1982-05-31,13.19,14.84,24.07,145.47,32.11,52.74,3.94,13.15,0.92,0.92,2.21,3.37,9.09,64.89,6.4,5.19,0.5
1982-06-30,4.18,3.97,12.27,96.42,21.28,35.52,2.65,5.11,0.36,0.36,0.55,0.91,2.46,18.29,1.79,1.35,0.06
1982-07-31,2.29,2.34,2.18,34.93,7.71,9.26,0.69,3.12,0.22,0.22,0.27,0.38,1.02,6.41,0.65,0.44,0.02
1982-08-31,1.19,1.11,0.11,9.48,2.09,1.98,0.15,1.36,0.1,0.1,0.13,0.23,0.63,2.57,0.29,0.11,0.0
1982-09-30,1.12,1.14,0.74,9.23,2.04,3.08,0.23,1.7,0.12,0.12,0.26,0.23,0.62,3.65,0.38,0.15,0.0
1982-10-31,2.31,2.56,5.43,26.34,5.81,8.9,0.67,5.39,0.38,0.38,0.63,0.39,1.06,10.42,1.01,1.75,2.24
1982-11-30,5.58,6.68,2.08,20.24,4.47,14.14,1.06,35.3,2.47,2.47,2.13,1.03,2.77,44.79,4.08,10.59,10.11
1982-12-31,12.39,16.55,2.05,27.52,6.07,25.21,1.88,59.08,4.14,4.14,7.97,3.01,8.13,129.22,11.93,35.38,27.22
1983-01-31,13.75,18.03,1.8,22.31,4.92,18.55,1.39,90.97,6.37,6.37,7.14,2.51,6.77,132.59,11.98,37.35,23.65
1983-02-28,21.83,28.86,1.74,31.89,7.04,25.11,1.88,100.08,7.01,7.01,11.25,4.57,12.33,161.02,15.21,47.31,24.59
1983-03-31,40.18,50.73,3.38,66.17,14.6,48.3,3.61,175.37,12.28,12.28,16.25,8.17,22.07,277.33,26.04,69.71,24.98
1983-04-30,19.55,24.19,3.5,44.46,9.81,23.72,1.77,48.51,3.4,3.4,6.85,3.69,9.96,110.13,10.5,23.06,6.71
1983-05-31,22.9,26.06,22.9,125.41,27.68,62.98,4.71,33.15,2.32,2.32,4.07,5.3,14.32,114.01,11.07,9.99,1.32
1983-06-30,10.76,9.7,33.58,194.06,42.83,74.88,5.6,9.26,0.65,0.65,1.77,2.94,7.93,54.65,5.41,4.31,0.3
1983-07-31,4.19,3.87,16.16,109.93,24.26,41.07,3.07,5.17,0.36,0.36,0.66,0.93,2.5,20.19,1.95,1.45,0.06
1983-08-31,2.35,2.04,1.55,20.73,4.58,4.89,0.37,2.52,0.18,0.18,0.29,0.35,0.94,6.51,0.65,0.29,0.0
1983-09-30,1.77,1.88,0.93,10.07,2.22,3.62,0.27,2.29,0.16,0.16,0.31,0.22,0.6,4.45,0.45,0.18,0.0
1983-10-31,1.67,1.64,0.86,6.95,1.53,0.7,0.05,2.8,0.2,0.2,0.28,0.26,0.69,4.39,0.45,0.74,0.97
1983-11-30,11.56,11.74,10.66,52.75,11.64,37.86,2.83,52.07,3.64,3.64,5.25,2.91,7.85,89.18,8.46,23.47,19.08
1983-12-31,22.86,26.01,8.09,58.81,12.98,41.89,3.13,83.09,5.82,5.82,10.76,5.44,14.69,173.88,16.46,48.94,26.58
1984-01-31,10.47,10.21,3.95,34.65,7.65,16.43,1.23,20.0,1.4,1.4,3.5,2.04,5.51,61.33,5.82,15.47,5.58
1984-02-29,7.38,7.54,2.28,25.1,5.54,10.94,0.82,25.02,1.75,1.75,3.3,1.41,3.8,52.91,4.94,10.74,3.24
1984-03-31,8.95,9.51,4.84,36.59,8.07,15.88,1.19,23.34,1.63,1.63,3.23,2.21,5.98,61.23,5.84,10.34,2.78
1984-04-30,5.93,5.9,6.53,46.07,10.17,14.09,1.05,10.49,0.73,0.73,1.32,1.59,4.3,38.02,3.64,2.96,0.37
1984-05-31,3.86,3.88,17.59,121.55,26.83,37.85,2.83,5.99,0.42,0.42,0.85,1.28,3.44,26.75,2.6,2.01,0.15
1984-06-30,2.21,2.27,7.49,58.19,12.84,16.47,1.23,3.25,0.23,0.23,0.31,0.62,1.68,9.54,0.98,0.72,0.03
1984-07-31,1.21,1.19,0.36,12.3,2.71,2.26,0.17,1.65,0.12,0.12,0.15,0.29,0.79,3.22,0.36,0.21,0.01
1984-08-31,0.85,0.62,0.03,1.84,0.41,0.63,0.05,0.68,0.05,0.05,0.11,0.19,0.52,1.66,0.2,0.07,0.0
1984-09-30,0.84,0.36,0.01,0.77,0.17,0.39,0.03,0.02,0.0,0.0,0.1,0.12,0.33,1.28,0.15,0.06,0.0
1984-10-31,1.01,1.15,0.44,4.17,0.92,0.0,0.0,1.39,0.1,0.1,0.18,0.24,0.65,3.25,0.35,0.56,0.71
1984-11-30,4.08,2.85,2.56,13.48,2.98,4.94,0.37,8.43,0.59,0.59,0.95,0.75,2.02,16.35,1.61,3.68,3.39
1984-12-31,2.21,2.21,1.17,7.13,1.57,4.67,0.35,7.29,0.51,0.51,0.74,0.48,1.3,13.02,1.25,3.07,2.12
1985-01-31,2.13,1.81,1.24,6.57,1.45,3.92,0.29,5.45,0.38,0.38,0.44,0.38,1.03,7.86,0.78,1.92,1.32
1985-02-28,2.6,3.19,1.68,9.5,2.1,5.32,0.4,17.43,1.22,1.22,1.53,0.56,1.5,24.18,2.23,5.51,3.24
1985-03-31,4.67,5.24,2.17,18.0,3.97,8.7,0.65,23.92,1.67,1.67,1.72,0.94,2.53,32.55,3.03,6.94,2.96
1985-04-30,6.33,6.75,11.07,73.02,16.12,19.46,1.45,7.85,0.55,0.55,2.0,1.71,4.62,35.6,3.53,5.64,1.72
1985-05-31,2.55,2.48,9.87,90.47,19.97,12.82,0.96,2.52,0.18,0.18,0.49,0.75,2.02,14.84,1.46,0.99,0.11
1985-06-30,1.17,0.91,1.61,22.02,4.86,1.97,0.15,1.92,0.13,0.13,0.12,0.33,0.89,3.76,0.41,0.26,0.01
1985-07-31,0.44,0.28,0.06,2.47,0.55,0.07,0.01,1.49,0.1,0.1,0.04,0.15,0.4,0.89,0.12,0.07,0.0
1985-08-31,0.37,0.31,0.02,1.07,0.24,0.03,0.0,1.37,0.1,0.1,0.02,0.0,0.0,0.66,0.05,0.03,0.0
1985-09-30,0.52,0.41,0.13,2.41,0.53,0.43,0.03,0.91,0.06,0.06,0.09,0.32,0.85,1.06,0.19,0.08,0.0
1985-10-31,1.34,0.62,0.3,2.04,0.45,1.16,0.09,0.98,0.07,0.07,0.1,0.09,0.24,1.34,0.14,0.23,0.31
1985-11-30,1.17,1.62,0.54,5.94,1.31,2.53,0.19,3.76,0.26,0.26,0.38,0.38,1.04,6.58,0.67,1.24,1.54
1985-12-31,2.15,2.85,2.06,10.62,2.34,7.32,0.55,5.4,0.38,0.38,0.89,0.76,2.05,17.65,1.72,4.32,4.19
1986-01-31,4.7,6.52,4.89,22.18,4.9,23.16,1.73,12.46,0.87,0.87,2.49,1.65,4.45,40.74,3.97,11.14,9.51
1986-02-28,42.66,53.28,10.53,97.62,21.55,54.92,4.1,185.63,12.99,12.99,19.9,11.23,30.33,321.54,30.79,90.28,47.27
1986-03-31,24.36,26.84,13.01,91.53,20.2,32.86,2.46,82.67,5.79,5.79,8.32,4.64,12.52,153.16,14.36,26.38,7.26
1986-04-30,8.48,8.76,10.62,67.7,14.94,19.38,1.45,12.59,0.88,0.88,1.45,1.66,4.48,42.61,4.04,3.3,0.39
1986-05-31,4.73,4.4,17.68,105.89,23.37,38.67,2.89,6.37,0.45,0.45,0.7,1.1,2.96,23.56,2.28,1.74,0.07
1986-06-30,2.64,1.97,10.35,77.54,17.11,33.73,2.52,2.5,0.18,0.18,0.28,0.4,1.07,8.25,0.8,0.58,0.03
1986-07-31,1.26,0.94,0.49,13.13,2.9,1.86,0.14,0.99,0.07,0.07,0.12,0.27,0.72,2.6,0.3,0.13,0.0
1986-08-31,1.03,0.37,0.02,2.74,0.61,0.77,0.06,0.54,0.04,0.04,0.09,0.14,0.37,1.15,0.14,0.05,0.0
1986-09-30,1.24,0.68,0.05,1.89,0.42,0.91,0.07,0.51,0.04,0.04,0.14,0.19,0.52,1.64,0.2,0.08,0.0
1986-10-31,1.48,0.71,0.19,4.59,1.01,0.0,0.0,0.73,0.05,0.05,0.1,0.15,0.41,2.0,0.21,0.25,0.35
1986-11-30,0.87,0.57,0.02,1.75,0.39,0.0,0.0,0.79,0.06,0.06,0.09,0.13,0.36,1.95,0.2,0.31,0.33
1986-12-31,0.71,0.7,0.04,2.28,0.5,0.0,0.0,1.43,0.1,0.1,0.16,0.18,0.48,2.73,0.29,0.43,0.47
1987-01-31,0.92,1.0,0.18,3.76,0.83,0.0,0.0,2.58,0.18,0.18,0.27,0.3,0.81,4.24,0.45,0.7,0.67
1987-02-28,1.92,1.66,1.06,8.11,1.79,0.03,0.0,7.98,0.56,0.56,0.67,0.59,1.58,12.46,1.23,1.95,1.6
1987-03-31,3.7,3.76,2.1,17.35,3.83,0.06,0.0,18.1,1.27,1.27,1.5,1.04,2.8,27.97,2.68,3.86,1.97
1987-04-30,1.8,1.78,8.94,57.6,12.71,0.02,0.0,2.96,0.21,0.21,0.47,0.58,1.56,10.31,1.04,0.93,0.3
1987-05-31,0.98,0.97,5.72,63.73,14.07,0.0,0.0,0.65,0.05,0.05,0.17,0.41,1.1,5.07,0.54,0.26,0.03
1987-06-30,0.6,0.48,0.48,8.64,1.91,0.0,0.0,0.0,0.0,0.0,0.05,0.27,0.73,1.21,0.18,0.09,0.0
1987-07-31,0.67,0.24,0.03,2.26,0.5,0.0,0.0,0.0,0.0,0.0,0.03,0.24,0.65,0.28,0.1,0.05,0.0
1987-08-31,0.25,0.13,0.01,0.86,0.19,0.0,0.0,0.36,0.03,0.03,0.03,0.25,0.68,0.01,0.08,0.03,0.0
1987-09-30,0.2,0.13,0.01,0.83,0.18,0.0,0.0,0.32,0.02,0.02,0.02,0.12,0.31,0.01,0.04,0.01,0.0
1987-10-31,0.26,0.22,0.01,1.17,0.26,0.0,0.0,0.15,0.01,0.01,0.03,0.06,0.17,0.45,0.06,0.04,0.07
1987-11-30,0.45,0.3,0.16,3.71,0.82,0.04,0.0,0.15,0.01,0.01,0.07,0.12,0.31,1.51,0.16,0.16,0.23
1987-12-31,0.77,0.51,0.82,5.47,1.21,0.59,0.04,0.7,0.05,0.05,0.2,0.28,0.77,3.65,0.39,0.41,0.54
1988-01-31,1.43,1.38,1.11,7.91,1.75,1.54,0.12,4.73,0.33,0.33,0.66,0.64,1.74,12.6,1.26,1.35,1.39
1988-02-29,0.96,0.63,1.97,8.87,1.96,1.85,0.14,1.54,0.11,0.11,0.36,0.41,1.12,6.0,0.63,0.71,0.55
1988-03-31,1.72,1.22,3.96,22.74,5.02,2.47,0.18,2.85,0.2,0.2,0.45,0.62,1.69,8.78,0.93,0.95,0.53
1988-04-30,1.17,1.19,5.64,48.5,10.7,0.0,0.0,2.84,0.2,0.2,0.48,0.6,1.61,8.39,0.89,0.72,0.32
1988-05-31,1.05,1.01,4.53,53.39,11.78,0.0,0.0,0.82,0.06,0.06,0.19,0.43,1.16,6.18,0.64,0.25,0.05
1988-06-30,0.46,0.5,1.14,17.18,3.79,0.0,0.0,0.32,0.02,0.02,0.07,0.42,1.14,1.82,0.28,0.1,0.01
1988-07-31,0.4,0.14,0.05,0.98,0.22,0.06,0.0,0.99,0.07,0.07,0.02,0.19,0.51,0.18,0.07,0.03,0.0
1988-08-31,0.38,0.06,0.01,0.0,0.0,0.0,0.0,1.1,0.08,0.08,0.01,0.16,0.44,0.0,0.04,0.02,0.0
1988-09-30,0.25,0.03,0.0,0.0,0.0,0.0,0.0,0.34,0.02,0.02,0.02,0.13,0.36,0.0,0.04,0.01,0.0
1988-10-31,0.25,0.1,0.0,0.0,0.0,0.0,0.0,0.09,0.01,0.01,0.0,0.0,0.0,0.02,0.0,0.0,0.0
1988-11-30,0.53,0.5,0.4,2.23,0.49,3.91,0.29,0.17,0.01,0.01,0.13,0.2,0.54,2.18,0.24,0.38,0.5
1988-12-31,0.49,0.52,0.67,5.13,1.13,1.14,0.09,1.25,0.09,0.09,0.15,0.26,0.7,2.81,0.32,0.64,0.68
1989-01-31,0.66,0.42,0.95,5.04,1.11,1.84,0.14,2.6,0.18,0.18,0.28,0.62,1.67,4.34,0.56,1.29,1.18
1989-02-28,0.86,1.16,1.59,14.24,3.14,2.85,0.21,2.97,0.21,0.21,0.63,0.93,2.51,7.8,0.95,2.23,2.0
1989-03-31,8.69,10.03,10.56,68.91,15.21,22.11,1.65,19.14,1.34,1.34,5.27,4.22,11.41,86.12,8.6,20.31,10.76
1989-04-30,4.34,3.76,13.38,88.51,19.53,22.13,1.65,3.58,0.25,0.25,1.67,1.83,4.94,32.69,3.31,4.48,1.23
1989-05-31,1.67,1.16,10.18,82.17,18.14,11.16,0.83,0.91,0.06,0.06,0.38,0.56,1.52,12.31,1.19,0.8,0.07
1989-06-30,0.64,0.5,3.53,46.04,10.16,1.87,0.14,0.0,0.0,0.0,0.1,0.0,0.0,3.94,0.32,0.21,0.01
1989-07-31,0.49,0.18,0.1,3.86,0.85,0.3,0.02,0.36,0.03,0.03,0.03,0.0,0.0,1.03,0.09,0.04,0.0
1989-08-31,0.35,0.06,0.02,1.23,0.27,0.0,0.0,0.0,0.0,0.0,0.01,0.0,0.0,0.32,0.03,0.01,0.0
1989-09-30,0.46,0.28,0.09,2.31,0.51,1.7,0.13,0.21,0.01,0.01,0.05,0.0,0.0,0.93,0.08,0.03,0.0
1989-10-31,0.77,0.92,0.87,5.85,1.29,1.78,0.13,0.46,0.03,0.03,0.14,0.2,0.54,2.76,0.29,0.41,0.52
1989-11-30,0.82,0.72,0.79,8.55,1.89,2.57,0.19,1.13,0.08,0.08,0.19,0.24,0.66,3.62,0.38,0.67,0.68
1989-12-31,0.57,0.39,0.91,7.1,1.57,1.22,0.09,0.78,0.05,0.05,0.18,0.11,0.31,3.09,0.3,0.52,0.53
1990-01-31,1.04,1.35,1.37,8.57,1.89,2.63,0.2,4.07,0.28,0.28,0.45,0.41,1.1,7.71,0.78,1.44,1.17
1990-02-28,1.29,2.02,1.22,7.68,1.7,1.68,0.13,10.53,0.74,0.74,0.6,0.38,1.03,11.27,1.07,2.01,1.53
1990-03-31,4.18,4.63,3.89,29.74,6.56,7.17,0.54,11.43,0.8,0.8,1.5,1.29,3.49,26.11,2.6,4.66,2.36
1990-04-30,2.91,2.2,8.06,63.63,14.04,4.81,0.36,2.8,0.2,0.2,0.9,0.82,2.22,15.95,1.6,2.1,0.71
1990-05-31,1.64,1.07,4.62,50.77,11.21,2.7,0.2,1.81,0.13,0.13,0.25,0.44,1.19,7.72,0.77,0.42,0.06
1990-06-30,1.23,0.87,2.06,22.15,4.89,1.8,0.13,1.14,0.08,0.08,0.18,0.39,1.07,6.01,0.62,0.33,0.02
1990-07-31,0.54,0.21,0.1,2.88,0.64,0.0,0.0,0.22,0.02,0.02,0.04,0.05,0.14,1.06,0.1,0.04,0.0
1990-08-31,0.45,0.08,0.02,1.23,0.27,0.0,0.0,0.0,0.0,0.0,0.01,-0.0,-0.0,0.28,0.02,0.01,0.0
1990-09-30,0.25,0.07,0.01,0.34,0.07,0.0,0.0,0.37,0.03,0.03,0.01,0.01,0.02,0.18,0.02,0.01,0.0
1990-10-31,0.31,0.11,0.01,0.24,0.05,0.0,0.0,0.28,0.02,0.02,0.03,0.06,0.15,0.31,0.04,0.05,0.08
1990-11-30,0.34,0.19,0.02,0.0,0.0,0.06,0.0,0.12,0.01,0.01,0.04,0.02,0.06,0.96,0.09,0.12,0.16
1990-12-31,0.34,0.17,0.02,1.57,0.35,0.15,0.01,0.0,0.0,0.0,0.04,0.04,0.1,1.0,0.09,0.14,0.19
1991-01-31,0.29,0.11,0.04,0.91,0.2,1.14,0.09,0.09,0.01,0.01,0.05,0.08,0.21,1.05,0.11,0.2,0.22
1991-02-28,0.32,0.14,0.31,0.45,0.1,1.0,0.07,0.54,0.04,0.04,0.09,0.15,0.4,1.73,0.19,0.37,0.36
1991-03-31,2.02,4.09,2.69,18.72,4.13,6.1,0.46,39.7,2.78,2.78,2.39,0.72,1.93,44.12,3.95,8.13,5.92
1991-04-30,3.6,3.78,5.14,35.41,7.81,7.67,0.57,5.07,0.35,0.35,1.51,1.62,4.39,25.9,2.69,4.82,1.96
1991-05-31,3.44,2.99,11.39,84.41,18.63,8.39,0.63,1.32,0.09,0.09,0.9,1.18,3.17,19.85,2.02,2.09,0.57
1991-06-30,1.42,0.92,5.73,51.85,11.44,7.16,0.54,0.21,0.01,0.01,0.21,0.43,1.17,6.88,0.7,0.4,0.03
1991-07-31,0.59,0.22,0.36,4.12,0.91,2.22,0.17,0.16,0.01,0.01,0.05,0.09,0.24,1.38,0.14,0.07,0.0
1991-08-31,0.26,0.13,0.03,1.23,0.27,0.0,0.0,0.12,0.01,0.01,0.02,0.0,0.0,0.41,0.03,0.01,0.0
1991-09-30,0.23,0.05,0.01,0.15,0.03,0.0,0.0,0.28,0.02,0.02,0.01,0.0,0.0,0.1,0.01,0.0,0.0
1991-10-31,0.29,0.23,0.22,2.1,0.46,0.37,0.03,0.69,0.05,0.05,0.05,0.09,0.23,0.74,0.09,0.1,0.15
1991-11-30,0.25,0.2,1.04,4.28,0.94,0.43,0.03,0.15,0.01,0.01,0.06,0.09,0.24,1.27,0.13,0.2,0.26
1991-12-31,0.42,0.47,0.54,4.7,1.04,0.43,0.03,1.07,0.07,0.07,0.1,0.12,0.32,2.02,0.21,0.38,0.39
1992-01-31,0.29,0.48,0.69,4.64,1.02,0.91,0.07,3.49,0.24,0.24,0.17,0.14,0.38,3.44,0.33,0.63,0.62
1992-02-29,2.32,3.71,2.57,16.01,3.53,3.77,0.28,36.76,2.57,2.57,1.98,0.62,1.68,36.02,3.24,6.48,4.74
1992-03-31,4.14,4.8,3.68,23.41,5.17,6.32,0.47,14.45,1.01,1.01,1.89,1.15,3.1,35.35,3.34,5.71,2.38
1992-04-30,2.71,2.48,9.53,68.41,15.1,5.24,0.39,2.82,0.2,0.2,0.6,0.82,2.21,16.41,1.61,1.28,0.28
1992-05-31,1.21,0.67,3.62,39.96,8.82,0.0,0.0,0.88,0.06,0.06,0.12,0.27,0.73,4.4,0.44,0.25,0.01
1992-06-30,0.64,0.27,0.31,5.42,1.2,0.39,0.03,0.26,0.02,0.02,0.03,0.03,0.08,0.93,0.09,0.04,0.0
1992-07-31,0.35,0.31,0.89,6.07,1.34,0.0,0.0,0.55,0.04,0.04,0.03,0.03,0.09,0.61,0.06,0.02,0.0
1992-08-31,0.21,0.06,0.02,0.51,0.11,0.0,0.0,0.76,0.05,0.05,0.0,0.0,0.0,0.03,0.0,0.0,0.0
1992-09-30,0.12,0.03,0.02,0.67,0.15,0.0,0.0,0.13,0.01,0.01,0.0,0.01,0.03,0.0,0.0,0.0,0.0
1992-10-31,0.3,0.2,0.08,1.75,0.39,0.0,0.0,0.03,0.0,0.0,0.02,0.05,0.13,0.09,0.02,0.04,0.05
1992-11-30,0.31,0.28,0.37,2.38,0.52,0.0,0.0,0.05,0.0,0.0,0.07,0.02,0.04,1.15,0.1,0.16,0.22
1992-12-31,0.73,2.04,0.66,5.47,1.21,4.09,0.31,7.86,0.55,0.55,0.59,0.51,1.37,11.39,1.11,2.31,2.63
1993-01-31,9.78,13.93,4.4,21.76,4.8,18.77,1.4,90.49,6.33,6.33,6.27,2.64,7.12,111.01,10.21,29.25,21.26
1993-02-28,8.18,11.9,1.49,14.44,3.19,15.08,1.13,44.47,3.11,3.11,5.38,1.67,4.52,83.99,7.68,22.6,11.99
1993-03-31,14.92,20.33,7.14,52.62,11.61,33.9,2.53,39.42,2.76,2.76,6.14,4.95,13.37,98.77,9.91,24.5,8.41
1993-04-30,9.75,13.9,10.2,66.74,14.73,25.66,1.92,19.16,1.34,1.34,3.22,6.53,17.62,46.93,5.97,9.95,2.64
1993-05-31,6.4,5.53,24.57,143.45,31.66,43.43,3.25,5.05,0.35,0.35,1.21,2.38,6.43,32.34,3.41,2.71,0.32
1993-06-30,3.86,2.8,13.75,105.5,23.28,21.67,1.62,3.71,0.26,0.26,0.58,1.11,2.99,18.42,1.86,1.36,0.06
1993-07-31,1.16,1.01,1.95,30.86,6.81,2.55,0.19,0.45,0.03,0.03,0.15,0.31,0.83,3.18,0.36,0.18,0.0
1993-08-31,0.76,0.45,0.08,3.62,0.8,0.85,0.06,0.3,0.02,0.02,0.08,0.12,0.33,0.98,0.12,0.05,0.0
1993-09-30,0.46,0.26,0.01,0.36,0.08,1.36,0.1,0.69,0.05,0.05,0.05,0.11,0.29,0.37,0.07,0.03,0.0
1993-10-31,0.62,0.46,0.02,0.95,0.21,0.95,0.07,1.29,0.09,0.09,0.05,0.14,0.39,0.85,0.11,0.1,0.16
1993-11-30,0.59,0.5,0.02,0.49,0.11,1.86,0.14,0.96,0.07,0.07,0.06,0.12,0.32,1.26,0.14,0.16,0.21
1993-12-31,0.61,0.87,0.27,2.43,0.54,1.2,0.09,2.4,0.17,0.17,0.23,0.2,0.53,4.54,0.44,0.52,0.64
1994-01-31,0.72,0.97,0.55,3.4,0.75,1.47,0.11,2.98,0.21,0.21,0.22,0.16,0.44,4.25,0.41,0.49,0.49
1994-02-28,1.43,2.04,0.8,4.45,0.98,3.66,0.27,12.98,0.91,0.91,0.73,0.36,0.98,14.17,1.31,1.61,1.38
1994-03-31,2.06,2.51,3.9,22.65,5.0,4.56,0.34,4.32,0.3,0.3,0.68,0.7,1.88,13.56,1.35,1.56,0.87
1994-04-30,1.65,1.83,6.42,48.67,10.74,4.13,0.31,3.34,0.23,0.23,0.48,0.47,1.26,9.06,0.91,0.81,0.34
1994-05-31,1.65,1.77,6.67,63.34,13.98,3.34,0.25,2.08,0.15,0.15,0.26,0.57,1.55,8.8,0.9,0.36,0.05
1994-06-30,0.6,0.43,0.91,19.0,4.19,0.87,0.07,1.31,0.09,0.09,0.04,0.04,0.11,1.59,0.14,0.06,0.0
1994-07-31,0.25,0.14,0.03,1.55,0.34,0.0,0.0,1.41,0.1,0.1,0.01,0.07,0.19,0.19,0.04,0.01,0.0
1994-08-31,0.31,0.08,0.01,0.77,0.17,0.0,0.0,0.42,0.03,0.03,0.01,0.09,0.24,0.0,0.02,0.01,0.0
1994-09-30,0.28,0.07,0.01,0.0,0.0,0.0,0.0,1.19,0.08,0.08,0.0,0.02,0.07,0.0,0.0,0.0,0.0
1994-10-31,0.25,0.28,0.02,0.74,0.16,0.0,0.0,0.1,0.01,0.01,0.03,0.04,0.11,0.29,0.04,0.06,0.08
1994-11-30,0.83,0.78,1.05,6.78,1.5,2.56,0.19,0.32,0.02,0.02,0.26,0.3,0.81,3.23,0.37,0.6,0.81
1994-12-31,0.93,1.45,1.19,8.24,1.82,3.69,0.28,4.05,0.28,0.28,0.68,0.63,1.69,13.22,1.3,2.67,3.17
1995-01-31,14.91,22.55,3.78,36.36,8.02,27.89,2.08,106.96,7.49,7.49,9.9,5.05,13.64,169.18,15.9,47.03,34.63
1995-02-28,6.99,7.36,3.73,27.23,6.01,17.13,1.28,13.36,0.94,0.94,2.93,1.87,5.04,48.59,4.7,14.43,9.18
1995-03-31,30.1,39.48,8.28,63.68,14.05,57.31,4.28,143.03,10.01,10.01,14.65,6.27,16.93,238.24,22.2,64.7,28.14
1995-04-30,18.26,21.48,10.98,59.03,13.03,43.62,3.26,27.65,1.94,1.94,6.59,4.99,13.48,96.68,9.79,21.87,6.6
1995-05-31,22.11,28.38,22.53,129.74,28.63,60.66,4.53,42.37,2.97,2.97,5.23,5.85,15.81,119.27,11.75,15.08,3.25
1995-06-30,6.25,6.91,26.12,158.99,35.09,64.67,4.83,11.46,0.8,0.8,1.33,2.01,5.44,42.62,4.13,3.24,0.21
1995-07-31,1.73,2.77,12.14,116.16,25.64,25.38,1.9,3.68,0.26,0.26,0.47,0.62,1.67,13.08,1.27,0.85,0.03
1995-08-31,1.19,1.43,0.69,17.95,3.96,3.57,0.27,0.35,0.02,0.02,0.19,0.25,0.66,3.05,0.33,0.13,0.0
1995-09-30,0.76,0.86,0.03,1.01,0.22,1.37,0.1,2.31,0.16,0.16,0.11,0.08,0.2,1.55,0.16,0.06,0.0
1995-10-31,0.72,0.75,0.01,0.38,0.08,1.27,0.09,1.91,0.13,0.13,0.1,0.07,0.19,1.46,0.15,0.23,0.31
1995-11-30,0.8,0.72,0.01,1.65,0.37,0.0,0.0,3.22,0.23,0.23,0.1,0.12,0.34,1.65,0.18,0.29,0.38
1995-12-31,1.84,1.95,1.92,12.98,2.87,6.54,0.49,6.86,0.48,0.48,0.45,0.39,1.06,9.05,0.88,1.95,2.12
1996-01-31,5.12,5.97,2.05,18.13,4.0,8.9,0.67,41.11,2.88,2.88,2.71,1.27,3.43,45.87,4.28,11.75,9.72
1996-02-29,14.39,19.16,9.19,58.44,12.9,35.66,2.66,78.1,5.47,5.47,6.71,3.54,9.56,105.6,10.08,29.47,17.52
1996-03-31,13.99,16.56,4.96,40.23,8.88,32.92,2.46,39.71,2.78,2.78,5.4,4.14,11.18,90.26,8.92,23.53,9.19
1996-04-30,10.91,12.19,10.63,66.22,14.61,34.22,2.56,18.58,1.3,1.3,3.53,2.87,7.75,52.53,5.36,11.06,3.28
1996-05-31,7.16,6.92,20.13,137.55,30.36,59.24,4.43,10.1,0.71,0.71,1.82,3.18,8.58,49.62,5.08,4.54,0.67
1996-06-30,3.03,3.22,6.31,73.07,16.13,14.77,1.1,4.82,0.34,0.34,0.43,0.92,2.48,13.76,1.41,1.05,0.04
1996-07-31,1.59,1.56,0.37,11.62,2.56,4.58,0.34,3.0,0.21,0.21,0.19,0.58,1.57,4.49,0.55,0.39,0.02
1996-08-31,0.81,0.77,0.03,0.02,0.0,1.86,0.14,2.2,0.15,0.15,0.1,0.36,0.98,1.69,0.25,0.12,0.0
1996-09-30,0.57,0.53,0.01,0.0,0.0,0.48,0.04,1.23,0.09,0.09,0.13,0.25,0.68,1.35,0.19,0.08,0.0
1996-10-31,0.81,0.69,0.02,0.0,0.0,1.7,0.13,0.67,0.05,0.05,0.12,0.0,0.0,2.03,0.17,0.28,0.38
1996-11-30,2.26,2.24,4.41,17.17,3.79,8.58,0.64,7.06,0.49,0.49,0.7,1.28,3.45,10.52,1.28,2.53,3.05
1996-12-31,15.22,21.02,8.87,41.34,9.12,42.11,3.15,106.88,7.48,7.48,8.55,4.06,10.97,147.2,13.73,40.24,29.93
1997-01-31,41.83,55.78,17.97,114.78,25.33,150.07,11.22,190.88,13.36,13.36,23.23,12.28,33.17,371.02,35.35,95.8,41.5
1997-02-28,9.54,14.57,2.7,20.03,4.42,31.65,2.37,24.03,1.68,1.68,2.38,2.48,6.69,61.21,5.85,7.01,1.4
1997-03-31,6.11,7.27,6.94,30.5,6.73,25.3,1.89,10.07,0.7,0.7,1.08,1.24,3.34,31.3,2.97,2.45,0.3
1997-04-30,3.96,4.43,10.58,66.5,14.68,24.59,1.84,6.12,0.43,0.43,0.72,1.11,3.0,22.51,2.2,1.72,0.12
1997-05-31,2.68,2.83,13.2,105.88,23.37,25.8,1.93,3.68,0.26,0.26,0.43,0.8,2.17,13.99,1.4,1.07,0.04
1997-06-30,2.01,1.51,4.06,41.58,9.18,11.31,0.85,1.79,0.13,0.13,0.24,0.57,1.54,6.14,0.68,0.49,0.02
1997-07-31,1.0,0.76,0.15,4.96,1.09,2.93,0.22,1.05,0.07,0.07,0.15,0.46,1.25,2.75,0.37,0.19,0.0
1997-08-31,0.65,0.48,0.02,0.51,0.11,1.78,0.13,0.47,0.03,0.03,0.14,0.35,0.95,1.41,0.23,0.09,0.0
1997-09-30,0.71,0.5,0.01,0.46,0.1,0.94,0.07,0.29,0.02,0.02,0.11,0.25,0.68,0.98,0.16,0.07,0.0
1997-10-31,0.82,0.85,0.02,0.45,0.1,1.98,0.15,0.74,0.05,0.05,0.19,0.24,0.65,2.25,0.27,0.43,0.58
1997-11-30,1.14,1.18,0.18,1.73,0.38,0.0,0.0,2.71,0.19,0.19,0.28,0.32,0.86,4.83,0.51,0.93,1.16
1997-12-31,1.46,1.75,0.58,3.57,0.79,0.0,0.0,4.32,0.3,0.3,0.45,0.34,0.93,9.16,0.87,1.84,2.17
1998-01-31,7.19,10.95,3.41,18.73,4.13,3.2,0.24,73.63,5.15,5.15,5.29,1.61,4.33,92.1,8.31,23.84,19.33
1998-02-28,17.21,25.75,1.78,19.96,4.4,18.43,1.38,174.56,12.22,12.22,11.29,2.93,7.91,187.13,16.82,51.41,30.16
1998-03-31,16.82,21.63,7.08,48.53,10.71,30.53,2.28,57.32,4.01,4.01,7.06,4.99,13.48,120.39,11.73,33.33,13.47
1998-04-30,15.2,20.35,7.3,45.78,10.1,29.47,2.2,59.91,4.19,4.19,6.39,3.71,10.01,99.33,9.6,22.3,7.03
1998-05-31,16.23,19.17,12.65,83.06,18.33,37.43,2.8,31.5,2.2,2.2,4.49,4.38,11.84,92.14,9.07,13.73,3.35
1998-06-30,10.73,9.56,25.91,159.11,35.12,61.66,4.61,12.06,0.84,0.84,1.89,3.51,9.49,53.02,5.46,4.4,0.43
1998-07-31,4.41,3.79,8.95,75.74,16.72,7.75,0.58,5.45,0.38,0.38,0.5,0.91,2.45,15.75,1.58,1.18,0.05
1998-08-31,1.98,1.88,0.2,6.64,1.47,1.11,0.08,2.88,0.2,0.2,0.23,0.57,1.53,4.82,0.57,0.33,0.01
1998-09-30,1.35,1.32,0.08,3.19,0.7,2.34,0.17,2.34,0.16,0.16,0.25,0.31,0.83,3.39,0.38,0.15,0.0
1998-10-31,1.95,1.33,0.05,1.97,0.43,2.26,0.17,1.66,0.12,0.12,0.23,0.26,0.71,3.49,0.38,0.62,0.81
1998-11-30,1.75,1.98,0.8,7.74,1.71,3.82,0.29,3.58,0.25,0.25,0.31,0.36,0.96,5.91,0.61,1.23,1.46
1998-12-31,2.37,2.64,2.03,10.67,2.36,6.34,0.47,4.88,0.34,0.34,0.63,0.57,1.54,12.53,1.23,3.32,2.9
1999-01-31,7.32,9.68,2.44,19.03,4.2,11.64,0.87,34.34,2.4,2.4,3.02,1.42,3.84,48.44,4.56,12.79,9.92
1999-02-28,18.94,23.86,2.5,23.35,5.15,28.39,2.12,88.3,6.18,6.18,8.62,5.04,13.62,138.4,13.32,38.65,21.06
1999-03-31,11.23,13.15,3.4,22.69,5.01,21.38,1.6,24.56,1.72,1.72,4.36,3.6,9.73,69.15,6.98,16.94,5.82
1999-04-30,10.84,12.85,7.18,37.74,8.33,33.46,2.5,20.51,1.44,1.44,3.19,2.97,8.03,54.49,5.52,10.09,2.81
1999-05-31,7.32,7.17,21.78,130.26,28.75,51.82,3.87,8.14,0.57,0.57,1.38,2.54,6.85,37.19,3.86,3.07,0.37
1999-06-30,3.88,3.17,12.42,94.1,20.77,26.52,1.98,4.16,0.29,0.29,0.46,0.99,2.68,14.55,1.5,1.11,0.05
1999-07-31,1.61,1.8,1.05,15.98,3.53,0.0,0.0,1.99,0.14,0.14,0.16,0.4,1.08,4.17,0.47,0.33,0.01
1999-08-31,1.16,1.03,0.03,2.23,0.49,1.4,0.1,1.48,0.1,0.1,0.13,0.39,1.06,2.25,0.31,0.16,0.0
1999-09-30,0.8,0.66,0.01,0.31,0.07,1.4,0.1,0.92,0.06,0.06,0.13,0.26,0.71,1.37,0.2,0.08,0.0
1999-10-31,0.76,0.68,0.02,0.0,0.0,0.55,0.04,0.9,0.06,0.06,0.13,0.26,0.7,1.41,0.2,0.31,0.42
1999-11-30,1.04,1.25,0.29,2.56,0.56,1.0,0.07,2.15,0.15,0.15,0.21,0.28,0.75,3.86,0.41,0.79,0.95
1999-12-31,1.08,1.16,0.25,2.58,0.57,1.93,0.14,1.61,0.11,0.11,0.2,0.24,0.64,3.84,0.4,0.92,0.94
2000-01-31,6.68,8.79,2.59,17.12,3.78,14.85,1.11,33.42,2.34,2.34,2.7,1.25,3.37,45.75,4.27,11.59,9.32
2000-02-29,13.78,19.19,3.23,22.73,5.02,26.45,1.98,99.73,6.98,6.98,7.85,3.2,8.64,134.17,12.37,34.65,18.45
2000-03-31,11.1,14.55,5.07,29.6,6.53,20.93,1.56,35.01,2.45,2.45,4.09,3.05,8.25,63.72,6.36,14.11,4.61
2000-04-30,6.99,8.44,11.58,73.9,16.31,17.93,1.34,10.24,0.72,0.72,1.5,1.86,5.01,32.35,3.27,4.45,1.06
2000-05-31,5.53,5.7,15.66,123.06,27.16,30.34,2.27,9.19,0.64,0.64,0.94,1.74,4.7,26.37,2.71,2.08,0.22
2000-06-30,2.7,2.49,3.91,42.24,9.32,8.52,0.64,3.21,0.22,0.22,0.25,0.59,1.59,7.73,0.82,0.59,0.02
2000-07-31,0.97,1.29,0.12,5.09,1.12,1.46,0.11,1.48,0.1,0.1,0.12,0.35,0.94,2.77,0.34,0.23,0.01
2000-08-31,0.6,0.71,0.01,0.76,0.17,1.41,0.11,0.91,0.06,0.06,0.08,0.32,0.86,1.1,0.19,0.09,0.0
2000-09-30,0.8,0.68,0.01,1.13,0.25,1.74,0.13,1.34,0.09,0.09,0.11,0.11,0.3,1.6,0.17,0.07,0.0
2000-10-31,1.33,1.13,0.03,2.03,0.45,0.44,0.03,3.48,0.24,0.24,0.17,0.31,0.85,2.81,0.33,0.51,0.64
2000-11-30,0.98,1.2,0.22,3.09,0.68,1.57,0.12,0.64,0.04,0.04,0.15,0.21,0.56,3.09,0.32,0.66,0.63
2000-12-31,1.05,1.29,0.41,1.75,0.39,2.2,0.16,1.35,0.09,0.09,0.26,0.3,0.8,4.04,0.43,0.88,0.85
2001-01-31,1.38,1.81,0.44,4.01,0.88,4.05,0.3,5.91,0.41,0.41,0.47,0.25,0.69,7.91,0.75,1.58,1.3
2001-02-28,2.46,3.04,0.8,5.11,1.13,4.92,0.37,83.2,5.82,5.82,0.95,0.39,1.04,18.46,1.68,3.63,2.63
2001-03-31,4.78,5.83,4.88,28.45,6.28,10.54,0.79,61.02,4.27,4.27,1.57,0.91,2.45,27.21,2.58,5.44,2.72
2001-04-30,5.88,7.17,6.13,49.61,10.95,10.3,0.77,7.08,0.5,0.5,1.56,1.12,3.02,26.6,2.6,4.35,1.55
2001-05-31,3.39,3.38,9.0,93.65,20.67,8.63,0.64,0.03,0.0,0.0,0.53,0.96,2.59,15.83,1.6,1.12,0.18
2001-06-30,0.92,0.95,0.41,6.63,1.46,1.97,0.15,0.6,0.04,0.04,0.08,0.39,1.06,2.23,0.3,0.18,0.01
2001-07-31,0.5,0.42,0.02,1.22,0.27,0.89,0.07,0.76,0.05,0.05,0.04,0.32,0.87,0.55,0.14,0.08,0.0
2001-08-31,0.55,0.25,0.01,0.52,0.11,1.17,0.09,0.56,0.04,0.04,0.04,0.29,0.78,0.07,0.09,0.05,0.0
2001-09-30,0.42,0.24,0.0,4.29,0.95,0.0,0.0,0.0,0.0,0.0,0.04,0.2,0.54,0.15,0.08,0.02,0.0
2001-10-31,0.45,0.19,0.01,0.0,0.0,0.0,0.0,2.52,0.18,0.18,0.05,0.15,0.39,0.42,0.08,0.11,0.16
2001-11-30,0.74,0.98,0.9,7.32,1.62,0.17,0.01,0.08,0.01,0.01,0.17,0.3,0.81,2.99,0.34,0.6,0.74
2001-12-31,3.18,3.85,1.25,11.79,2.6,5.32,0.4,17.62,1.23,1.23,0.97,0.65,1.74,17.36,1.67,3.99,3.63
2002-01-31,4.29,4.75,2.09,14.51,3.2,12.04,0.9,18.45,1.29,1.29,1.75,0.85,2.29,31.79,2.95,7.62,5.29
2002-02-28,3.33,4.26,2.1,14.45,3.19,5.54,0.41,13.6,0.95,0.95,1.99,0.82,2.23,30.31,2.84,7.4,4.19
2002-03-31,6.87,8.21,3.36,21.85,4.82,15.89,1.19,26.16,1.83,1.83,2.79,1.42,3.84,50.79,4.73,10.78,4.2
2002-04-30,5.61,5.8,11.16,76.32,16.84,14.69,1.1,7.41,0.52,0.52,1.61,1.34,3.62,30.16,2.95,4.63,1.32
2002-05-31,3.17,2.91,12.97,104.09,22.97,11.64,0.87,6.75,0.47,0.47,0.6,0.97,2.61,17.67,1.76,1.25,0.15
2002-06-30,1.24,1.17,4.25,36.72,8.1,9.11,0.68,3.9,0.27,0.27,0.18,0.45,1.23,5.65,0.6,0.41,0.02
2002-07-31,0.51,0.41,0.1,5.26,1.16,1.93,0.14,1.37,0.1,0.1,0.07,0.37,1.01,0.98,0.2,0.13,0.01
2002-08-31,0.31,0.23,0.01,0.0,0.0,2.97,0.22,2.35,0.16,0.16,0.05,0.31,0.84,0.18,0.11,0.04,0.0
2002-09-30,0.29,0.23,0.01,0.0,0.0,0.99,0.07,1.8,0.13,0.13,0.06,0.25,0.67,0.11,0.09,0.03,0.0
2002-10-31,0.37,0.29,0.01,0.53,0.12,0.3,0.02,0.0,0.0,0.0,0.06,0.18,0.49,0.3,0.08,0.12,0.16
2002-11-30,0.71,0.66,1.77,10.81,2.39,0.0,0.0,1.85,0.13,0.13,0.18,0.27,0.72,3.08,0.34,0.6,0.75
2002-12-31,1.96,2.63,1.3,7.45,1.65,2.62,0.2,15.24,1.07,1.07,0.77,0.62,1.67,14.1,1.38,3.34,3.04
2003-01-31,2.66,2.95,2.86,19.36,4.27,6.06,0.45,6.53,0.46,0.46,1.05,0.76,2.06,16.23,1.62,4.13,3.17
2003-02-28,2.89,2.64,2.23,15.14,3.34,4.61,0.34,3.95,0.28,0.28,0.78,0.69,1.85,13.71,1.37,3.61,2.43
2003-03-31,3.36,3.91,5.18,29.77,6.57,3.85,0.29,5.17,0.36,0.36,1.3,0.93,2.52,20.29,2.01,5.36,3.36
2003-04-30,9.69,11.05,5.09,40.99,9.05,15.81,1.18,20.21,1.41,1.41,3.41,2.37,6.39,56.38,5.51,13.69,6.04
2003-05-31,10.06,10.61,17.13,118.22,26.09,29.95,2.24,9.52,0.67,0.67,2.9,3.74,10.1,51.79,5.51,8.13,2.24
2003-06-30,2.85,2.16,9.56,84.82,18.72,17.88,1.34,1.11,0.08,0.08,0.38,0.77,2.07,11.65,1.2,0.83,0.06
2003-07-31,0.8,0.77,0.27,9.85,2.17,2.73,0.2,0.04,0.0,0.0,0.1,0.49,1.33,1.98,0.31,0.21,0.01
2003-08-31,0.57,0.38,0.06,0.0,0.0,1.13,0.08,0.0,0.0,0.0,0.07,0.27,0.74,0.91,0.16,0.07,0.0
2003-09-30,0.38,0.14,0.01,0.0,0.0,1.57,0.12,0.0,0.0,0.0,0.05,0.2,0.54,0.24,0.08,0.03,0.0
2003-10-31,0.42,0.28,0.0,0.0,0.0,1.72,0.13,0.19,0.01,0.01,0.05,0.18,0.49,0.25,0.08,0.1,0.15
2003-11-30,0.75,0.66,0.02,1.8,0.4,1.2,0.09,0.37,0.03,0.03,0.09,0.19,0.5,1.54,0.19,0.31,0.39
2003-12-31,2.66,2.99,1.24,12.15,2.68,4.77,0.36,9.97,0.7,0.7,0.64,0.63,1.71,11.57,1.17,2.61,2.46
2004-01-31,2.75,3.28,1.46,5.09,1.12,7.4,0.55,14.48,1.01,1.01,0.99,0.53,1.42,17.06,1.61,3.85,2.91
2004-02-29,5.08,6.15,1.45,14.15,3.12,9.86,0.74,24.98,1.75,1.75,2.41,1.02,2.75,40.86,3.78,9.26,5.59
2004-03-31,7.48,8.74,8.61,46.78,10.32,19.12,1.43,11.66,0.82,0.82,2.49,1.65,4.47,43.49,4.19,8.53,3.12
2004-04-30,3.9,3.68,10.51,75.58,16.68,8.8,0.66,2.99,0.21,0.21,0.93,1.06,2.85,20.77,2.06,2.43,0.61
2004-05-31,1.92,1.34,9.42,81.56,18.0,2.41,0.18,1.16,0.08,0.08,0.33,0.67,1.81,9.92,1.02,0.69,0.07
2004-06-30,0.82,0.6,1.24,22.06,4.87,2.15,0.16,0.85,0.06,0.06,0.09,0.43,1.16,2.32,0.32,0.21,0.01
2004-07-31,0.44,0.22,0.05,3.07,0.68,1.39,0.1,0.67,0.05,0.05,0.05,0.41,1.1,0.46,0.16,0.1,0.0
2004-08-31,0.29,0.19,0.01,0.39,0.09,1.19,0.09,0.71,0.05,0.05,0.04,0.36,0.97,0.03,0.11,0.05,0.0
2004-09-30,0.3,0.2,0.01,0.0,0.0,1.21,0.09,0.25,0.02,0.02,0.06,0.28,0.77,0.02,0.09,0.03,0.0
2004-10-31,0.62,0.71,0.3,4.15,0.92,1.53,0.11,1.06,0.07,0.07,0.19,0.14,0.38,2.88,0.29,0.45,0.61
2004-11-30,0.7,0.82,0.91,6.08,1.34,0.0,0.0,1.92,0.13,0.13,0.21,0.18,0.49,4.13,0.4,0.8,0.95
2004-12-31,1.92,2.45,2.35,9.84,2.17,4.05,0.3,18.71,1.31,1.31,0.77,0.61,1.65,15.65,1.5,3.85,3.58
2005-01-31,8.58,12.14,2.28,16.31,3.6,17.77,1.33,74.79,5.24,5.24,4.01,1.96,5.3,66.33,6.24,17.75,13.3
2005-02-28,8.13,10.77,1.92,17.59,3.88,15.12,1.13,30.61,2.14,2.14,2.61,1.33,3.59,46.38,4.33,12.79,8.25
2005-03-31,15.21,20.42,4.07,30.05,6.63,27.4,2.05,76.93,5.39,5.39,6.64,3.02,8.16,105.92,9.95,28.44,13.13
2005-04-30,12.97,15.62,6.95,47.61,10.51,23.82,1.78,22.86,1.6,1.6,4.37,2.45,6.62,71.55,6.83,16.13,5.38
2005-05-31,13.96,13.77,26.83,172.9,38.16,39.13,2.92,12.54,0.88,0.88,3.89,3.81,10.27,80.68,7.93,11.39,2.78
2005-06-30,4.92,4.29,17.44,115.25,25.44,23.22,1.74,4.42,0.31,0.31,0.87,1.51,4.07,26.48,2.65,2.03,0.16
2005-07-31,1.72,1.94,2.58,33.78,7.46,0.13,0.01,1.81,0.13,0.13,0.24,0.45,1.21,7.01,0.72,0.51,0.02
2005-08-31,0.93,0.73,0.04,4.28,0.94,0.0,0.0,1.11,0.08,0.08,0.13,0.22,0.58,2.66,0.29,0.13,0.0
2005-09-30,0.63,0.5,0.01,0.0,0.0,2.25,0.17,0.18,0.01,0.01,0.12,0.14,0.37,1.66,0.18,0.07,0.0
2005-10-31,0.83,0.55,0.01,3.66,0.81,0.5,0.04,0.93,0.07,0.07,0.14,0.09,0.24,1.98,0.2,0.32,0.43
2005-11-30,0.72,0.89,0.36,4.11,0.91,0.95,0.07,0.72,0.05,0.05,0.17,0.11,0.31,2.49,0.25,0.4,0.54
2005-12-31,8.24,10.47,12.19,45.44,10.03,30.1,2.25,30.56,2.14,2.14,4.54,2.73,7.38,80.3,7.63,20.59,18.51
2006-01-31,14.56,15.48,5.69,50.51,11.15,24.29,1.82,56.88,3.98,3.98,5.83,2.66,7.17,99.02,9.22,28.1,18.57
2006-02-28,8.3,8.85,6.8,36.36,8.03,14.13,1.06,15.19,1.06,1.06,3.12,1.45,3.91,53.77,5.01,15.37,9.78
2006-03-31,19.63,22.04,3.94,32.19,7.1,38.79,2.9,96.74,6.77,6.77,8.96,3.48,9.4,136.98,12.77,38.91,18.84
2006-04-30,45.51,48.65,9.4,72.91,16.09,93.83,7.01,162.69,11.39,11.39,15.31,9.35,25.24,263.43,25.19,57.42,18.23
2006-05-31,18.05,17.19,24.44,176.37,38.93,56.71,4.24,15.16,1.06,1.06,2.81,4.29,11.58,79.62,7.9,6.47,0.71
2006-06-30,4.61,4.94,12.8,121.61,26.84,14.38,1.07,5.45,0.38,0.38,0.65,1.21,3.27,21.23,2.12,1.61,0.07
2006-07-31,2.21,2.34,0.84,19.3,4.26,2.18,0.16,2.41,0.17,0.17,0.28,0.44,1.2,6.82,0.7,0.48,0.02
2006-08-31,1.16,1.16,0.01,2.69,0.59,1.48,0.11,0.97,0.07,0.07,0.18,0.28,0.77,3.35,0.37,0.14,0.0
2006-09-30,0.7,0.61,0.01,0.91,0.2,2.68,0.2,0.73,0.05,0.05,0.18,0.19,0.5,2.38,0.26,0.11,0.0
2006-10-31,1.09,0.91,0.01,2.1,0.46,1.01,0.08,1.02,0.07,0.07,0.17,0.18,0.48,3.19,0.32,0.5,0.64
2006-11-30,1.36,1.33,0.74,5.31,1.17,2.84,0.21,1.8,0.13,0.13,0.21,0.21,0.56,4.49,0.44,0.95,0.9
2006-12-31,1.96,2.12,0.72,7.64,1.69,4.59,0.34,4.46,0.31,0.31,0.46,0.31,0.83,7.59,0.74,1.59,1.5
2007-01-31,1.82,2.31,1.56,5.85,1.29,4.97,0.37,4.34,0.3,0.3,0.53,0.32,0.85,9.0,0.86,1.98,1.46
2007-02-28,4.56,5.3,2.69,19.86,4.38,9.21,0.69,23.21,1.62,1.62,1.97,1.13,3.06,32.67,3.12,7.26,4.59
2007-03-31,6.61,6.82,5.86,27.63,6.1,19.37,1.45,10.27,0.72,0.72,1.87,1.38,3.74,33.55,3.26,6.66,2.7
2007-04-30,3.91,3.38,7.8,57.82,12.76,12.93,0.97,4.7,0.33,0.33,1.06,1.01,2.73,19.36,1.94,2.83,0.85
2007-05-31,2.66,2.52,7.75,61.0,13.46,8.29,0.62,2.76,0.19,0.19,0.43,0.84,2.26,12.39,1.28,0.83,0.1
2007-06-30,1.27,0.96,0.75,10.23,2.26,2.07,0.15,0.9,0.06,0.06,0.11,0.25,0.69,3.65,0.38,0.23,0.01
2007-07-31,0.49,0.5,0.03,3.41,0.75,1.59,0.12,0.68,0.05,0.05,0.05,0.13,0.35,1.7,0.18,0.11,0.0
2007-08-31,0.33,0.32,0.01,0.4,0.09,0.51,0.04,0.96,0.07,0.07,0.04,0.09,0.24,0.99,0.11,0.06,0.0
2007-09-30,0.36,0.35,0.01,2.36,0.52,0.0,0.0,0.32,0.02,0.02,0.05,0.08,0.22,0.76,0.09,0.03,0.0
2007-10-31,0.61,0.33,0.02,0.0,0.0,0.57,0.04,0.05,0.0,0.0,0.09,0.1,0.27,1.66,0.17,0.23,0.32
2007-11-30,0.57,0.26,0.03,1.39,0.31,1.46,0.11,0.14,0.01,0.01,0.08,0.1,0.26,1.69,0.17,0.3,0.34
2007-12-31,0.72,0.6,0.11,3.05,0.67,2.21,0.17,2.42,0.17,0.17,0.16,0.16,0.44,3.51,0.34,0.7,0.67
2008-01-31,2.62,3.03,0.54,5.26,1.16,5.58,0.42,22.93,1.61,1.61,1.03,0.7,1.89,17.93,1.73,3.67,3.01
2008-02-29,3.62,3.83,0.95,7.74,1.71,7.29,0.54,21.05,1.47,1.47,1.37,0.81,2.2,22.49,2.16,4.72,3.03
2008-03-31,4.0,4.43,3.44,22.11,4.88,8.26,0.62,6.27,0.44,0.44,1.18,0.94,2.54,22.16,2.16,4.39,1.96
2008-04-30,3.53,4.79,7.77,45.33,10.01,9.53,0.71,2.86,0.2,0.2,1.14,0.9,2.42,18.6,1.85,2.99,1.02
2008-05-31,2.66,2.9,12.04,96.14,21.22,9.28,0.69,1.22,0.09,0.09,0.55,0.94,2.54,14.41,1.48,1.24,0.26
2008-06-30,0.77,0.89,2.96,35.82,7.91,2.81,0.21,0.77,0.05,0.05,0.13,0.29,0.78,4.06,0.42,0.25,0.02
2008-07-31,0.34,0.15,0.07,3.62,0.8,0.0,0.0,1.01,0.07,0.07,0.04,0.1,0.27,1.37,0.14,0.08,0.0
2008-08-31,0.23,0.19,0.01,0.76,0.17,0.61,0.05,0.34,0.02,0.02,0.05,0.13,0.36,1.76,0.19,0.11,0.0
2008-09-30,0.2,0.12,0.0,1.42,0.31,1.28,0.1,0.2,0.01,0.01,0.09,0.16,0.45,1.69,0.19,0.08,0.0
2008-10-31,0.57,0.27,0.01,0.5,0.11,0.0,0.0,0.0,0.0,0.0,0.07,0.06,0.17,1.12,0.11,0.16,0.22
2008-11-30,1.08,0.42,0.61,8.63,1.9,0.0,0.0,0.0,0.0,0.0,0.1,0.11,0.29,2.13,0.21,0.37,0.46
2008-12-31,1.2,0.72,0.23,3.54,0.78,1.43,0.11,1.31,0.09,0.09,0.14,0.14,0.37,2.83,0.28,0.6,0.62
2009-01-31,2.02,2.08,3.78,14.08,3.11,3.93,0.29,4.38,0.31,0.31,0.47,0.35,0.95,8.94,0.86,2.07,1.86
2009-02-28,3.74,6.42,2.04,20.5,4.52,2.59,0.19,15.03,1.05,1.05,1.65,0.94,2.54,28.16,2.68,6.75,5.02
2009-03-31,10.97,17.65,4.48,38.87,8.58,12.7,0.95,27.66,1.94,1.94,3.82,2.17,5.85,64.35,6.13,15.35,7.98
2009-04-30,5.86,8.13,9.38,62.86,13.87,10.44,0.78,4.45,0.31,0.31,1.67,1.1,2.96,27.32,2.66,5.35,1.81
2009-05-31,6.52,6.29,19.43,143.91,31.76,27.12,2.03,3.97,0.28,0.28,1.72,2.18,5.89,39.15,3.94,4.45,1.03
2009-06-30,1.59,1.54,2.78,36.34,8.02,1.17,0.09,0.68,0.05,0.05,0.16,0.36,0.98,5.48,0.56,0.37,0.02
2009-07-31,0.97,0.66,0.11,4.8,1.06,1.91,0.14,0.19,0.01,0.01,0.07,0.14,0.37,1.8,0.19,0.12,0.01
2009-08-31,0.48,0.23,0.01,1.51,0.33,0.94,0.07,0.71,0.05,0.05,0.04,0.09,0.24,0.85,0.1,0.03,0.0
2009-09-30,0.24,0.22,0.0,0.6,0.13,0.74,0.06,0.55,0.04,0.04,0.04,0.06,0.15,0.58,0.07,0.03,0.0
2009-10-31,0.81,0.6,0.16,6.13,1.35,0.0,0.0,0.51,0.04,0.04,0.11,0.09,0.23,1.67,0.17,0.25,0.34
2009-11-30,0.56,0.39,0.03,2.02,0.45,0.53,0.04,0.0,0.0,0.0,0.07,0.06,0.17,1.36,0.13,0.24,0.3
2009-12-31,1.09,1.33,0.28,3.25,0.72,3.99,0.3,3.59,0.25,0.25,0.24,0.23,0.62,4.95,0.49,1.05,1.12
2010-01-31,3.24,4.16,0.88,8.1,1.79,5.77,0.43,28.5,2.0,2.0,1.13,0.7,1.89,19.54,1.87,4.73,4.19
2010-02-28,3.63,4.91,0.97,10.64,2.35,6.38,0.48,19.06,1.33,1.33,1.45,0.76,2.06,24.87,2.34,6.34,4.38
2010-03-31,5.8,7.64,3.09,21.87,4.83,9.19,0.69,24.39,1.71,1.71,2.4,1.16,3.12,38.87,3.66,10.03,6.11
2010-04-30,9.04,12.19,6.92,44.43,9.81,13.44,1.0,25.34,1.77,1.77,3.15,1.84,4.96,54.54,5.18,13.3,5.76
2010-05-31,9.25,11.21,13.61,92.45,20.4,17.9,1.34,9.86,0.69,0.69,3.21,2.26,6.09,54.37,5.3,10.07,3.1
2010-06-30,5.02,4.65,18.47,131.68,29.06,33.48,2.5,3.71,0.26,0.26,1.06,1.87,5.05,30.98,3.13,2.31,0.25
2010-07-31,1.6,1.44,1.28,19.72,4.35,2.56,0.19,1.74,0.12,0.12,0.15,0.31,0.84,4.62,0.48,0.32,0.01
2010-08-31,0.59,0.58,0.03,2.68,0.59,0.53,0.04,0.6,0.04,0.04,0.07,0.13,0.36,1.54,0.17,0.08,0.0
2010-09-30,0.61,0.25,0.01,2.49,0.55,0.02,0.0,0.42,0.03,0.03,0.08,0.09,0.24,1.02,0.11,0.04,0.0
2010-10-31,1.19,1.08,3.18,17.94,3.96,0.0,0.0,0.7,0.05,0.05,0.29,0.21,0.56,4.44,0.44,0.72,0.96
2010-11-30,1.67,1.84,1.55,14.66,3.23,0.0,0.0,6.61,0.46,0.46,0.46,0.39,1.06,9.1,0.89,1.82,2.15
2010-12-31,12.2,17.27,6.22,38.44,8.48,28.14,2.1,58.67,4.11,4.11,6.19,3.13,8.45,103.81,9.78,28.07,22.21
2011-01-31,7.26,9.32,3.55,22.15,4.89,13.05,0.98,24.32,1.7,1.7,2.92,1.48,4.0,52.99,4.94,15.05,9.6
2011-02-28,5.17,7.11,2.34,8.88,1.96,9.78,0.73,37.45,2.62,2.62,2.94,1.27,3.42,48.14,4.48,13.78,8.62
2011-03-31,23.6,31.57,4.27,43.5,9.6,48.4,3.62,148.04,10.36,10.36,12.39,5.78,15.62,202.01,18.96,54.53,23.26
2011-04-30,20.48,25.16,9.66,63.74,14.07,48.55,3.63,26.64,1.86,1.86,7.02,3.86,10.42,108.62,10.45,22.82,6.79
2011-05-31,14.89,17.87,15.83,98.54,21.75,36.38,2.72,11.72,0.82,0.82,2.51,3.35,9.04,66.38,6.54,7.02,1.26
2011-06-30,9.34,9.15,24.79,167.04,36.87,46.63,3.48,7.19,0.5,0.5,1.56,2.55,6.9,46.46,4.62,3.68,0.32
2011-07-31,3.32,3.23,9.97,86.14,19.01,11.9,0.89,2.29,0.16,0.16,0.48,0.85,2.3,14.01,1.42,1.04,0.05
2011-08-31,1.73,1.49,0.35,9.26,2.04,0.4,0.03,0.92,0.06,0.06,0.19,0.3,0.82,3.68,0.4,0.16,0.0
2011-09-30,0.9,0.83,0.02,2.47,0.54,1.42,0.11,0.53,0.04,0.04,0.17,0.17,0.47,2.19,0.24,0.1,0.0
2011-10-31,1.13,1.14,0.46,3.39,0.75,3.09,0.23,1.52,0.11,0.11,0.19,0.19,0.52,3.57,0.36,0.58,0.74
2011-11-30,1.35,1.05,0.18,3.4,0.75,0.73,0.05,1.09,0.08,0.08,0.17,0.16,0.42,3.48,0.34,0.77,0.73
2011-12-31,1.16,0.89,0.12,4.85,1.07,0.0,0.0,0.77,0.05,0.05,0.15,0.13,0.35,3.13,0.3,0.7,0.64
2012-01-31,2.39,1.74,2.12,10.52,2.32,3.13,0.23,4.28,0.3,0.3,0.51,0.31,0.83,8.14,0.79,1.82,1.66
2012-02-29,1.04,1.39,1.23,7.15,1.58,2.07,0.15,2.52,0.18,0.18,0.34,0.18,0.48,5.41,0.52,1.25,0.97
2012-03-31,4.9,6.07,4.02,23.24,5.13,11.45,0.86,18.32,1.28,1.28,2.75,1.48,4.0,45.27,4.3,10.71,6.72
2012-04-30,7.26,8.77,11.39,72.85,16.08,25.14,1.88,22.91,1.6,1.6,3.54,2.56,6.92,61.69,6.01,12.35,4.64
2012-05-31,3.33,2.91,7.82,62.9,13.88,15.0,1.12,3.03,0.21,0.21,0.67,1.21,3.25,19.19,1.96,1.37,0.17
2012-06-30,1.14,1.25,0.97,12.99,2.87,1.91,0.14,1.18,0.08,0.08,0.15,0.34,0.91,5.04,0.52,0.34,0.01
2012-07-31,0.47,0.71,0.04,3.05,0.67,0.99,0.07,1.2,0.08,0.08,0.08,0.17,0.47,2.45,0.26,0.16,0.01
2012-08-31,0.31,0.34,0.01,1.0,0.22,0.02,0.0,0.9,0.06,0.06,0.05,0.1,0.27,1.21,0.13,0.07,0.0
2012-09-30,0.22,0.24,0.01,0.85,0.19,0.0,0.0,1.81,0.13,0.13,0.06,0.1,0.26,0.96,0.11,0.04,0.0
2012-10-31,0.53,0.36,0.01,5.83,1.29,0.0,0.0,0.87,0.06,0.06,0.08,0.07,0.2,1.29,0.13,0.18,0.25
2012-11-30,0.87,1.23,1.65,11.97,2.64,0.0,0.0,1.79,0.13,0.13,0.21,0.22,0.6,4.42,0.44,0.86,0.92
2012-12-31,6.36,7.9,5.47,35.15,7.76,9.61,0.72,29.89,2.09,2.09,3.44,2.05,5.55,57.98,5.55,12.98,8.99
2013-01-31,3.38,3.06,2.23,13.76,3.04,4.39,0.33,5.84,0.41,0.41,0.94,0.72,1.94,17.61,1.71,3.72,1.51
2013-02-28,2.25,2.21,1.7,12.59,2.78,2.69,0.2,3.09,0.22,0.22,0.74,0.5,1.36,12.55,1.22,2.38,0.87
2013-03-31,2.63,2.68,4.81,30.69,6.77,4.81,0.36,3.24,0.23,0.23,1.07,0.84,2.27,17.26,1.72,2.9,0.93
2013-04-30,2.41,2.24,8.03,62.52,13.8,7.25,0.54,3.05,0.21,0.21,0.56,1.02,2.76,15.98,1.63,1.24,0.2
2013-05-31,1.16,0.91,5.18,56.05,12.37,0.59,0.04,1.42,0.1,0.1,0.17,0.37,1.0,5.41,0.56,0.36,0.03
2013-06-30,0.42,0.48,1.02,15.99,3.53,0.0,0.0,1.24,0.09,0.09,0.07,0.16,0.42,2.25,0.23,0.15,0.01
2013-07-31,0.31,0.36,0.07,4.02,0.89,0.0,0.0,1.11,0.08,0.08,0.04,0.1,0.26,1.17,0.13,0.08,0.0
2013-08-31,0.28,0.21,0.01,2.97,0.65,0.0,0.0,0.68,0.05,0.05,0.03,0.07,0.19,0.7,0.08,0.03,0.0
2013-09-30,0.2,0.15,0.01,4.13,0.91,0.0,0.0,0.21,0.01,0.01,0.05,0.06,0.16,0.62,0.07,0.02,0.0
2013-10-31,0.22,0.2,0.01,2.05,0.45,0.0,0.0,0.0,0.0,0.0,0.06,0.08,0.21,1.07,0.11,0.12,0.18
2013-11-30,0.33,0.24,0.02,2.66,0.59,0.0,0.0,0.2,0.01,0.01,0.07,0.09,0.25,1.44,0.15,0.2,0.24
2013-12-31,0.38,0.38,0.01,0.97,0.21,0.0,0.0,0.0,0.0,0.0,0.07,0.09,0.24,1.58,0.16,0.23,0.26
2014-01-31,0.35,0.18,0.31,2.85,0.63,0.1,0.01,0.21,0.01,0.01,0.09,0.08,0.22,1.57,0.16,0.23,0.25
2014-02-28,2.03,2.03,2.76,16.0,3.53,3.61,0.27,4.88,0.34,0.34,0.86,0.75,2.02,15.96,1.57,2.37,2.14
2014-03-31,2.31,2.4,4.49,24.6,5.43,3.64,0.27,5.82,0.41,0.41,1.28,1.14,3.07,23.07,2.3,3.34,1.84
2014-04-30,1.99,1.78,7.62,49.24,10.87,6.98,0.52,3.45,0.24,0.24,0.71,0.96,2.6,14.25,1.49,1.37,0.47
2014-05-31,0.85,0.66,6.69,54.01,11.92,4.04,0.3,0.61,0.04,0.04,0.13,0.34,0.91,4.04,0.44,0.2,0.03
2014-06-30,0.36,0.32,0.55,9.69,2.14,0.32,0.02,0.61,0.04,0.04,0.08,0.23,0.63,2.7,0.29,0.13,0.01
2014-07-31,0.22,0.12,0.02,2.24,0.49,0.0,0.0,0.74,0.05,0.05,0.02,0.05,0.13,0.5,0.06,0.03,0.0
2014-08-31,0.15,0.05,0.01,2.16,0.48,0.0,0.0,0.86,0.06,0.06,0.01,0.04,0.11,0.31,0.04,0.01,0.0
2014-09-30,0.11,0.07,0.01,1.89,0.42,0.0,0.0,0.74,0.05,0.05,0.02,0.03,0.09,0.24,0.03,0.01,0.0
2014-10-31,0.19,0.17,0.01,2.03,0.45,0.0,0.0,0.21,0.01,0.01,0.03,0.04,0.12,0.59,0.06,0.06,0.09
2014-11-30,0.37,0.33,0.21,2.9,0.64,0.0,0.0,0.12,0.01,0.01,0.06,0.09,0.25,1.32,0.14,0.17,0.23
2014-12-31,0.92,1.67,2.28,15.29,3.37,2.28,0.17,10.25,0.72,0.72,0.69,0.65,1.75,13.11,1.3,1.91,1.89
2015-01-31,0.43,0.39,1.22,8.23,1.82,0.0,0.0,1.24,0.09,0.09,0.17,0.16,0.44,3.42,0.34,0.5,0.44
2015-02-28,2.47,2.59,4.99,37.57,8.29,6.84,0.51,17.52,1.23,1.23,1.72,1.56,4.2,30.63,3.06,4.27,2.4
2015-03-31,0.76,0.47,2.04,21.0,4.64,2.66,0.2,1.36,0.1,0.1,0.32,0.4,1.07,6.07,0.63,0.64,0.23
2015-04-30,0.92,0.48,2.49,21.23,4.69,2.8,0.21,1.16,0.08,0.08,0.17,0.43,1.16,5.21,0.56,0.26,0.04
2015-05-31,0.55,0.56,2.29,26.15,5.77,1.9,0.14,0.42,0.03,0.03,0.11,0.29,0.79,3.44,0.37,0.17,0.02
2015-06-30,0.24,0.26,0.51,7.14,1.58,0.21,0.02,0.43,0.03,0.03,0.04,0.11,0.29,1.24,0.14,0.06,0.0
2015-07-31,0.12,0.08,0.03,5.01,1.11,0.0,0.0,0.65,0.05,0.05,0.02,0.05,0.13,0.46,0.05,0.03,0.0
2015-08-31,0.13,0.02,0.0,0.53,0.12,0.0,0.0,0.15,0.01,0.01,0.02,0.04,0.12,0.37,0.04,0.01,0.0
2015-09-30,0.11,0.01,0.0,1.32,0.29,0.0,0.0,0.04,0.0,0.0,0.02,0.04,0.1,0.27,0.03,0.01,0.0
2015-10-31,0.15,0.1,0.01,1.11,0.25,0.0,0.0,0.12,0.01,0.01,0.03,0.03,0.07,0.48,0.05,0.07,0.1
2015-11-30,0.31,0.33,1.26,4.02,0.89,0.0,0.0,0.13,0.01,0.01,0.11,0.09,0.23,1.72,0.17,0.26,0.35
2015-12-31,2.29,2.92,1.67,13.48,2.98,2.99,0.22,15.23,1.07,1.07,0.76,0.65,1.75,15.67,1.51,3.63,3.48
2016-01-31,5.72,6.71,2.18,23.29,5.14,9.09,0.68,36.42,2.55,2.55,2.74,1.41,3.81,45.6,4.31,11.72,8.68
2016-02-29,4.34,5.18,3.21,31.82,7.02,4.11,0.31,9.9,0.69,0.69,2.2,1.06,2.85,36.21,3.4,9.59,5.92
2016-03-31,15.05,17.37,9.32,61.54,13.58,28.23,2.11,57.68,4.04,4.04,7.51,4.29,11.58,123.06,11.77,28.25,11.08
2016-04-30,4.96,4.83,12.78,75.36,16.63,20.76,1.55,6.84,0.48,0.48,1.21,1.78,4.81,32.41,3.23,3.16,0.57
2016-05-31,2.76,2.54,12.94,95.42,21.06,10.21,0.76,2.4,0.17,0.17,0.5,0.92,2.48,15.35,1.55,1.14,0.09
2016-06-30,0.66,0.95,4.21,49.38,10.9,0.0,0.0,1.67,0.12,0.12,0.12,0.26,0.69,4.01,0.41,0.29,0.01
2016-07-31,0.53,0.49,0.12,7.12,1.57,0.0,0.0,1.88,0.13,0.13,0.12,0.23,0.61,2.91,0.31,0.18,0.01
2016-08-31,0.24,0.21,0.01,1.75,0.39,0.0,0.0,2.28,0.16,0.16,0.08,0.11,0.29,1.21,0.14,0.05,0.0
2016-09-30,0.16,0.17,0.0,1.71,0.38,0.0,0.0,1.09,0.08,0.08,0.02,0.02,0.05,0.21,0.02,0.01,0.0
2016-10-31,0.57,0.96,2.8,25.31,5.59,0.0,0.0,2.02,0.14,0.14,0.42,0.28,0.75,6.13,0.61,1.01,1.34
2016-11-30,1.05,1.07,1.23,13.55,2.99,0.0,0.0,2.69,0.19,0.19,0.55,0.46,1.26,10.98,1.07,2.18,2.59
2016-12-31,4.47,6.5,8.73,46.49,10.26,7.75,0.58,21.0,1.47,1.47,3.13,2.1,5.67,60.42,5.73,15.89,14.09
2017-01-31,30.47,40.82,10.47,72.93,16.1,61.9,4.63,187.31,13.11,13.11,17.07,7.34,19.81,278.99,25.99,80.03,52.87
2017-02-28,56.98,67.26,13.76,81.22,17.93,139.28,10.41,227.66,15.94,15.94,22.83,10.68,28.83,370.45,34.8,97.29,39.05
2017-03-31,20.73,22.28,8.82,57.44,12.68,39.71,2.97,44.0,3.08,3.08,6.96,4.06,10.97,109.62,10.58,23.22,6.76
2017-04-30,23.84,24.04,13.79,79.56,17.56,49.13,3.67,38.32,2.68,2.68,4.18,5.89,15.91,115.52,11.38,10.49,1.45
2017-05-31,10.72,9.71,24.42,153.95,33.98,56.21,4.2,11.3,0.79,0.79,1.65,2.8,7.57,51.46,5.1,4.05,0.26
2017-06-30,4.21,3.81,16.29,153.12,33.8,22.49,1.68,5.77,0.4,0.4,0.64,1.1,2.98,18.19,1.84,1.36,0.06
2017-07-31,2.51,1.94,1.8,41.38,9.13,0.0,0.0,3.79,0.27,0.27,0.22,0.38,1.03,4.65,0.51,0.2,0.0
2017-08-31,1.38,1.13,0.02,6.0,1.32,0.0,0.0,2.2,0.15,0.15,0.16,0.18,0.48,2.25,0.25,0.1,0.0
2017-09-30,0.77,0.83,0.01,3.57,0.79,0.0,0.0,1.29,0.09,0.09,0.16,0.16,0.43,2.06,0.23,0.09,0.0
2017-10-31,0.64,0.76,0.01,2.31,0.51,0.0,0.0,0.62,0.04,0.04,0.14,0.12,0.31,2.27,0.23,0.35,0.47
2017-11-30,1.59,1.62,4.21,25.59,5.65,0.0,0.0,10.83,0.76,0.76,0.47,0.41,1.11,9.53,0.93,2.11,2.13
2017-12-31,1.13,0.81,0.75,7.44,1.64,1.17,0.09,1.86,0.13,0.13,0.26,0.2,0.55,5.36,0.51,1.32,1.16
2018-01-31,2.28,2.12,3.09,21.94,4.84,1.84,0.14,7.81,0.55,0.55,1.3,0.65,1.76,20.32,1.93,5.05,4.25
2018-02-28,1.38,0.83,1.17,9.83,2.17,1.49,0.11,2.38,0.17,0.17,0.55,0.27,0.73,9.13,0.86,2.38,1.57
2018-03-31,12.52,14.78,5.87,47.22,10.42,29.5,2.2,53.36,3.74,3.74,6.86,3.65,9.86,116.22,10.98,29.55,15.37
2018-04-30,11.74,10.7,14.45,96.65,21.33,36.21,2.71,18.66,1.31,1.31,4.09,3.36,9.06,75.28,7.38,12.35,3.55
2018-05-31,4.05,3.15,6.69,72.34,15.97,4.29,0.32,5.16,0.36,0.36,0.57,1.01,2.73,16.93,1.71,1.26,0.12
2018-06-30,1.47,1.59,0.89,17.3,3.82,0.27,0.02,2.99,0.21,0.21,0.17,0.35,0.96,5.59,0.57,0.4,0.02
2018-07-31,0.71,0.81,0.03,1.84,0.41,0.46,0.03,1.93,0.14,0.14,0.08,0.13,0.35,1.86,0.19,0.13,0.01
2018-08-31,0.45,0.41,0.0,1.35,0.3,0.0,0.0,0.65,0.05,0.05,0.06,0.12,0.32,1.29,0.14,0.05,0.0
2018-09-30,0.3,0.3,0.0,0.62,0.14,0.0,0.0,0.86,0.06,0.06,0.08,0.09,0.24,1.0,0.11,0.04,0.0
2018-10-31,0.81,0.47,0.01,1.42,0.31,0.0,0.0,0.83,0.06,0.06,0.1,0.06,0.17,1.39,0.14,0.22,0.3
2018-11-30,0.66,0.94,0.2,3.03,0.67,0.0,0.0,3.12,0.22,0.22,0.2,0.15,0.39,3.15,0.31,0.51,0.68
2018-12-31,1.06,1.14,0.72,5.95,1.31,0.0,0.0,3.82,0.27,0.27,0.33,0.28,0.76,6.5,0.63,1.31,1.54
2019-01-31,6.63,7.64,1.17,15.59,3.44,4.98,0.37,34.06,2.38,2.38,2.5,1.56,4.2,45.38,4.31,11.81,10.38
2019-02-28,18.52,25.59,2.42,33.35,7.36,28.61,2.14,124.74,8.73,8.73,8.56,3.91,10.57,143.21,13.37,40.18,26.77
2019-03-31,28.75,33.33,3.59,32.3,7.13,46.62,3.48,86.0,6.02,6.02,10.67,5.02,13.56,174.6,16.39,47.06,20.29
2019-04-30,21.56,22.82,16.07,97.45,21.51,44.48,3.32,23.36,1.64,1.64,6.77,3.69,9.97,105.05,10.09,22.44,6.85
2019-05-31,14.57,15.38,17.3,130.86,28.88,33.77,2.52,17.72,1.24,1.24,2.89,3.69,9.97,73.48,7.24,8.02,1.51
2019-06-30,7.56,6.94,21.09,148.07,32.68,51.82,3.87,8.63,0.6,0.6,1.27,2.17,5.85,38.89,3.87,3.03,0.22
2019-07-31,2.61,2.83,2.42,39.43,8.7,2.24,0.17,7.31,0.51,0.51,0.29,0.51,1.38,8.05,0.82,0.59,0.03
2019-08-31,1.71,1.35,0.05,3.76,0.83,3.66,0.27,2.8,0.2,0.2,0.16,0.27,0.72,3.26,0.35,0.15,0.0
2019-09-30,1.29,0.89,0.01,2.09,0.46,2.37,0.18,0.76,0.05,0.05,0.18,0.19,0.51,2.36,0.26,0.11,0.0
2019-10-31,1.01,0.92,0.01,0.99,0.22,1.9,0.14,0.85,0.06,0.06,0.14,0.13,0.36,2.49,0.25,0.39,0.51
2019-11-30,1.04,1.01,0.01,1.01,0.22,2.68,0.2,1.69,0.12,0.12,0.13,0.13,0.35,2.57,0.26,0.51,0.55
2019-12-31,4.48,5.03,0.56,10.11,2.23,5.83,0.44,12.94,0.91,0.91,0.85,0.57,1.54,14.78,1.43,3.28,3.0
2020-01-31,2.26,2.38,0.73,6.89,1.52,5.52,0.41,5.31,0.37,0.37,0.56,0.32,0.86,9.5,0.9,2.23,1.55
2020-02-29,1.71,1.51,1.54,8.14,1.8,2.34,0.17,3.23,0.23,0.23,0.43,0.28,0.75,8.02,0.76,1.88,1.3
2020-03-31,4.27,4.89,2.39,15.51,3.42,6.44,0.48,23.77,1.66,1.66,1.92,0.97,2.63,30.29,2.88,7.13,4.28
2020-04-30,9.08,10.85,8.59,58.03,12.81,22.21,1.66,26.89,1.88,1.88,3.36,2.39,6.45,57.82,5.63,11.57,4.38
2020-05-31,3.71,4.73,10.02,95.28,21.03,11.5,0.86,5.11,0.36,0.36,0.74,1.29,3.48,20.83,2.12,1.72,0.29
2020-06-30,1.9,1.48,1.24,21.54,4.75,2.15,0.16,2.39,0.17,0.17,0.17,0.37,1.0,5.56,0.57,0.37,0.02
2020-07-31,1.4,0.49,0.05,4.02,0.89,0.0,0.0,1.34,0.09,0.09,0.07,0.16,0.44,2.24,0.23,0.15,0.01
2020-08-31,0.4,0.33,0.01,1.42,0.31,0.0,0.0,1.44,0.1,0.1,0.05,0.1,0.28,1.17,0.13,0.06,0.0
2020-09-30,0.58,0.29,0.0,0.89,0.2,0.0,0.0,0.84,0.06,0.06,0.05,0.07,0.19,0.7,0.08,0.03,0.0
2020-10-31,0.24,0.29,0.0,1.15,0.25,0.0,0.0,0.12,0.01,0.01,0.05,0.06,0.17,0.88,0.09,0.09,0.14
2020-11-30,0.43,0.6,0.02,2.17,0.48,0.41,0.03,0.39,0.03,0.03,0.08,0.12,0.33,1.88,0.19,0.24,0.31
2020-12-31,0.61,0.83,0.13,2.49,0.55,1.14,0.09,1.51,0.11,0.11,0.13,0.14,0.39,2.61,0.26,0.36,0.41
2021-01-31,1.01,1.73,0.45,3.1,0.68,1.99,0.15,12.44,0.87,0.87,0.49,0.45,1.21,9.15,0.91,1.26,1.22
2021-02-28,1.72,1.64,1.12,8.31,1.84,3.23,0.24,6.57,0.46,0.46,0.68,0.54,1.46,11.68,1.15,1.65,1.29
2021-03-31,2.58,2.48,1.78,11.83,2.61,4.71,0.35,7.73,0.54,0.54,0.8,0.82,2.2,15.39,1.54,2.05,1.08
2021-04-30,1.89,1.52,7.29,45.0,9.93,8.22,0.61,3.48,0.24,0.24,0.62,0.81,2.19,12.02,1.26,1.15,0.42
2021-05-31,0.63,0.54,4.74,50.79,11.21,6.85,0.51,2.66,0.19,0.19,0.18,0.48,1.29,5.54,0.6,0.26,0.04
2021-06-30,1.13,0.4,0.27,7.21,1.59,0.0,0.0,1.2,0.08,0.08,0.05,0.16,0.44,1.85,0.2,0.09,0.0
2021-07-31,0.95,0.12,0.02,1.09,0.24,0.0,0.0,0.71,0.05,0.05,0.02,0.06,0.16,0.58,0.07,0.03,0.0
2021-08-31,0.18,0.06,0.0,1.2,0.26,0.0,0.0,0.62,0.04,0.04,0.02,0.05,0.12,0.41,0.05,0.02,0.0
2021-09-30,0.11,0.06,0.0,1.19,0.26,0.0,0.0,0.46,0.03,0.03,0.02,0.05,0.13,0.34,0.04,0.01,0.0
2021-10-31,1.38,,,,,,,,,,,,,,1.82,,
2021-11-30,0.53,,,,,,,,,,,,,,0.45,,
2021-12-31,4.12,,,,,,,,,,,,,,4.82,,
2022-01-31,3.16,,,,,,,,,,,,,,2.12,,
2022-02-28,1.99,,,,,,,,,,,,,,1.24,,
2022-03-31,2.49,,,,,,,,,,,,,,1.36,,
2022-04-30,3.91,,,,,,,,,,,,,,3.01,,
2022-05-31,1.98,,,,,,,,,,,,,,1.51,,
2022-06-30,1.2,,,,,,,,,,,,,,0.4,,
2022-07-31,1.5,,,,,,,,,,,,,,0.19,,
2022-08-31,1.57,,,,,,,,,,,,,,0.12,,
2022-09-30,0.55,,,,,,,,,,,,,,0.12,,
2022-10-31,0.23,,,,,,,,,,,,,,0.13,,
2022-11-30,0.39,,,,,,,,,,,,,,0.26,,
2022-12-31,8.36,,,,,,,,,,,,,,11.18,,
2023-01-31,22.82,,,,,,,,,,,,,,25.0,,
2023-02-28,5.76,,,,,,,,,,,,,,5.04,,
2023-03-31,37.93,,,,,,,,,,,,,,21.59,,
2023-04-30,18.54,,,,,,,,,,,,,,9.42,,
2023-05-31,15.94,,,,,,,,,,,,,,6.46,,
2023-06-30,5.3,,,,,,,,,,,,,,2.28,,
2023-07-31,2.79,,,,,,,,,,,,,,0.67,,
2023-08-31,1.47,,,,,,,,,,,,,,0.38,,
2023-09-30,1.28,,,,,,,,,,,,,,0.36,,
2023-10-31,1.54,,,,,,,,,,,,,,0.34,,
2023-11-30,0.79,,,,,,,,,,,,,,0.43,,
2023-12-31,1.49,,,,,,,,,,,,,,0.65,,
2024-01-31,2.92,,,,,,,,,,,,,,2.33,,
2024-02-29,7.58,,,,,,,,,,,,,,6.65,,
2024-03-31,10.21,,,,,,,,,,,,,,10.29,,
2024-04-30,9.13,,,,,,,,,,,,,,6.34,,
2024-05-31,4.93,,,,,,,,,,,,,,3.26,,
2024-06-30,1.98,,,,,,,,,,,,,,0.83,,
2024-07-31,1.31,,,,,,,,,,,,,,0.38,,
2024-08-31,0.65,,,,,,,,,,,,,,0.26,,
