,I_BVC007,I_SFS033,I_PCRST,I_SFS030,I_NFS033,I_MIL003,I_ANG017,I_RLIEF,I_MFS047,I_CFS001,I_DONLL,I_MFS022,I_LYONS,I_SPICE,I_NFS009,I_NFS005,I_BEARD,I_MFS013,I_TULOC,I_STS059,I_STS072
1921-10-31,0.16,0.09,0.14,0.03,0.62,0.07,0.03,0.5,0.39,0.77,0.43,0.12,0.13,0.79,1.56,0.09,0.0,0.0,0.0,0.0,8.29
1921-11-30,0.21,0.12,0.18,0.04,0.13,0.09,0.04,0.65,0.51,1.01,0.56,0.16,0.17,0.16,0.18,0.01,0.0,0.0,0.01,0.0,0.0
1921-12-31,1.35,0.55,0.83,0.11,0.32,0.56,0.28,1.43,1.12,2.38,3.03,0.85,0.47,0.3,0.0,0.0,1.02,0.32,1.94,0.41,6.73
1922-01-31,1.71,0.63,0.95,0.13,1.22,0.71,0.35,1.07,0.84,2.56,4.29,1.21,0.59,1.15,3.09,0.17,1.18,0.37,2.12,0.45,10.53
1922-02-28,5.17,1.49,2.24,0.45,1.51,2.15,1.06,1.89,1.49,5.35,11.94,3.37,1.97,1.88,3.19,0.18,3.44,1.09,15.38,3.25,39.29
1922-03-31,5.22,1.36,2.03,0.5,3.21,2.17,1.07,1.41,1.11,3.73,11.2,3.16,2.18,4.3,16.19,0.91,3.3,1.04,5.92,1.25,35.6
1922-04-30,8.82,2.59,3.88,0.87,5.83,3.67,1.81,2.14,1.68,6.36,20.8,5.87,3.81,7.37,27.06,1.52,5.4,1.71,4.09,0.86,62.05
1922-05-31,17.53,14.92,22.38,1.48,28.74,7.3,3.59,16.08,12.63,35.35,85.02,23.98,6.55,40.1,72.48,4.08,12.02,3.8,1.29,0.27,89.09
1922-06-30,6.04,16.86,25.29,0.69,23.99,2.51,1.24,24.87,19.54,49.9,73.91,20.85,3.05,37.5,42.46,2.39,7.45,2.35,0.34,0.07,17.33
1922-07-31,1.21,3.75,5.62,0.18,2.84,0.5,0.25,10.53,8.27,17.57,16.66,4.7,0.81,6.28,3.9,0.22,1.32,0.42,0.06,0.01,0.9
1922-08-31,0.62,0.67,1.01,0.07,0.57,0.26,0.13,2.63,2.06,4.25,2.59,0.73,0.32,1.44,0.78,0.04,0.79,0.25,0.0,0.0,0.0
1922-09-30,0.19,0.12,0.18,0.03,0.58,0.08,0.04,0.77,0.61,1.14,0.14,0.04,0.16,0.82,1.6,0.09,0.41,0.13,0.0,0.0,0.0
1922-10-31,0.24,0.14,0.22,0.04,0.48,0.1,0.05,0.79,0.62,1.2,0.59,0.17,0.19,0.61,1.01,0.06,0.0,0.0,0.03,0.01,0.0
1922-11-30,0.82,0.37,0.55,0.07,0.48,0.34,0.17,1.15,0.9,1.8,1.85,0.52,0.33,0.48,0.89,0.05,0.62,0.2,0.78,0.17,1.61
1922-12-31,3.87,1.34,2.01,0.3,0.82,1.61,0.79,2.11,1.66,5.28,9.39,2.65,1.33,0.78,0.0,0.0,2.76,0.87,9.09,1.92,29.31
1923-01-31,3.82,1.08,1.63,0.35,0.65,1.59,0.78,1.25,0.99,3.12,8.4,2.37,1.54,0.81,0.0,0.0,2.34,0.74,4.7,0.99,40.38
1923-02-28,2.85,0.74,1.12,0.28,1.16,1.19,0.58,0.71,0.56,2.03,5.97,1.68,1.24,1.43,3.15,0.18,1.93,0.61,3.72,0.79,23.99
1923-03-31,3.99,1.15,1.72,0.39,3.55,1.66,0.82,0.97,0.77,2.87,8.9,2.51,1.74,4.7,18.75,1.06,2.35,0.74,1.49,0.31,19.7
1923-04-30,9.6,4.85,7.27,0.82,12.95,4.0,1.97,4.46,3.51,10.76,31.12,8.78,3.61,17.28,41.46,2.33,6.29,1.99,2.79,0.59,39.02
1923-05-31,9.26,13.68,20.51,0.71,22.8,3.86,1.9,16.48,12.95,33.46,68.29,19.26,3.16,32.69,40.36,2.27,8.07,2.55,1.06,0.23,46.65
1923-06-30,2.07,8.09,12.14,0.21,7.11,0.86,0.42,13.33,10.48,25.92,30.09,8.49,0.93,12.14,9.23,0.52,2.75,0.87,0.37,0.08,14.86
1923-07-31,0.92,3.38,5.07,0.12,2.67,0.38,0.19,8.88,6.98,14.69,13.47,3.8,0.54,5.43,3.3,0.19,1.13,0.36,0.09,0.02,1.08
1923-08-31,0.38,0.59,0.88,0.03,0.62,0.16,0.08,1.92,1.51,3.18,2.7,0.76,0.12,1.5,0.68,0.04,0.24,0.08,0.03,0.01,0.0
1923-09-30,0.44,0.36,0.53,0.07,0.58,0.18,0.09,1.89,1.48,2.8,0.61,0.17,0.29,0.98,1.25,0.07,0.88,0.28,0.05,0.01,0.0
1923-10-31,0.63,0.44,0.66,0.0,1.07,0.26,0.13,1.39,1.09,1.97,0.93,0.26,0.0,1.18,0.0,0.0,0.5,0.16,0.18,0.04,0.0
1923-11-30,0.47,0.25,0.37,0.0,0.57,0.2,0.1,0.4,0.32,0.89,1.24,0.35,0.0,0.76,0.0,0.0,0.41,0.13,0.18,0.04,0.69
1923-12-31,0.51,0.24,0.36,0.0,0.62,0.21,0.1,0.33,0.26,0.73,1.06,0.3,0.0,0.76,0.0,0.0,0.44,0.14,0.26,0.06,2.21
1924-01-31,0.64,0.29,0.44,0.0,0.64,0.27,0.13,0.39,0.31,0.74,1.49,0.42,0.0,0.77,0.0,0.0,0.49,0.16,0.37,0.08,4.5
1924-02-29,1.48,0.66,0.99,0.0,1.59,0.62,0.3,0.66,0.52,1.58,3.44,0.97,0.01,2.08,0.0,0.0,1.18,0.37,0.52,0.11,10.65
1924-03-31,1.33,0.77,1.16,0.0,1.93,0.55,0.27,0.72,0.57,1.63,3.92,1.11,0.01,2.54,-0.0,-0.0,1.12,0.35,0.37,0.08,9.25
1924-04-30,2.58,3.98,5.97,0.0,2.9,1.07,0.53,5.02,3.95,8.55,12.73,3.59,0.0,4.02,-0.0,-0.0,2.26,0.71,0.4,0.08,20.01
1924-05-31,1.45,6.81,10.22,0.0,4.32,0.6,0.3,12.26,9.63,18.84,13.53,3.81,0.0,6.24,-0.0,-0.0,2.39,0.75,0.29,0.06,0.0
1924-06-30,0.24,0.88,1.33,0.0,1.28,0.1,0.05,3.27,2.57,4.18,0.72,0.2,0.0,2.12,-0.0,-0.0,0.29,0.09,0.03,0.01,0.0
1924-07-31,0.07,0.07,0.1,0.0,0.72,0.03,0.01,0.54,0.42,0.62,0.0,0.0,0.0,1.31,-0.0,-0.0,0.0,0.0,0.0,0.0,0.0
1924-08-31,0.0,0.0,0.0,0.0,0.58,0.0,0.0,0.0,0.0,0.0,0.0,0.0,0.0,1.22,-0.0,-0.0,0.0,0.0,0.0,0.0,0.0
1924-09-30,0.0,0.0,0.0,0.0,0.0,0.0,0.0,0.0,0.0,0.0,0.0,0.0,0.0,0.0,-0.0,-0.0,0.0,0.0,0.0,0.0,0.0
1924-10-31,0.24,0.14,0.21,0.04,0.55,0.1,0.05,0.77,0.61,1.18,0.61,0.17,0.2,0.7,1.33,0.07,0.0,0.0,0.0,0.0,0.0
1924-11-30,1.44,0.61,0.91,0.12,0.88,0.6,0.29,1.68,1.32,2.76,3.16,0.89,0.52,0.91,1.81,0.1,0.99,0.31,0.37,0.08,5.3
1924-12-31,1.5,0.56,0.83,0.12,1.53,0.62,0.31,0.91,0.71,2.27,3.92,1.11,0.53,1.58,5.23,0.29,1.03,0.33,1.21,0.26,5.94
1925-01-31,1.49,0.47,0.71,0.12,1.26,0.62,0.31,0.66,0.52,1.85,4.0,1.13,0.53,1.56,5.47,0.31,0.91,0.29,0.9,0.19,8.02
1925-02-28,7.66,2.08,3.13,0.71,6.61,3.19,1.57,2.29,1.8,6.14,16.22,4.57,3.15,8.65,37.0,2.08,5.13,1.62,11.72,2.48,25.7
1925-03-31,6.26,1.88,2.81,0.61,7.21,2.61,1.28,1.57,1.23,4.59,14.7,4.15,2.7,9.29,33.36,1.88,3.81,1.2,1.71,0.36,20.7
1925-04-30,11.2,6.55,9.83,0.93,13.59,4.66,2.29,6.24,4.91,14.47,41.06,11.58,4.1,18.67,35.79,2.02,8.22,2.6,5.48,1.16,63.45
1925-05-31,8.15,14.42,21.63,0.68,27.85,3.39,1.67,18.3,14.38,37.24,68.92,19.44,3.01,39.85,59.71,3.36,6.46,2.04,0.89,0.19,8.47
1925-06-30,2.01,8.53,12.79,0.25,13.48,0.84,0.41,15.01,11.79,28.55,32.73,9.23,1.08,22.75,23.68,1.33,3.26,1.03,0.22,0.05,0.0
1925-07-31,0.8,2.23,3.35,0.11,3.78,0.33,0.16,6.92,5.44,11.11,9.72,2.74,0.46,7.92,6.23,0.35,0.7,0.22,0.02,0.0,0.0
1925-08-31,0.42,0.47,0.71,0.05,0.95,0.17,0.09,1.83,1.44,2.93,1.69,0.48,0.2,2.39,1.95,0.11,0.53,0.17,0.0,0.0,0.0
1925-09-30,0.22,0.14,0.21,0.04,0.53,0.09,0.05,0.92,0.72,1.33,0.11,0.03,0.17,0.62,1.48,0.08,0.48,0.15,0.0,0.0,0.0
1925-10-31,0.33,0.22,0.32,0.05,0.53,0.14,0.07,1.08,0.85,1.47,0.62,0.17,0.21,0.64,1.0,0.06,0.16,0.05,0.02,0.0,0.0
1925-11-30,0.59,0.28,0.41,0.03,0.65,0.25,0.12,0.57,0.45,0.96,1.14,0.32,0.14,0.59,1.48,0.08,0.41,0.13,0.15,0.03,0.0
1925-12-31,0.67,0.29,0.43,0.05,0.69,0.28,0.14,0.49,0.38,1.16,1.72,0.49,0.22,0.84,2.4,0.13,0.49,0.16,0.29,0.06,1.54
1926-01-31,0.64,0.25,0.37,0.05,0.65,0.27,0.13,0.36,0.29,0.93,1.78,0.5,0.21,0.8,2.37,0.13,0.4,0.13,0.34,0.07,2.77
1926-02-28,3.77,1.23,1.85,0.34,2.54,1.57,0.77,1.47,1.15,3.57,8.13,2.29,1.52,3.35,11.04,0.62,2.76,0.87,5.51,1.17,19.48
1926-03-31,4.19,1.53,2.3,0.4,3.51,1.74,0.86,1.36,1.07,3.6,10.34,2.92,1.76,4.45,12.36,0.7,2.84,0.9,0.66,0.14,25.23
1926-04-30,7.46,8.44,12.65,0.39,17.28,3.11,1.53,9.95,7.81,19.33,38.3,10.8,1.72,24.09,32.38,1.82,5.8,1.83,2.05,0.43,17.03
1926-05-31,2.24,7.82,11.72,0.0,11.17,0.93,0.46,12.5,9.82,22.42,25.72,7.25,0.0,17.56,14.46,0.81,3.05,0.96,0.2,0.04,0.0
1926-06-30,0.52,2.24,3.36,0.01,2.06,0.22,0.11,6.14,4.82,9.35,6.47,1.83,0.04,4.36,2.1,0.12,0.7,0.22,0.02,0.01,0.0
1926-07-31,0.2,0.37,0.55,0.01,0.25,0.08,0.04,1.28,1.0,1.94,1.21,0.34,0.03,0.63,0.31,0.02,0.14,0.04,0.0,0.0,0.0
1926-08-31,0.12,0.15,0.22,0.01,0.14,0.05,0.02,0.66,0.52,0.94,0.17,0.05,0.05,0.24,0.24,0.01,0.22,0.07,0.0,0.0,0.0
1926-09-30,0.12,0.09,0.14,0.02,0.18,0.05,0.02,0.65,0.51,0.86,0.0,0.0,0.1,0.17,0.31,0.02,0.18,0.06,0.0,0.0,0.0
1926-10-31,0.2,0.11,0.17,0.04,0.29,0.08,0.04,0.62,0.49,0.96,0.52,0.15,0.16,0.37,0.63,0.04,0.0,0.0,0.0,0.0,0.0
1926-11-30,1.15,0.51,0.76,0.11,1.23,0.48,0.24,1.65,1.29,2.63,2.67,0.75,0.49,1.31,3.23,0.18,0.75,0.24,2.5,0.53,0.0
1926-12-31,2.97,1.05,1.57,0.23,2.6,1.24,0.61,1.7,1.34,4.15,7.58,2.14,1.02,2.99,9.92,0.56,1.91,0.6,0.64,0.14,14.82
1927-01-31,2.51,0.73,1.09,0.21,1.66,1.05,0.51,0.94,0.74,2.81,5.44,1.53,0.95,2.21,8.05,0.45,1.88,0.59,1.84,0.39,15.95
1927-02-28,8.18,2.14,3.21,0.78,4.51,3.41,1.68,2.19,1.72,5.85,17.57,4.96,3.45,5.85,22.71,1.28,5.23,1.65,11.5,2.43,52.29
1927-03-31,6.94,2.16,3.23,0.67,5.01,2.89,1.42,1.76,1.38,5.15,17.01,4.8,2.98,6.42,20.7,1.17,4.17,1.32,2.39,0.51,45.21
1927-04-30,11.24,6.75,10.13,0.93,15.64,4.68,2.3,6.45,5.07,14.93,42.44,11.97,4.12,21.37,43.82,2.47,8.29,2.62,5.82,1.23,53.13
1927-05-31,7.86,12.88,19.31,0.69,24.06,3.27,1.61,15.68,12.32,32.29,64.77,18.27,3.04,34.52,48.71,2.74,6.18,1.95,0.68,0.14,24.72
1927-06-30,3.26,11.7,17.55,0.41,14.78,1.36,0.67,19.11,15.01,37.7,46.79,13.2,1.79,25.19,24.28,1.37,4.37,1.38,0.23,0.05,5.41
1927-07-31,0.91,2.7,4.04,0.14,2.09,0.38,0.19,8.25,6.48,13.36,12.11,3.42,0.6,5.07,3.03,0.17,0.84,0.27,0.03,0.01,0.0
1927-08-31,0.5,0.61,0.91,0.05,0.45,0.21,0.1,2.16,1.7,3.56,2.52,0.71,0.21,1.03,1.02,0.06,0.51,0.16,0.0,0.0,0.0
1927-09-30,0.3,0.18,0.28,0.06,0.36,0.12,0.06,1.22,0.96,1.78,0.2,0.06,0.24,0.36,0.77,0.04,0.65,0.21,0.0,0.0,0.0
1927-10-31,0.37,0.23,0.34,0.06,0.57,0.15,0.08,1.25,0.98,1.81,0.86,0.24,0.28,0.72,1.12,0.06,0.0,0.0,0.04,0.01,0.0
1927-11-30,2.1,0.84,1.27,0.15,2.03,0.87,0.43,1.56,1.22,3.22,4.95,1.39,0.65,2.15,6.48,0.37,1.65,0.52,0.44,0.09,6.38
1927-12-31,1.24,0.41,0.62,0.1,1.11,0.52,0.25,0.59,0.46,1.6,3.27,0.92,0.43,1.37,4.48,0.25,0.82,0.26,1.13,0.24,4.62
1928-01-31,1.53,0.46,0.69,0.14,0.91,0.64,0.31,0.57,0.45,1.58,3.1,0.87,0.59,1.27,4.53,0.26,1.14,0.36,0.72,0.15,10.77
1928-02-29,2.4,0.71,1.06,0.22,1.39,1.0,0.49,0.83,0.65,1.9,5.37,1.51,0.95,1.87,7.01,0.39,1.49,0.47,2.9,0.61,16.19
1928-03-31,12.65,5.03,7.55,1.15,11.59,5.27,2.59,4.55,3.58,11.69,33.81,9.54,5.08,15.28,39.57,2.23,7.87,2.48,9.56,2.02,63.92
1928-04-30,6.49,7.91,11.87,0.44,15.96,2.7,1.33,9.25,7.27,18.78,39.54,11.15,1.94,22.5,32.23,1.81,5.18,1.64,3.03,0.64,20.54
1928-05-31,3.95,11.59,17.39,0.28,17.17,1.64,0.81,17.45,13.71,33.41,46.11,13.01,1.24,26.77,27.68,1.56,4.95,1.56,0.48,0.1,3.24
1928-06-30,0.84,3.25,4.88,0.09,3.09,0.35,0.17,8.27,6.5,13.56,11.98,3.38,0.37,6.43,4.12,0.23,1.08,0.34,0.12,0.03,0.0
1928-07-31,0.38,0.65,0.97,0.03,0.44,0.16,0.08,2.13,1.67,3.43,2.73,0.77,0.11,1.13,0.69,0.04,0.24,0.08,0.02,0.0,0.0
1928-08-31,0.22,0.18,0.28,0.03,0.24,0.09,0.05,0.99,0.78,1.44,0.17,0.05,0.15,0.32,0.5,0.03,0.47,0.15,0.0,0.0,0.0
1928-09-30,0.11,0.07,0.11,0.02,0.14,0.05,0.02,0.51,0.4,0.71,0.01,0.0,0.1,0.14,0.3,0.02,0.25,0.08,0.0,0.0,0.0
1928-10-31,0.09,0.07,0.1,0.01,0.37,0.04,0.02,0.4,0.32,0.55,0.11,0.03,0.07,0.47,0.71,0.04,0.0,0.0,0.0,0.0,0.0
1928-11-30,0.39,0.22,0.33,0.03,0.26,0.16,0.08,0.78,0.62,1.09,0.7,0.2,0.14,0.24,0.45,0.03,0.3,0.1,0.14,0.03,0.0
1928-12-31,0.55,0.28,0.42,0.03,0.35,0.23,0.11,0.58,0.45,1.04,1.17,0.33,0.14,0.32,0.54,0.03,0.45,0.14,0.41,0.09,1.63
1929-01-31,0.63,0.25,0.38,0.04,0.38,0.26,0.13,0.38,0.3,0.97,1.72,0.49,0.2,0.42,0.81,0.05,0.4,0.13,0.71,0.15,4.23
1929-02-28,1.14,0.42,0.63,0.09,0.73,0.47,0.23,0.59,0.46,1.5,2.48,0.7,0.38,0.9,2.07,0.12,0.92,0.29,1.63,0.34,7.7
1929-03-31,2.28,0.77,1.16,0.2,3.27,0.95,0.47,0.9,0.7,2.02,5.07,1.43,0.86,4.21,15.31,0.86,1.6,0.5,1.29,0.27,3.69
1929-04-30,5.32,2.23,3.35,0.44,6.93,2.22,1.09,2.02,1.59,5.05,13.42,3.78,1.95,9.21,17.68,1.0,3.75,1.19,1.14,0.24,24.54
1929-05-31,5.64,9.08,13.62,0.13,15.64,2.35,1.15,11.47,9.01,21.01,37.08,10.46,0.59,22.06,22.27,1.25,5.04,1.59,0.24,0.05,10.32
1929-06-30,1.3,6.11,9.16,0.0,6.39,0.54,0.27,11.72,9.21,19.72,16.35,4.61,0.0,11.03,6.23,0.35,1.93,0.61,0.21,0.04,0.0
1929-07-31,0.35,1.05,1.57,0.0,0.69,0.15,0.07,3.54,2.78,5.09,2.8,0.79,0.01,1.67,0.44,0.02,0.3,0.1,0.0,0.0,0.0
1929-08-31,0.16,0.17,0.25,0.02,0.27,0.07,0.03,0.94,0.74,1.26,0.0,0.0,0.09,0.65,0.19,0.01,0.31,0.1,0.0,0.0,0.0
1929-09-30,0.03,0.03,0.04,0.0,0.38,0.01,0.01,0.18,0.14,0.23,0.0,0.0,0.02,0.62,0.85,0.05,0.04,0.01,0.0,0.0,0.0
1929-10-31,0.02,0.02,0.02,0.0,0.3,0.01,0.0,0.09,0.07,0.12,0.04,0.01,0.02,0.38,0.72,0.04,0.0,0.0,0.0,0.0,0.0
1929-11-30,0.15,0.1,0.14,0.03,0.09,0.06,0.03,0.55,0.43,0.78,0.27,0.08,0.11,0.12,0.08,0.0,0.0,0.0,0.0,0.0,0.0
1929-12-31,1.04,0.51,0.76,0.07,1.68,0.43,0.21,1.32,1.04,2.08,2.2,0.62,0.33,1.77,5.45,0.31,0.8,0.25,0.03,0.01,0.0
1930-01-31,1.47,0.54,0.82,0.11,1.12,0.61,0.3,0.83,0.65,2.18,3.93,1.11,0.51,1.38,4.07,0.23,0.95,0.3,1.75,0.37,7.49
1930-02-28,2.41,0.77,1.16,0.21,1.96,1.0,0.49,0.97,0.76,2.41,5.15,1.45,0.93,2.67,10.15,0.57,1.77,0.56,1.63,0.35,12.06
1930-03-31,5.46,1.71,2.56,0.53,4.25,2.27,1.12,1.62,1.27,4.32,12.27,3.46,2.33,5.34,16.91,0.95,3.57,1.13,5.17,1.09,30.71
1930-04-30,8.01,5.22,7.83,0.6,14.7,3.34,1.64,5.18,4.07,11.27,29.56,8.34,2.63,20.36,34.09,1.92,6.3,1.99,0.39,0.08,24.38
1930-05-31,3.87,7.83,11.75,0.16,14.3,1.61,0.79,10.15,7.97,19.25,33.19,9.36,0.73,20.86,22.56,1.27,3.15,0.99,0.32,0.07,2.92
1930-06-30,1.76,7.41,11.12,0.05,6.45,0.73,0.36,13.32,10.47,23.92,23.86,6.73,0.22,11.15,7.7,0.43,2.49,0.79,0.04,0.01,4.78
1930-07-31,0.41,1.36,2.04,0.03,0.88,0.17,0.08,4.39,3.45,6.58,4.6,1.3,0.13,2.12,0.88,0.05,0.4,0.13,0.03,0.01,0.0
1930-08-31,0.19,0.29,0.44,0.01,0.52,0.08,0.04,1.01,0.79,1.57,1.08,0.3,0.04,1.26,0.66,0.04,0.09,0.03,0.01,0.0,0.0
1930-09-30,0.25,0.21,0.31,0.04,0.48,0.1,0.05,1.24,0.98,1.71,0.0,0.0,0.17,0.78,1.07,0.06,0.55,0.17,0.02,0.0,0.0
1930-10-31,0.42,0.29,0.44,0.01,0.29,0.17,0.09,1.11,0.87,1.45,0.52,0.15,0.06,0.36,0.08,0.0,0.28,0.09,0.04,0.01,0.0
1930-11-30,0.48,0.27,0.4,0.01,0.42,0.2,0.1,0.5,0.39,1.01,1.18,0.33,0.06,0.38,0.56,0.03,0.39,0.12,0.01,0.0,0.84
1930-12-31,0.4,0.19,0.29,0.01,0.33,0.17,0.08,0.31,0.24,0.7,1.04,0.29,0.05,0.37,0.63,0.04,0.35,0.11,0.03,0.01,1.27
1931-01-31,0.71,0.3,0.46,0.02,0.44,0.3,0.15,0.41,0.32,0.92,1.51,0.43,0.11,0.53,0.83,0.05,0.57,0.18,0.56,0.12,4.82
1931-02-28,1.12,0.46,0.69,0.04,0.86,0.47,0.23,0.55,0.43,1.17,2.55,0.72,0.19,1.14,2.68,0.15,0.87,0.28,0.65,0.14,6.74
1931-03-31,2.11,0.97,1.46,0.08,2.79,0.88,0.43,0.92,0.72,2.21,5.39,1.52,0.35,3.51,8.85,0.5,1.6,0.51,0.43,0.09,7.06
1931-04-30,3.71,4.36,6.54,0.03,10.16,1.54,0.76,5.2,4.09,9.41,16.34,4.61,0.15,13.97,13.36,0.75,2.95,0.93,0.11,0.02,2.05
1931-05-31,1.66,6.62,9.92,0.0,7.22,0.69,0.34,10.8,8.49,17.5,16.28,4.59,0.0,10.87,5.08,0.29,2.47,0.78,0.03,0.01,0.0
1931-06-30,0.32,1.83,2.75,0.0,1.58,0.13,0.07,5.05,3.97,7.05,2.91,0.82,0.0,2.66,0.76,0.04,0.52,0.16,0.02,0.0,0.0
1931-07-31,0.22,0.4,0.61,0.0,0.62,0.09,0.05,1.78,1.4,2.32,0.19,0.05,0.01,1.33,0.13,0.01,0.35,0.11,0.02,0.0,0.0
1931-08-31,0.02,0.02,0.03,0.0,0.44,0.01,0.0,0.14,0.11,0.16,0.0,0.0,0.0,1.04,0.22,0.01,0.0,0.0,0.0,0.0,0.0
1931-09-30,0.0,0.0,0.0,0.0,0.3,0.0,0.0,0.0,0.0,0.0,0.0,0.0,0.0,0.54,0.49,0.03,0.0,0.0,0.0,0.0,0.0
1931-10-31,0.11,0.07,0.1,0.02,0.24,0.05,0.02,0.35,0.28,0.55,0.29,0.08,0.08,0.3,0.54,0.03,0.0,0.0,0.0,0.0,0.0
1931-11-30,0.21,0.12,0.18,0.04,0.19,0.09,0.04,0.63,0.5,0.98,0.53,0.15,0.15,0.24,0.33,0.02,0.0,0.0,0.0,0.0,0.0
1931-12-31,2.91,1.14,1.71,0.23,0.64,1.21,0.6,2.5,1.96,4.87,6.93,1.95,1.03,0.7,0.0,0.0,2.07,0.65,5.39,1.14,18.85
1932-01-31,2.03,0.63,0.95,0.16,0.9,0.85,0.42,0.87,0.69,2.48,5.38,1.52,0.73,0.82,1.5,0.08,1.3,0.41,2.98,0.63,17.39
1932-02-29,6.53,1.77,2.66,0.6,2.16,2.72,1.34,2.02,1.59,5.32,13.89,3.92,2.64,2.63,4.98,0.28,4.24,1.34,8.94,1.89,61.05
1932-03-31,6.09,1.59,2.38,0.61,4.58,2.54,1.25,1.36,1.07,4.15,12.9,3.64,2.67,6.07,24.78,1.4,3.87,1.22,1.18,0.25,37.08
1932-04-30,10.06,4.2,6.29,0.9,10.84,4.19,2.06,3.64,2.86,9.47,28.84,8.14,3.97,14.31,43.91,2.47,5.5,1.74,0.51,0.11,48.33
1932-05-31,11.15,13.38,20.07,0.93,27.38,4.64,2.28,15.38,12.08,32.34,71.68,20.22,4.08,38.61,59.43,3.35,9.3,2.94,0.54,0.11,38.82
1932-06-30,4.58,13.66,20.49,0.51,17.97,1.91,0.94,20.67,16.24,41.18,57.84,16.32,2.27,28.91,30.29,1.71,5.72,1.81,0.11,0.02,15.8
1932-07-31,1.09,3.74,5.61,0.17,2.38,0.45,0.22,10.05,7.89,16.82,16.07,4.53,0.74,5.23,3.17,0.18,1.32,0.42,0.0,0.0,4.35
1932-08-31,0.68,0.81,1.21,0.07,0.76,0.28,0.14,2.94,2.31,4.81,3.34,0.94,0.3,1.87,0.84,0.05,0.7,0.22,0.0,0.0,0.0
1932-09-30,0.24,0.15,0.22,0.04,0.71,0.1,0.05,0.97,0.76,1.41,0.16,0.04,0.19,1.18,1.98,0.11,0.51,0.16,0.0,0.0,0.0
1932-10-31,0.24,0.16,0.25,0.04,0.47,0.1,0.05,0.95,0.74,1.29,0.39,0.11,0.18,0.58,0.87,0.05,0.0,0.0,0.0,0.0,0.0
1932-11-30,0.25,0.12,0.18,0.01,0.15,0.1,0.05,0.27,0.22,0.42,0.51,0.14,0.07,0.14,0.28,0.02,0.33,0.1,0.0,0.0,0.0
1932-12-31,0.45,0.21,0.32,0.03,0.34,0.19,0.09,0.44,0.35,0.74,0.9,0.25,0.11,0.31,0.69,0.04,0.32,0.1,0.0,0.0,0.81
1933-01-31,0.58,0.25,0.38,0.04,0.37,0.24,0.12,0.43,0.34,1.03,1.48,0.42,0.2,0.37,0.68,0.04,0.44,0.14,1.47,0.31,2.89
1933-02-28,0.66,0.25,0.38,0.05,0.37,0.27,0.14,0.37,0.29,0.95,1.82,0.51,0.22,0.45,1.03,0.06,0.41,0.13,0.95,0.2,5.2
1933-03-31,1.89,0.64,0.96,0.16,1.31,0.79,0.39,0.83,0.65,2.03,4.05,1.14,0.72,1.68,4.61,0.26,1.43,0.45,1.16,0.25,15.92
1933-04-30,5.54,1.9,2.84,0.53,5.51,2.31,1.13,1.82,1.43,4.67,12.91,3.64,2.33,7.06,23.06,1.3,3.76,1.19,0.43,0.09,30.43
1933-05-31,7.08,6.19,9.29,0.43,14.31,2.95,1.45,6.82,5.36,13.84,30.04,8.47,1.9,19.87,28.38,1.6,4.94,1.56,0.48,0.1,17.11
1933-06-30,3.49,11.27,16.9,0.02,15.62,1.45,0.71,17.63,13.85,31.6,38.6,10.89,0.07,24.25,20.64,1.16,4.75,1.5,0.08,0.02,0.0
1933-07-31,0.38,1.46,2.19,0.02,1.01,0.16,0.08,4.77,3.75,6.93,4.3,1.21,0.06,2.44,0.92,0.05,0.41,0.13,0.0,0.0,0.0
1933-08-31,0.22,0.36,0.55,0.01,0.35,0.09,0.05,1.27,1.0,1.93,1.1,0.31,0.03,0.88,0.43,0.02,0.16,0.05,0.0,0.0,0.0
1933-09-30,0.19,0.14,0.22,0.03,0.31,0.08,0.04,0.99,0.78,1.3,0.0,0.0,0.14,0.42,0.61,0.03,0.27,0.09,0.0,0.0,0.0
1933-10-31,0.1,0.08,0.12,0.01,0.52,0.04,0.02,0.48,0.38,0.63,0.08,0.02,0.06,0.59,1.08,0.06,0.0,0.0,0.0,0.0,0.0
1933-11-30,0.36,0.21,0.32,0.02,0.54,0.15,0.07,0.67,0.53,0.92,0.62,0.18,0.09,0.5,1.23,0.07,0.31,0.1,0.0,0.0,0.0
1933-12-31,0.98,0.47,0.71,0.05,1.27,0.41,0.2,0.84,0.66,1.77,2.45,0.69,0.23,1.6,4.46,0.25,0.73,0.23,1.84,0.39,0.0
1934-01-31,1.45,0.56,0.84,0.1,1.34,0.6,0.3,0.76,0.6,1.77,3.18,0.9,0.43,1.78,5.85,0.33,1.14,0.36,1.95,0.41,4.01
1934-02-28,2.37,0.84,1.25,0.18,1.82,0.99,0.49,0.89,0.7,2.16,5.23,1.48,0.81,2.23,6.41,0.36,1.81,0.57,3.17,0.67,11.29
1934-03-31,4.8,3.16,4.73,0.26,9.29,2.0,0.98,3.18,2.5,6.68,15.84,4.47,1.17,12.6,19.6,1.1,3.6,1.14,0.87,0.19,6.09
1934-04-30,2.72,5.22,7.84,0.0,9.89,1.13,0.56,6.88,5.41,12.17,18.96,5.35,0.0,13.95,11.95,0.67,2.5,0.79,0.16,0.03,1.8
1934-05-31,1.14,4.45,6.68,0.0,4.05,0.47,0.23,7.38,5.8,12.54,12.13,3.42,0.0,6.75,3.36,0.19,1.59,0.5,0.04,0.01,2.68
1934-06-30,0.53,2.78,4.17,0.0,2.45,0.22,0.11,6.69,5.25,10.13,6.23,1.76,0.0,4.4,1.99,0.11,0.86,0.27,0.11,0.02,0.0
1934-07-31,0.25,0.55,0.82,0.0,0.44,0.1,0.05,2.04,1.6,2.85,1.05,0.3,0.01,1.06,0.19,0.01,0.28,0.09,0.0,0.0,0.0
1934-08-31,0.07,0.05,0.08,0.01,0.18,0.03,0.01,0.4,0.32,0.5,0.0,0.0,0.04,0.43,0.11,0.01,0.03,0.01,0.0,0.0,0.0
1934-09-30,0.03,0.03,0.04,0.0,0.48,0.01,0.01,0.2,0.16,0.25,0.0,0.0,0.02,0.91,0.89,0.05,0.02,0.0,0.0,0.0,0.0
1934-10-31,0.15,0.09,0.13,0.03,0.5,0.06,0.03,0.48,0.38,0.74,0.38,0.11,0.12,0.64,1.23,0.07,0.0,0.0,0.02,0.0,0.0
1934-11-30,0.76,0.37,0.55,0.09,0.98,0.32,0.16,1.39,1.09,2.13,1.83,0.52,0.37,0.98,2.84,0.16,0.49,0.15,0.15,0.03,0.0
1934-12-31,1.08,0.45,0.67,0.07,1.14,0.45,0.22,0.87,0.68,1.6,2.36,0.66,0.31,1.21,3.94,0.22,0.73,0.23,0.51,0.11,1.0
1935-01-31,2.02,0.67,1.0,0.16,1.16,0.84,0.41,0.98,0.77,2.76,5.41,1.53,0.73,1.44,4.22,0.24,1.26,0.4,4.8,1.02,11.01
1935-02-28,2.32,0.68,1.02,0.2,1.83,0.97,0.48,0.87,0.68,2.53,4.95,1.39,0.87,2.44,9.32,0.52,1.74,0.55,1.11,0.23,13.62
1935-03-31,3.43,0.96,1.44,0.31,2.16,1.43,0.7,1.1,0.87,2.61,7.63,2.15,1.37,2.87,11.59,0.65,2.09,0.66,4.53,0.96,23.56
1935-04-30,15.75,5.83,8.75,1.46,14.13,6.56,3.23,5.14,4.04,13.72,41.22,11.63,6.44,18.71,49.97,2.81,9.49,3.0,8.16,1.73,91.35
1935-05-31,10.54,13.81,20.72,0.84,28.95,4.39,2.16,16.23,12.75,33.49,71.53,20.17,3.7,41.02,60.56,3.41,9.1,2.87,1.24,0.26,25.51
1935-06-30,3.51,11.95,17.93,0.38,14.05,1.46,0.72,19.47,15.3,37.81,47.53,13.4,1.66,24.48,21.82,1.23,4.64,1.47,0.34,0.07,10.65
1935-07-31,0.79,2.33,3.49,0.11,1.18,0.33,0.16,7.19,5.65,11.5,10.04,2.83,0.47,2.86,1.37,0.08,0.73,0.23,0.28,0.06,1.03
1935-08-31,0.49,0.57,0.85,0.05,0.39,0.2,0.1,2.18,1.71,3.49,2.07,0.58,0.23,1.01,0.79,0.04,0.61,0.19,0.03,0.01,0.0
1935-09-30,0.2,0.12,0.19,0.04,0.4,0.08,0.04,0.83,0.65,1.19,0.1,0.03,0.16,0.41,0.97,0.05,0.43,0.14,0.0,0.0,0.0
1935-10-31,0.29,0.16,0.25,0.05,0.52,0.12,0.06,0.89,0.7,1.37,0.72,0.2,0.22,0.66,1.19,0.07,0.0,0.0,0.0,0.0,0.0
1935-11-30,0.31,0.17,0.26,0.05,0.46,0.13,0.06,0.81,0.64,1.17,0.89,0.25,0.21,0.51,1.23,0.07,0.18,0.06,0.01,0.0,0.0
1935-12-31,0.49,0.19,0.28,0.03,0.64,0.2,0.1,0.36,0.28,0.67,1.0,0.28,0.13,0.59,2.06,0.12,0.43,0.14,0.08,0.02,0.0
1936-01-31,2.7,0.98,1.47,0.2,1.54,1.12,0.55,1.65,1.29,3.85,6.68,1.89,0.9,1.71,4.62,0.26,1.76,0.56,4.37,0.92,15.21
1936-02-29,10.32,2.81,4.21,0.95,3.38,4.3,2.11,3.14,2.47,8.63,22.48,6.34,4.21,4.44,11.31,0.64,6.83,2.16,27.94,5.91,72.82
1936-03-31,7.98,2.49,3.73,0.77,6.47,3.32,1.63,2.04,1.6,5.95,19.58,5.52,3.42,8.22,32.8,1.85,4.89,1.54,2.93,0.62,39.92
1936-04-30,11.73,7.64,11.46,0.96,18.53,4.88,2.4,7.42,5.83,17.2,46.23,13.04,4.22,25.22,55.74,3.14,9.18,2.9,3.71,0.78,44.1
1936-05-31,7.04,13.64,20.46,0.63,26.19,2.93,1.44,17.42,13.69,35.28,65.76,18.55,2.76,38.24,52.23,2.94,5.1,1.61,0.68,0.14,9.45
1936-06-30,2.26,9.44,14.16,0.3,11.97,0.94,0.46,16.55,13.01,31.74,37.02,10.44,1.32,21.54,19.22,1.08,3.63,1.15,0.53,0.11,0.0
1936-07-31,0.76,2.21,3.31,0.11,1.09,0.32,0.16,6.78,5.33,10.96,9.84,2.78,0.48,2.69,1.51,0.09,0.7,0.22,0.12,0.02,1.44
1936-08-31,0.42,0.55,0.82,0.04,0.38,0.17,0.09,1.87,1.47,3.1,2.35,0.66,0.16,0.74,0.85,0.05,0.37,0.12,0.01,0.0,0.0
1936-09-30,0.35,0.21,0.32,0.06,0.29,0.15,0.07,1.41,1.11,2.06,0.22,0.06,0.29,0.29,0.51,0.03,0.75,0.24,0.0,0.0,0.0
1936-10-31,0.27,0.16,0.24,0.05,0.4,0.11,0.06,0.87,0.68,1.32,0.64,0.18,0.2,0.51,0.81,0.05,0.0,0.0,0.0,0.0,0.0
1936-11-30,0.24,0.14,0.21,0.04,0.53,0.1,0.05,0.63,0.5,0.89,0.68,0.19,0.15,0.58,1.52,0.09,0.19,0.06,0.0,0.0,0.0
1936-12-31,0.69,0.27,0.4,0.04,0.86,0.29,0.14,0.53,0.41,0.96,1.39,0.39,0.19,0.78,2.47,0.14,0.52,0.17,0.36,0.08,0.0
1937-01-31,1.17,0.47,0.71,0.09,0.55,0.49,0.24,0.86,0.68,1.88,2.76,0.78,0.37,0.65,1.51,0.09,0.85,0.27,1.9,0.4,6.58
1937-02-28,5.36,1.61,2.41,0.46,1.89,2.23,1.1,2.05,1.61,5.5,12.45,3.51,2.05,2.38,5.02,0.28,3.54,1.12,13.96,2.95,39.52
1937-03-31,6.43,1.7,2.55,0.63,2.78,2.68,1.32,1.62,1.27,4.6,13.58,3.83,2.79,3.74,12.65,0.71,4.32,1.36,11.6,2.45,45.18
1937-04-30,9.36,4.21,6.31,0.82,9.14,3.9,1.92,3.74,2.94,9.36,27.69,7.81,3.62,11.96,37.78,2.13,5.33,1.68,3.43,0.73,46.77
1937-05-31,10.84,15.81,23.72,0.83,33.54,4.51,2.22,19.33,15.19,39.33,77.83,21.95,3.67,48.12,68.73,3.87,9.42,2.98,1.08,0.23,12.47
1937-06-30,1.97,8.46,12.69,0.21,8.97,0.82,0.4,15.25,11.98,28.5,31.57,8.9,0.93,16.07,13.1,0.74,3.18,1.0,0.37,0.08,2.49
1937-07-31,0.59,1.75,2.63,0.07,0.89,0.25,0.12,5.46,4.29,8.65,7.32,2.07,0.33,2.14,0.95,0.05,0.55,0.17,0.14,0.03,0.39
1937-08-31,0.41,0.51,0.77,0.04,0.4,0.17,0.08,1.87,1.47,3.0,1.91,0.54,0.16,1.03,0.72,0.04,0.43,0.14,0.01,0.0,0.0
1937-09-30,0.24,0.15,0.23,0.04,0.39,0.1,0.05,1.02,0.8,1.46,0.1,0.03,0.2,0.42,0.92,0.05,0.52,0.16,0.0,0.0,0.0
1937-10-31,0.25,0.13,0.2,0.05,0.42,0.1,0.05,0.71,0.55,1.14,0.71,0.2,0.2,0.53,1.02,0.06,0.0,0.0,0.0,0.0,0.0
1937-11-30,0.36,0.19,0.29,0.06,0.62,0.15,0.07,1.0,0.79,1.62,1.02,0.29,0.28,0.79,1.53,0.09,0.0,0.0,0.09,0.02,0.0
1937-12-31,8.78,2.83,4.24,0.72,9.37,3.66,1.8,4.77,3.75,11.6,21.06,5.94,3.16,11.45,47.51,2.67,6.18,1.95,2.63,0.56,22.68
1938-01-31,2.47,0.63,0.95,0.23,1.56,1.03,0.51,0.71,0.55,1.84,5.4,1.52,1.0,2.07,9.11,0.51,1.45,0.46,1.86,0.39,16.19
1938-02-28,8.76,2.16,3.23,0.84,2.1,3.65,1.79,2.17,1.7,5.99,18.68,5.27,3.7,2.62,5.94,0.33,5.45,1.72,22.84,4.83,71.22
1938-03-31,12.35,3.51,5.27,1.21,5.4,5.14,2.53,2.82,2.21,8.63,29.39,8.29,5.35,6.83,21.31,1.2,7.38,2.33,17.8,3.77,89.83
1938-04-30,13.09,6.9,10.36,1.15,14.33,5.45,2.68,6.33,4.97,15.5,46.1,13.0,5.07,19.55,49.84,2.81,8.48,2.68,4.31,0.91,76.23
1938-05-31,14.17,18.66,27.99,1.41,39.42,5.9,2.9,21.56,16.94,46.6,103.34,29.15,6.19,56.01,94.78,5.34,11.25,3.55,2.14,0.45,37.83
1938-06-30,5.58,17.16,25.74,0.86,27.28,2.32,1.14,26.07,20.48,53.91,76.67,21.63,3.77,45.15,52.62,2.96,6.96,2.2,0.65,0.14,0.0
1938-07-31,1.43,4.61,6.91,0.28,2.96,0.6,0.29,12.53,9.85,21.55,22.21,6.27,1.22,7.24,5.08,0.29,1.59,0.5,0.25,0.05,6.91
1938-08-31,0.92,1.18,1.76,0.09,0.39,0.38,0.19,3.84,3.02,6.69,6.03,1.7,0.42,0.92,0.57,0.03,0.8,0.25,0.06,0.01,0.0
1938-09-30,0.52,0.3,0.45,0.1,0.59,0.22,0.11,1.94,1.53,2.95,0.58,0.16,0.43,0.59,1.36,0.08,1.1,0.35,0.01,0.0,0.0
1938-10-31,0.9,0.0,0.0,0.12,1.05,0.37,0.18,2.51,1.97,2.4,0.45,0.13,0.54,1.09,1.94,0.11,0.5,0.16,0.16,0.03,0.0
1938-11-30,1.03,0.78,1.17,0.0,0.93,0.43,0.21,5.58,4.38,1.66,0.0,0.0,0.0,1.13,2.9,0.16,0.0,0.0,0.29,0.06,0.0
1938-12-31,0.8,0.85,1.27,0.0,0.96,0.33,0.16,0.65,0.51,1.05,1.19,0.34,0.0,1.27,4.17,0.23,0.62,0.2,0.35,0.07,0.0
1939-01-31,1.09,1.14,1.71,0.0,0.98,0.45,0.22,0.72,0.57,0.99,2.04,0.58,0.0,1.31,4.53,0.25,0.68,0.22,0.48,0.1,3.65
1939-02-28,1.15,1.15,1.72,0.0,1.18,0.48,0.24,0.63,0.49,1.0,2.12,0.6,0.0,1.45,4.98,0.28,0.76,0.24,1.45,0.31,2.75
1939-03-31,3.94,2.1,3.15,0.06,4.64,1.64,0.81,2.53,1.99,3.49,7.67,2.16,0.26,6.1,14.05,0.79,2.56,0.81,1.14,0.24,17.44
1939-04-30,6.33,5.65,8.47,0.42,15.75,2.64,1.3,5.72,4.49,16.52,34.12,9.62,1.86,22.0,23.11,1.3,5.46,1.72,0.5,0.11,20.58
1939-05-31,1.9,6.71,10.06,0.0,6.74,0.79,0.39,7.99,6.28,17.68,22.13,6.24,0.0,10.93,6.77,0.38,2.98,0.94,0.24,0.05,5.57
1939-06-30,0.54,1.06,1.59,0.28,1.55,0.22,0.11,4.76,3.74,9.59,8.42,2.38,1.23,2.79,1.22,0.07,1.07,0.34,0.04,0.01,3.17
1939-07-31,0.23,0.69,1.03,0.01,0.67,0.1,0.05,0.62,0.49,3.55,4.35,1.23,0.04,1.62,0.51,0.03,0.36,0.11,0.06,0.01,0.0
1939-08-31,0.08,1.04,1.56,0.0,0.39,0.03,0.02,0.0,0.0,0.7,0.99,0.28,0.0,0.97,0.51,0.03,0.07,0.02,0.0,0.0,0.0
1939-09-30,0.21,0.0,0.0,0.05,0.28,0.09,0.04,1.39,1.09,1.63,0.0,0.0,0.23,0.38,0.44,0.02,0.17,0.05,0.0,0.0,0.0
1939-10-31,0.59,0.0,0.0,0.22,0.62,0.25,0.12,3.11,2.44,2.6,0.0,0.0,0.97,0.79,1.21,0.07,0.0,0.0,0.0,0.0,0.0
1939-11-30,0.54,0.45,0.68,0.0,0.53,0.22,0.11,5.01,3.94,0.74,0.0,0.0,0.0,0.55,1.41,0.08,0.0,0.0,0.0,0.0,0.0
1939-12-31,0.68,0.93,1.4,0.0,0.79,0.28,0.14,0.41,0.32,0.91,1.41,0.4,0.0,0.72,2.44,0.14,0.38,0.12,0.12,0.03,0.0
1940-01-31,6.18,1.21,1.81,0.76,3.94,2.57,1.27,1.35,1.06,7.29,15.74,4.44,3.34,4.94,16.3,0.92,3.88,1.23,6.56,1.39,42.02
1940-02-29,8.82,1.15,1.72,1.11,3.89,3.67,1.81,1.01,0.79,6.2,19.45,5.49,4.88,5.09,18.26,1.03,5.2,1.64,7.71,1.63,73.31
1940-03-31,12.85,2.56,3.84,1.14,11.57,5.35,2.63,2.75,2.16,12.17,37.85,10.67,5.0,15.34,44.49,2.5,7.2,2.27,8.29,1.75,75.42
1940-04-30,8.34,8.94,13.41,0.76,18.78,3.47,1.71,5.57,4.38,19.89,48.82,13.77,3.34,26.39,44.66,2.51,6.57,2.08,5.64,1.19,25.19
1940-05-31,6.22,19.11,28.67,0.38,26.43,2.59,1.27,20.14,15.82,41.26,65.18,18.38,1.68,40.35,49.65,2.8,8.15,2.57,0.72,0.15,0.0
1940-06-30,1.86,9.17,13.76,0.06,5.83,0.77,0.38,17.47,13.73,27.03,24.65,6.95,0.26,11.43,8.79,0.49,3.05,0.96,0.22,0.05,8.35
1940-07-31,0.68,1.07,1.61,0.06,0.6,0.28,0.14,3.93,3.09,6.91,6.29,1.77,0.27,1.5,0.72,0.04,0.62,0.19,0.1,0.02,0.0
1940-08-31,0.33,0.9,1.35,0.03,0.35,0.14,0.07,0.25,0.19,2.05,1.96,0.55,0.13,0.72,0.84,0.05,0.59,0.19,0.01,0.0,0.0
1940-09-30,0.18,0.15,0.23,0.11,0.34,0.07,0.04,5.05,3.97,1.03,0.0,0.0,0.5,0.34,0.84,0.05,0.0,0.0,0.0,0.0,0.0
1940-10-31,0.3,0.14,0.22,0.2,0.4,0.12,0.06,1.32,1.04,1.42,0.2,0.06,0.9,0.5,0.84,0.05,0.0,0.0,0.02,0.01,0.0
1940-11-30,0.27,0.72,1.08,0.11,0.56,0.11,0.06,0.42,0.33,1.08,1.25,0.35,0.49,0.66,1.5,0.08,0.08,0.03,0.2,0.04,0.0
1940-12-31,2.39,0.2,0.3,0.14,1.78,1.0,0.49,0.66,0.52,3.54,6.8,1.92,0.61,1.76,5.16,0.29,1.82,0.57,2.59,0.55,11.21
1941-01-31,2.64,0.9,1.35,0.35,1.59,1.1,0.54,0.76,0.6,3.22,7.12,2.01,1.53,1.97,6.11,0.34,1.88,0.59,3.42,0.72,16.59
1941-02-28,5.35,0.83,1.24,0.71,2.8,2.23,1.1,0.8,0.63,4.3,12.69,3.58,3.13,3.78,13.79,0.78,3.22,1.02,6.68,1.41,39.24
1941-03-31,8.4,2.3,3.45,0.92,5.11,3.5,1.72,1.87,1.47,5.92,18.63,5.25,4.06,6.43,25.42,1.43,5.15,1.63,7.11,1.5,53.77
1941-04-30,8.82,3.95,5.93,0.82,9.01,3.67,1.81,4.15,3.26,8.96,25.52,7.2,3.63,12.18,32.77,1.84,5.09,1.61,6.85,1.45,43.89
1941-05-31,11.88,15.62,23.43,0.55,35.9,4.95,2.43,18.31,14.39,37.95,81.08,22.87,2.44,50.77,80.19,4.51,10.53,3.32,1.15,0.24,14.82
1941-06-30,3.22,14.09,21.14,0.0,14.44,1.34,0.66,18.4,14.46,34.72,42.88,12.09,0.0,25.29,23.4,1.32,4.36,1.38,0.4,0.08,0.0
1941-07-31,1.09,3.91,5.86,0.04,1.7,0.45,0.22,11.41,8.96,16.45,13.23,3.73,0.18,4.15,2.28,0.13,1.32,0.42,0.12,0.03,5.35
1941-08-31,0.65,0.92,1.38,0.01,0.39,0.27,0.13,1.32,1.04,4.52,4.9,1.38,0.05,0.85,0.69,0.04,0.75,0.24,0.03,0.01,0.0
1941-09-30,0.2,0.11,0.16,0.09,0.35,0.08,0.04,2.33,1.83,1.18,0.0,0.0,0.39,0.35,0.85,0.05,0.0,0.0,0.01,0.0,0.0
1941-10-31,0.42,0.04,0.06,0.2,0.41,0.17,0.09,1.25,0.98,1.99,1.15,0.32,0.88,0.52,0.79,0.04,0.0,0.0,0.03,0.01,0.0
1941-11-30,0.61,0.66,0.99,0.15,0.65,0.25,0.12,1.65,1.3,1.3,0.37,0.1,0.66,0.75,1.57,0.09,0.59,0.19,0.17,0.04,0.0
1941-12-31,3.77,1.12,1.69,0.02,3.57,1.57,0.77,1.34,1.05,5.17,10.51,2.97,0.09,3.98,13.67,0.77,2.4,0.76,2.12,0.45,16.89
1942-01-31,5.64,1.51,2.27,0.53,3.77,2.35,1.15,0.96,0.75,5.13,13.55,3.82,2.33,5.1,20.73,1.17,3.78,1.19,9.69,2.05,27.86
1942-02-28,5.26,1.62,2.44,0.81,3.02,2.19,1.08,0.83,0.65,3.64,11.65,3.28,3.59,3.78,14.79,0.83,3.43,1.08,5.65,1.2,32.77
1942-03-31,5.46,2.65,3.98,0.61,4.21,2.27,1.12,2.12,1.66,3.85,11.27,3.18,2.68,5.39,18.05,1.02,3.17,1.0,2.77,0.59,31.76
1942-04-30,11.48,5.82,8.74,1.12,14.86,4.78,2.35,9.84,7.73,12.4,30.06,8.48,4.93,20.3,44.18,2.49,7.27,2.3,3.95,0.83,53.3
1942-05-31,9.96,11.18,16.77,0.94,25.49,4.15,2.04,11.04,8.68,30.38,70.75,19.96,4.16,36.43,53.46,3.01,8.03,2.54,2.8,0.59,36.21
1942-06-30,5.08,16.72,25.09,0.21,19.43,2.12,1.04,21.42,16.83,43.16,62.67,17.67,0.94,32.56,33.23,1.87,6.43,2.03,0.87,0.18,14.13
1942-07-31,1.44,4.23,6.34,0.05,2.12,0.6,0.29,13.84,10.88,21.25,19.28,5.44,0.24,5.22,3.13,0.18,1.85,0.58,0.26,0.05,13.96
1942-08-31,0.66,0.91,1.37,0.0,0.35,0.27,0.14,1.99,1.56,4.67,4.51,1.27,0.0,0.49,0.51,0.03,0.68,0.21,0.05,0.01,0.0
1942-09-30,0.29,0.24,0.36,0.1,0.22,0.12,0.06,2.25,1.77,1.71,0.0,0.0,0.42,0.22,0.41,0.02,0.0,0.0,0.02,0.0,0.0
1942-10-31,0.27,0.0,0.0,0.18,0.27,0.11,0.06,0.0,0.0,1.25,1.83,0.52,0.82,0.34,0.51,0.03,0.0,0.0,0.01,0.0,0.0
1942-11-30,2.26,0.0,0.0,0.02,1.97,0.94,0.46,0.49,0.39,4.23,7.99,2.25,0.06,2.0,4.96,0.28,1.53,0.48,1.48,0.31,9.71
1942-12-31,2.75,0.7,1.05,0.17,2.48,1.15,0.56,1.46,1.15,3.64,7.13,2.01,0.73,3.05,10.65,0.6,1.69,0.53,2.66,0.56,12.87
1943-01-31,8.12,1.23,1.84,1.07,4.83,3.38,1.66,1.68,1.32,6.81,18.69,5.27,4.69,6.42,25.39,1.43,5.34,1.68,8.83,1.87,52.94
1943-02-28,6.12,1.18,1.78,0.76,3.7,2.55,1.25,0.68,0.54,4.07,13.55,3.82,3.35,4.6,16.85,0.95,4.09,1.29,6.06,1.28,40.18
1943-03-31,14.35,2.41,3.62,1.72,10.82,5.98,2.94,2.08,1.64,14.16,48.21,13.6,7.6,14.69,32.29,1.82,8.41,2.65,15.54,3.29,97.53
1943-04-30,9.37,11.56,17.34,0.52,22.67,3.9,1.92,10.73,8.43,24.72,57.42,16.2,2.3,32.06,51.56,2.9,6.83,2.16,2.7,0.57,30.19
1943-05-31,5.57,15.5,23.25,0.3,19.51,2.32,1.14,19.85,15.6,34.18,54.68,15.42,1.3,29.91,36.0,2.03,6.14,1.94,1.06,0.22,17.74
1943-06-30,2.04,8.73,13.09,0.1,7.89,0.85,0.42,13.77,10.82,27.87,34.44,9.72,0.43,14.66,12.44,0.7,3.27,1.03,0.49,0.1,11.79
1943-07-31,0.95,1.54,2.31,0.03,1.19,0.4,0.19,7.52,5.91,13.69,14.04,3.96,0.13,2.95,1.72,0.1,0.88,0.28,0.2,0.04,7.63
1943-08-31,0.69,0.83,1.24,0.02,0.31,0.29,0.14,0.0,0.0,4.71,7.18,2.02,0.08,0.57,0.38,0.02,0.78,0.25,0.02,0.0,0.0
1943-09-30,0.25,0.2,0.31,0.13,0.31,0.1,0.05,0.19,0.15,1.48,1.34,0.38,0.55,0.31,0.71,0.04,0.54,0.17,0.0,0.0,0.0
1943-10-31,0.31,0.0,0.0,0.16,0.59,0.13,0.06,2.23,1.76,1.5,0.0,0.0,0.72,0.69,1.18,0.07,0.0,0.0,0.07,0.01,0.0
1943-11-30,0.45,0.44,0.66,0.13,0.57,0.19,0.09,1.62,1.27,0.69,0.0,0.0,0.57,0.52,1.4,0.08,0.0,0.0,0.2,0.04,0.0
1943-12-31,0.58,0.59,0.88,0.12,0.61,0.24,0.12,2.83,2.22,1.05,0.0,0.0,0.52,0.73,2.05,0.12,0.0,0.0,0.32,0.07,0.0
1944-01-31,0.91,0.5,0.76,0.13,0.77,0.38,0.19,1.12,0.88,1.31,1.49,0.42,0.55,0.95,2.65,0.15,0.51,0.16,0.76,0.16,4.29
1944-02-29,1.56,1.07,1.61,0.14,0.79,0.65,0.32,0.36,0.28,1.83,3.53,0.99,0.63,1.08,3.01,0.17,1.11,0.35,2.93,0.62,9.3
1944-03-31,3.54,2.18,3.27,0.22,2.07,1.47,0.72,0.93,0.73,2.89,7.46,2.1,0.99,2.67,8.59,0.48,2.27,0.72,5.1,1.08,22.96
1944-04-30,5.27,3.9,5.85,0.24,6.2,2.19,1.08,3.71,2.92,4.52,9.9,2.79,1.07,8.16,20.27,1.14,3.22,1.02,0.89,0.19,23.71
1944-05-31,7.88,9.45,14.18,0.34,20.15,3.28,1.61,12.59,9.89,24.74,44.26,12.48,1.51,28.42,32.27,1.82,7.55,2.38,0.5,0.11,27.53
1944-06-30,1.73,6.77,10.15,0.05,6.62,0.72,0.35,10.27,8.07,21.21,22.42,6.32,0.22,11.26,7.03,0.4,3.17,1.0,0.18,0.04,5.66
1944-07-31,0.56,1.35,2.03,0.03,0.94,0.23,0.11,4.77,3.74,9.22,7.54,2.13,0.14,2.23,0.64,0.04,0.93,0.29,0.01,0.0,0.94
1944-08-31,0.3,1.01,1.51,0.06,0.46,0.12,0.06,3.41,2.68,2.38,0.0,0.0,0.25,1.11,0.34,0.02,0.0,0.0,0.0,0.0,0.0
1944-09-30,0.08,0.0,0.0,0.0,0.45,0.03,0.02,2.41,1.89,0.56,0.0,0.0,0.0,0.77,1.04,0.06,0.0,0.0,0.0,0.0,0.0
1944-10-31,0.26,0.0,0.0,0.0,0.5,0.11,0.05,0.28,0.22,1.24,1.37,0.39,0.0,0.63,1.12,0.06,0.0,0.0,0.0,0.0,0.0
1944-11-30,2.45,0.48,0.72,0.1,2.18,1.02,0.5,0.41,0.32,4.41,8.29,2.34,0.42,2.28,6.56,0.37,1.75,0.55,1.59,0.34,9.08
1944-12-31,2.1,1.01,1.51,0.18,2.1,0.87,0.43,0.42,0.33,2.6,6.35,1.79,0.79,2.67,9.63,0.54,1.22,0.38,1.22,0.26,6.83
1945-01-31,1.81,1.43,2.14,0.25,1.46,0.75,0.37,0.6,0.47,1.9,3.53,1.0,1.1,1.99,8.44,0.48,1.41,0.44,0.66,0.14,6.45
1945-02-28,9.35,2.06,3.08,0.78,6.31,3.89,1.91,1.03,0.81,6.67,21.59,6.09,3.42,8.03,29.39,1.65,5.98,1.89,9.47,2.0,58.85
1945-03-31,5.06,2.52,3.78,0.57,3.47,2.11,1.04,1.04,0.82,3.93,13.46,3.8,2.52,4.56,12.26,0.69,2.93,0.93,5.79,1.22,28.46
1945-04-30,8.84,6.04,9.06,0.8,12.87,3.68,1.81,5.11,4.01,11.65,32.1,9.05,3.53,17.68,32.39,1.82,6.27,1.98,2.04,0.43,44.76
1945-05-31,8.38,14.36,21.54,0.32,23.4,3.49,1.72,18.1,14.22,31.46,59.36,16.74,1.41,33.67,44.73,2.52,7.2,2.27,0.71,0.15,31.07
1945-06-30,3.15,12.3,18.45,0.05,12.21,1.31,0.65,18.61,14.62,34.58,41.64,11.74,0.24,21.44,18.39,1.04,4.44,1.4,0.34,0.07,13.24
1945-07-31,0.95,2.21,3.32,0.09,1.47,0.4,0.19,9.51,7.47,14.57,12.15,3.43,0.42,3.55,1.72,0.1,1.16,0.37,0.02,0.0,6.48
1945-08-31,0.49,1.0,1.51,0.08,0.39,0.2,0.1,2.57,2.02,3.6,2.1,0.59,0.33,1.02,0.77,0.04,0.43,0.14,0.0,0.0,0.0
1945-09-30,0.32,0.21,0.32,0.19,0.41,0.13,0.07,3.69,2.9,1.91,0.0,0.0,0.82,0.43,0.91,0.05,0.0,0.0,0.0,0.0,0.0
1945-10-31,1.03,0.29,0.43,0.16,1.04,0.43,0.21,1.93,1.52,2.99,2.4,0.68,0.72,1.2,2.24,0.13,0.53,0.17,0.0,0.0,0.1
1945-11-30,2.5,1.16,1.74,0.1,1.85,1.04,0.51,1.54,1.21,3.59,6.22,1.75,0.42,1.97,5.76,0.32,1.64,0.52,0.6,0.13,13.77
1945-12-31,6.2,1.43,2.14,0.82,3.81,2.58,1.27,2.17,1.71,5.66,13.73,3.87,3.64,5.04,18.12,1.02,4.11,1.3,6.39,1.35,38.43
1946-01-31,4.49,1.85,2.78,0.57,2.95,1.87,0.92,1.02,0.8,3.12,9.39,2.65,2.51,3.7,14.49,0.82,3.07,0.97,2.54,0.54,25.04
1946-02-28,2.56,1.67,2.51,0.3,2.03,1.07,0.52,0.67,0.53,1.92,6.21,1.75,1.32,2.56,8.64,0.49,1.34,0.42,1.23,0.26,12.09
1946-03-31,5.96,2.92,4.37,0.64,5.33,2.48,1.22,1.77,1.39,4.94,15.81,4.46,2.8,7.21,19.49,1.1,3.98,1.26,2.66,0.56,27.99
1946-04-30,8.58,6.73,10.09,0.73,16.56,3.57,1.76,7.93,6.23,17.11,41.01,11.57,3.23,23.15,37.83,2.13,5.19,1.64,2.28,0.48,38.25
1946-05-31,5.74,14.66,21.99,0.37,23.0,2.39,1.18,18.17,14.28,36.06,60.39,17.03,1.62,34.63,41.5,2.34,6.62,2.09,0.55,0.12,5.71
1946-06-30,1.61,6.47,9.7,0.05,5.96,0.67,0.33,12.75,10.02,23.44,25.55,7.21,0.22,10.99,8.7,0.49,2.48,0.78,0.24,0.05,7.9
1946-07-31,0.61,1.22,1.83,0.23,0.91,0.25,0.12,5.01,3.93,8.03,6.94,1.96,1.03,2.22,1.02,0.06,0.53,0.17,0.06,0.01,0.0
1946-08-31,0.36,1.95,2.92,0.0,0.42,0.15,0.07,1.59,1.25,2.53,1.46,0.41,0.0,1.07,0.79,0.04,0.45,0.14,0.02,0.0,0.0
1946-09-30,0.24,0.17,0.26,0.0,0.46,0.1,0.05,1.0,0.79,1.44,0.11,0.03,0.0,0.57,1.17,0.07,0.52,0.16,0.0,0.0,0.0
1946-10-31,0.45,1.16,1.73,0.0,0.6,0.19,0.09,0.57,0.45,1.68,1.73,0.49,0.0,0.7,1.1,0.06,0.24,0.08,0.03,0.01,0.0
1946-11-30,1.55,0.0,0.0,0.29,1.03,0.65,0.32,1.42,1.12,2.51,3.4,0.96,1.27,1.04,2.26,0.13,1.08,0.34,0.83,0.17,8.16
1946-12-31,1.58,0.03,0.05,0.39,1.21,0.66,0.32,2.1,1.65,1.9,1.56,0.44,1.7,1.5,4.16,0.23,1.21,0.38,0.84,0.18,8.56
1947-01-31,1.09,0.3,0.44,0.31,0.84,0.45,0.22,1.98,1.56,0.95,0.33,0.09,1.35,1.15,4.04,0.23,0.71,0.23,0.49,0.1,5.05
1947-02-28,2.38,0.49,0.74,0.18,2.21,0.99,0.49,1.47,1.16,1.92,4.11,1.16,0.82,2.82,10.36,0.58,1.71,0.54,1.41,0.3,10.67
1947-03-31,4.95,1.56,2.34,0.29,5.57,2.06,1.01,1.52,1.2,4.33,13.0,3.67,1.29,7.35,18.22,1.03,3.35,1.06,2.27,0.48,20.8
1947-04-30,5.1,4.46,6.69,0.1,11.48,2.12,1.04,4.76,3.74,11.1,24.52,6.91,0.42,16.01,20.62,1.16,3.4,1.07,0.8,0.17,18.7
1947-05-31,3.33,10.0,14.99,0.14,13.27,1.39,0.68,13.81,10.85,25.51,35.06,9.89,0.64,20.02,18.27,1.03,4.31,1.36,0.18,0.04,1.13
1947-06-30,0.76,2.3,3.45,0.2,2.95,0.32,0.16,6.97,5.48,12.78,11.62,3.28,0.9,5.07,3.14,0.18,1.21,0.38,0.09,0.02,0.73
1947-07-31,0.29,0.84,1.25,0.19,0.74,0.12,0.06,2.36,1.85,3.81,2.73,0.77,0.84,1.79,0.68,0.04,0.25,0.08,0.0,0.0,0.0
1947-08-31,0.22,1.2,1.8,0.0,0.59,0.09,0.05,1.58,1.24,1.64,0.0,0.0,0.0,1.44,0.64,0.04,0.12,0.04,0.0,0.0,0.0
1947-09-30,0.07,0.39,0.58,0.07,0.42,0.03,0.01,0.06,0.05,0.47,0.36,0.1,0.33,0.68,1.0,0.06,0.16,0.05,0.0,0.0,0.0
1947-10-31,0.79,0.0,0.0,0.0,0.63,0.33,0.16,0.72,0.57,2.41,2.95,0.83,0.0,0.79,0.92,0.05,0.43,0.13,0.0,0.0,1.28
1947-11-30,0.53,0.0,0.0,0.06,0.84,0.22,0.11,1.4,1.1,0.8,0.0,0.0,0.26,0.76,2.57,0.14,0.12,0.04,0.16,0.03,0.0
1947-12-31,0.48,0.47,0.7,0.06,0.61,0.2,0.1,1.2,0.94,0.88,0.05,0.01,0.25,0.68,2.17,0.12,0.4,0.13,0.19,0.04,0.0
1948-01-31,1.16,0.87,1.3,0.08,1.73,0.48,0.24,1.47,1.16,1.56,1.93,0.54,0.34,2.15,7.79,0.44,0.69,0.22,0.31,0.07,0.01
1948-02-29,0.86,1.08,1.62,0.13,0.78,0.36,0.18,0.4,0.31,1.1,1.92,0.54,0.56,1.09,4.34,0.24,0.79,0.25,0.55,0.12,1.37
1948-03-31,1.9,1.07,1.6,0.16,1.28,0.79,0.39,0.77,0.61,1.72,3.94,1.11,0.72,1.72,6.75,0.38,1.2,0.38,3.34,0.71,11.26
1948-04-30,8.07,3.45,5.17,0.48,6.42,3.36,1.65,3.93,3.09,6.22,16.14,4.55,2.11,8.17,26.81,1.51,5.23,1.65,5.26,1.11,49.45
1948-05-31,11.54,9.19,13.79,0.58,23.11,4.81,2.36,10.11,7.95,24.05,56.05,15.81,2.55,32.39,50.19,2.83,8.27,2.61,1.32,0.28,40.07
1948-06-30,3.99,12.89,19.34,0.0,17.33,1.66,0.82,16.53,12.99,35.45,50.2,14.16,0.0,27.45,27.43,1.54,5.22,1.65,0.41,0.09,0.0
1948-07-31,0.76,1.15,1.73,0.1,1.54,0.32,0.16,4.81,3.78,11.58,12.69,3.58,0.43,3.7,1.73,0.1,0.83,0.26,0.05,0.01,1.33
1948-08-31,0.4,1.03,1.55,0.1,0.48,0.17,0.08,0.0,0.0,2.87,3.75,1.06,0.46,1.19,0.61,0.03,0.61,0.19,0.0,0.0,0.0
1948-09-30,0.07,0.22,0.33,0.17,0.48,0.03,0.01,0.0,0.0,0.45,0.44,0.13,0.73,0.72,1.34,0.08,0.16,0.05,0.0,0.0,0.0
1948-10-31,0.2,0.0,0.0,0.05,0.54,0.08,0.04,1.11,0.87,1.06,0.0,0.0,0.22,0.67,1.18,0.07,0.0,0.0,0.0,0.0,0.0
1948-11-30,0.71,0.28,0.42,0.07,0.3,0.3,0.15,2.58,2.03,1.41,0.0,0.0,0.3,0.27,0.38,0.02,0.0,0.0,0.05,0.01,1.84
1948-12-31,0.82,0.28,0.42,0.1,0.47,0.34,0.17,2.88,2.26,1.41,0.0,0.0,0.46,0.42,0.79,0.04,0.0,0.0,0.38,0.08,4.26
1949-01-31,0.73,0.34,0.51,0.08,0.37,0.3,0.15,2.37,1.86,1.0,0.0,0.0,0.35,0.42,0.87,0.05,0.0,0.0,0.56,0.12,5.16
1949-02-28,0.93,0.23,0.35,0.12,0.49,0.39,0.19,0.39,0.31,1.23,2.03,0.57,0.51,0.61,1.46,0.08,0.8,0.25,1.51,0.32,7.08
1949-03-31,3.07,1.16,1.74,0.14,1.28,1.28,0.63,0.84,0.66,2.62,6.98,1.97,0.61,1.66,3.76,0.21,2.03,0.64,7.07,1.5,24.76
1949-04-30,9.69,5.27,7.9,0.69,12.03,4.03,1.98,5.68,4.46,9.6,23.55,6.64,3.02,15.9,43.55,2.45,6.41,2.02,1.25,0.26,36.19
1949-05-31,7.23,11.8,17.71,0.42,23.18,3.01,1.48,13.55,10.64,29.51,53.6,15.12,1.85,33.62,39.58,2.23,7.41,2.34,0.38,0.08,6.54
1949-06-30,1.38,5.37,8.05,0.1,5.76,0.57,0.28,10.63,8.35,21.81,22.68,6.4,0.47,10.27,6.95,0.39,2.62,0.83,0.18,0.04,2.36
1949-07-31,0.37,0.06,0.09,0.17,0.51,0.15,0.08,1.68,1.32,5.03,5.69,1.6,0.74,1.23,0.38,0.02,0.43,0.14,0.02,0.0,0.13
1949-08-31,0.27,0.38,0.57,0.1,0.49,0.11,0.06,0.0,0.0,2.0,2.45,0.69,0.44,1.21,0.59,0.03,0.46,0.15,0.0,0.0,0.0
1949-09-30,0.09,0.03,0.04,0.08,0.42,0.04,0.02,0.0,0.0,0.59,0.55,0.16,0.37,0.65,1.06,0.06,0.2,0.06,0.0,0.0,0.0
1949-10-31,0.17,0.35,0.52,0.07,0.28,0.07,0.03,0.39,0.3,0.83,0.61,0.17,0.31,0.36,0.59,0.03,0.0,0.0,0.0,0.0,0.0
1949-11-30,0.26,0.71,1.06,0.13,0.29,0.11,0.05,3.52,2.77,1.2,0.0,0.0,0.59,0.37,0.53,0.03,0.0,0.0,0.12,0.03,0.0
1949-12-31,0.45,0.49,0.73,0.11,0.4,0.19,0.09,0.55,0.44,0.66,0.68,0.19,0.47,0.4,1.0,0.06,0.51,0.16,0.18,0.04,0.0
1950-01-31,2.13,0.76,1.14,0.12,1.3,0.89,0.44,0.41,0.32,3.14,6.45,1.82,0.53,1.31,3.26,0.18,1.38,0.44,4.7,0.99,10.63
1950-02-28,3.57,0.99,1.49,0.2,2.33,1.49,0.73,0.57,0.44,3.75,9.02,2.54,0.88,2.99,9.53,0.54,2.37,0.75,5.84,1.23,22.73
1950-03-31,4.87,2.49,3.74,0.65,3.72,2.03,1.0,1.2,0.94,3.59,10.48,2.96,2.84,4.85,19.91,1.12,3.05,0.96,2.56,0.54,25.43
1950-04-30,12.28,6.25,9.37,0.84,13.67,5.11,2.51,6.72,5.28,12.3,32.83,9.26,3.73,18.25,45.03,2.54,7.47,2.36,3.1,0.66,63.53
1950-05-31,8.97,11.94,17.9,0.55,26.48,3.73,1.84,19.72,15.5,31.81,58.19,16.41,2.45,37.78,52.81,2.97,8.01,2.53,0.86,0.18,22.63
1950-06-30,2.53,9.71,14.56,0.14,11.3,1.05,0.52,15.93,12.51,31.75,36.62,10.33,0.63,20.0,16.7,0.94,3.7,1.17,0.28,0.06,3.54
1950-07-31,0.7,0.83,1.25,0.1,1.11,0.29,0.14,5.21,4.09,10.05,9.84,2.77,0.42,2.68,1.25,0.07,0.73,0.23,0.03,0.01,2.86
1950-08-31,0.32,1.09,1.64,0.14,0.33,0.13,0.07,0.0,0.0,2.36,3.43,0.97,0.59,0.88,0.7,0.04,0.39,0.12,0.04,0.01,0.0
1950-09-30,0.24,0.29,0.44,0.18,0.4,0.1,0.05,0.52,0.41,1.48,0.79,0.22,0.8,0.42,0.95,0.05,0.49,0.16,0.03,0.01,0.0
1950-10-31,0.39,0.45,0.68,0.08,1.14,0.16,0.08,1.48,1.16,1.7,0.64,0.18,0.36,1.38,3.2,0.18,0.0,0.0,0.12,0.02,0.0
1950-11-30,18.26,7.56,11.34,0.4,17.59,7.6,3.74,12.18,9.57,26.16,27.44,7.74,1.79,22.1,87.87,4.95,11.65,3.68,9.04,1.91,71.77
1950-12-31,19.37,7.76,11.65,1.34,21.13,8.07,3.97,8.92,7.01,27.46,49.46,13.95,5.9,29.2,56.52,3.18,11.95,3.77,11.9,2.52,106.1
1951-01-31,4.37,1.62,2.42,0.73,5.24,1.82,0.89,2.93,2.3,9.41,19.11,5.39,3.21,7.66,9.16,0.52,4.35,1.37,8.56,1.81,26.68
1951-02-28,3.11,2.0,2.99,0.64,5.67,1.29,0.64,2.58,2.03,8.16,26.55,7.49,2.81,8.09,10.4,0.59,0.37,0.12,4.45,0.94,23.57
1951-03-31,2.58,3.02,4.53,0.68,6.52,1.07,0.53,3.12,2.45,9.83,31.48,8.88,3.0,9.3,12.89,0.73,3.11,0.98,6.62,1.4,18.0
1951-04-30,3.56,8.29,12.43,0.3,12.65,1.48,0.73,5.19,4.08,16.73,39.68,11.19,1.31,18.53,25.89,1.46,4.26,1.35,1.33,0.28,12.77
1951-05-31,2.58,11.24,16.86,0.39,13.16,1.07,0.53,12.6,9.9,27.87,47.61,13.43,1.7,22.59,22.57,1.27,3.6,1.14,1.37,0.29,1.42
1951-06-30,1.41,4.5,6.75,0.22,3.12,0.59,0.29,13.38,10.51,24.75,16.66,4.7,0.97,6.96,4.67,0.26,1.88,0.59,0.38,0.08,12.18
1951-07-31,0.77,0.7,1.06,0.19,0.85,0.32,0.16,4.12,3.23,7.91,6.76,1.91,0.85,2.09,1.16,0.07,0.56,0.18,0.14,0.03,0.0
1951-08-31,0.39,1.04,1.56,0.12,0.49,0.16,0.08,1.51,1.19,2.85,0.44,0.12,0.54,1.02,1.34,0.08,0.75,0.24,0.0,0.0,0.0
1951-09-30,0.21,0.6,0.91,0.05,0.37,0.09,0.04,2.61,2.05,1.83,0.0,0.0,0.21,0.37,0.94,0.05,0.0,0.0,0.02,0.01,0.0
1951-10-31,0.39,0.32,0.48,0.13,0.36,0.16,0.08,3.27,2.57,1.86,0.0,0.0,0.6,0.46,0.69,0.04,0.0,0.0,0.04,0.01,0.0
1951-11-30,0.74,0.03,0.04,0.12,0.71,0.31,0.15,0.43,0.33,2.12,3.17,0.9,0.51,0.89,1.49,0.08,0.6,0.19,0.48,0.1,1.35
1951-12-31,3.01,0.26,0.39,0.18,1.84,1.25,0.62,0.46,0.36,2.39,10.42,2.94,0.78,1.68,4.52,0.25,2.01,0.64,5.57,1.18,15.85
1952-01-31,5.07,0.92,1.37,0.3,1.41,2.11,1.04,0.68,0.54,2.12,16.44,4.64,1.34,1.75,3.03,0.17,3.4,1.08,15.54,3.29,39.7
1952-02-29,5.18,1.11,1.67,0.77,2.29,2.16,1.06,0.82,0.64,2.31,13.38,3.77,3.38,2.89,8.46,0.48,3.04,0.96,6.3,1.33,44.85
1952-03-31,7.32,1.95,2.93,0.91,2.32,3.05,1.5,1.42,1.12,3.47,16.32,4.6,4.02,3.21,10.25,0.58,4.69,1.48,13.67,2.89,57.91
1952-04-30,16.88,6.58,9.87,1.9,12.65,7.03,3.46,6.85,5.38,15.95,39.08,11.02,8.38,16.3,60.87,3.43,8.81,2.78,3.73,0.79,100.57
1952-05-31,17.04,19.75,29.63,0.31,40.2,7.1,3.49,15.37,12.08,49.2,115.68,32.63,1.35,56.71,104.33,5.87,14.54,4.59,1.87,0.4,62.2
1952-06-30,5.66,16.18,24.27,0.0,25.94,2.36,1.16,19.22,15.1,50.95,76.06,21.45,0.0,41.14,50.55,2.85,7.26,2.29,0.65,0.14,7.09
1952-07-31,1.77,6.44,9.66,0.01,5.56,0.74,0.36,16.13,12.68,27.61,24.03,6.78,0.03,11.54,9.21,0.52,2.36,0.75,0.48,0.1,6.44
1952-08-31,1.01,1.22,1.83,0.03,0.8,0.42,0.21,2.45,1.93,6.99,10.64,3.0,0.15,2.05,1.32,0.07,1.04,0.33,0.11,0.02,0.0
1952-09-30,0.42,0.24,0.36,0.2,0.66,0.17,0.09,2.66,2.09,3.37,0.0,0.0,0.89,0.79,1.78,0.1,0.0,0.0,0.16,0.03,0.0
1952-10-31,0.22,0.17,0.25,0.31,0.0,0.09,0.05,5.37,4.22,2.4,0.0,0.0,1.38,2.62,0.75,0.04,0.0,0.0,0.15,0.03,0.0
1952-11-30,0.52,0.65,0.97,0.18,1.1,0.22,0.11,1.61,1.26,2.04,0.0,0.0,0.78,0.28,0.45,0.03,0.01,0.0,0.24,0.05,0.0
1952-12-31,1.28,0.87,1.3,0.16,1.44,0.53,0.26,0.34,0.27,2.4,3.21,0.91,0.69,0.16,1.36,0.08,0.84,0.26,1.78,0.38,4.81
1953-01-31,3.72,0.78,1.17,0.22,3.33,1.55,0.76,0.8,0.63,3.44,9.43,2.66,0.97,1.84,9.94,0.56,2.35,0.74,4.84,1.02,25.82
1953-02-28,2.03,1.23,1.85,0.3,3.0,0.85,0.42,0.63,0.49,3.25,3.05,0.86,1.33,2.45,8.43,0.47,1.05,0.33,0.76,0.16,9.06
1953-03-31,3.83,2.31,3.47,0.3,4.15,1.59,0.78,1.21,0.95,4.77,5.54,1.56,1.3,3.08,12.79,0.72,2.17,0.69,1.9,0.4,23.24
1953-04-30,9.94,6.31,9.46,0.27,10.09,4.14,2.04,5.01,3.93,12.86,25.55,7.21,1.19,20.14,41.87,2.36,5.97,1.89,1.39,0.29,45.65
1953-05-31,5.68,5.38,8.07,0.46,14.58,2.37,1.16,8.71,6.84,16.95,32.39,9.14,2.01,19.76,38.18,2.15,5.07,1.6,0.93,0.2,14.35
1953-06-30,3.88,12.64,18.95,0.35,14.53,1.62,0.79,17.01,13.36,34.56,37.48,10.57,1.54,26.96,27.72,1.56,5.76,1.82,0.53,0.11,0.0
1953-07-31,1.1,3.31,4.97,0.07,1.37,0.46,0.23,10.48,8.23,20.44,12.07,3.4,0.29,6.5,3.39,0.19,1.83,0.58,0.11,0.02,7.8
1953-08-31,0.48,1.05,1.58,0.19,0.0,0.2,0.1,1.95,1.54,3.89,2.09,0.59,0.86,1.57,0.66,0.04,0.49,0.16,0.15,0.03,0.0
1953-09-30,0.16,0.26,0.39,0.27,0.32,0.07,0.03,4.23,3.33,2.32,0.0,0.0,1.17,0.29,0.98,0.06,0.0,0.0,0.03,0.01,0.0
1953-10-31,0.26,0.6,0.91,0.12,0.31,0.11,0.05,1.81,1.43,2.03,0.0,0.0,0.51,0.17,0.99,0.06,0.0,0.0,0.09,0.02,0.0
1953-11-30,0.5,0.65,0.98,0.13,0.09,0.21,0.1,0.24,0.19,2.03,0.89,0.25,0.58,0.47,1.22,0.07,0.4,0.13,0.24,0.05,0.0
1953-12-31,0.65,0.0,0.0,0.12,1.46,0.27,0.13,0.26,0.21,2.07,0.93,0.26,0.53,0.76,1.66,0.09,0.4,0.13,0.41,0.09,0.14
1954-01-31,0.99,0.37,0.56,0.12,1.51,0.41,0.2,0.42,0.33,1.71,2.56,0.72,0.52,0.49,2.39,0.13,0.64,0.2,1.19,0.25,5.26
1954-02-28,2.14,0.51,0.77,0.18,2.39,0.89,0.44,0.52,0.41,2.05,5.64,1.59,0.82,1.12,6.62,0.37,1.46,0.46,2.39,0.5,13.68
1954-03-31,7.48,2.17,3.25,0.43,5.66,3.11,1.53,1.74,1.37,5.69,16.15,4.56,1.92,8.9,22.29,1.26,4.4,1.39,4.11,0.87,50.69
1954-04-30,11.4,6.69,10.04,0.96,15.85,4.75,2.33,5.72,4.49,15.35,43.09,12.15,4.23,22.94,44.34,2.5,7.99,2.52,1.79,0.38,52.78
1954-05-31,4.85,14.38,21.57,0.56,15.26,2.02,0.99,19.48,15.3,30.08,47.84,13.49,2.45,26.25,32.15,1.81,5.92,1.87,0.59,0.12,8.45
1954-06-30,1.09,4.52,6.77,0.08,2.92,0.45,0.22,10.63,8.35,14.93,15.75,4.44,0.37,6.86,5.12,0.29,1.95,0.62,0.38,0.08,4.78
1954-07-31,0.47,0.94,1.41,0.2,0.0,0.2,0.1,3.18,2.5,4.49,6.66,1.88,0.87,2.24,1.1,0.06,0.57,0.18,0.03,0.01,0.0
1954-08-31,0.22,1.01,1.51,0.18,1.25,0.09,0.05,1.54,1.21,2.08,0.0,0.0,0.81,1.19,0.86,0.05,0.0,0.0,0.15,0.03,0.0
1954-09-30,0.18,0.2,0.3,0.02,1.14,0.07,0.04,4.41,3.47,1.5,0.0,0.0,0.09,0.0,0.56,0.03,0.0,0.0,0.04,0.01,0.0
1954-10-31,0.21,0.0,0.0,0.01,0.81,0.09,0.04,0.7,0.55,1.38,0.31,0.09,0.03,0.0,0.34,0.02,0.0,0.0,0.03,0.01,0.0
1954-11-30,0.5,0.0,0.0,0.07,0.31,0.21,0.1,0.23,0.18,1.54,1.11,0.31,0.3,0.0,0.72,0.04,0.39,0.12,0.12,0.03,0.96
1954-12-31,1.22,0.0,0.0,0.11,1.34,0.51,0.25,0.28,0.22,1.78,3.83,1.08,0.51,0.06,3.26,0.18,0.81,0.26,2.22,0.47,5.08
1955-01-31,1.85,0.54,0.81,0.23,1.42,0.77,0.38,0.4,0.31,1.53,5.08,1.43,1.01,0.15,2.24,0.13,1.26,0.4,5.23,1.11,11.22
1955-02-28,1.84,0.73,1.09,0.17,1.79,0.77,0.38,0.52,0.41,1.73,4.03,1.14,0.73,1.34,5.39,0.3,1.07,0.34,2.0,0.42,11.53
1955-03-31,2.86,2.07,3.1,0.19,3.3,1.19,0.59,1.21,0.95,2.93,4.65,1.31,0.85,3.81,11.59,0.65,1.76,0.56,1.49,0.32,12.28
1955-04-30,5.3,4.17,6.25,0.29,4.22,2.21,1.09,3.99,3.13,5.75,10.29,2.9,1.3,10.29,18.0,1.01,2.89,0.91,1.35,0.29,24.41
1955-05-31,6.66,7.52,11.28,0.0,16.29,2.77,1.36,10.45,8.21,19.61,44.4,12.52,0.0,25.19,38.48,2.17,6.3,1.99,0.9,0.19,17.32
1955-06-30,2.12,8.12,12.17,0.15,6.41,0.88,0.43,14.96,11.75,23.06,26.19,7.39,0.65,12.82,8.5,0.48,3.36,1.06,0.26,0.05,7.11
1955-07-31,0.47,1.22,1.83,0.1,1.92,0.2,0.1,3.19,2.5,4.99,7.52,2.12,0.44,0.99,0.76,0.04,0.64,0.2,0.01,0.0,0.0
1955-08-31,0.27,1.04,1.56,0.12,0.24,0.11,0.06,1.49,1.17,1.93,0.27,0.08,0.54,2.6,0.36,0.02,0.37,0.12,0.09,0.02,0.0
1955-09-30,0.04,0.0,0.0,0.07,2.15,0.02,0.01,4.28,3.37,1.34,0.0,0.0,0.29,0.0,0.8,0.05,0.0,0.0,0.05,0.01,0.0
1955-10-31,0.16,0.0,0.0,0.06,0.51,0.07,0.03,0.11,0.09,1.32,0.47,0.13,0.29,0.0,0.0,0.0,0.0,0.0,0.03,0.01,0.0
1955-11-30,0.34,0.19,0.29,0.06,0.22,0.14,0.07,0.13,0.1,1.5,2.19,0.62,0.27,0.0,0.35,0.02,0.0,0.0,0.03,0.01,0.54
1955-12-31,18.11,2.5,3.75,1.05,7.59,7.54,3.71,3.09,2.43,13.18,50.36,14.2,4.62,18.26,68.39,3.85,12.02,3.8,18.79,3.98,102.77
1956-01-31,14.18,3.8,5.7,1.61,7.17,5.9,2.9,2.92,2.29,8.13,36.27,10.23,7.1,8.34,35.09,1.98,8.76,2.77,16.06,3.4,89.52
1956-02-29,4.97,1.62,2.43,0.61,5.23,2.07,1.02,1.49,1.17,5.07,14.45,4.08,2.71,3.79,13.87,0.78,2.0,0.63,3.97,0.84,30.6
1956-03-31,4.4,3.91,5.87,0.5,7.97,1.83,0.9,2.19,1.72,7.54,21.77,6.14,2.23,9.3,20.38,1.15,4.13,1.3,2.24,0.47,18.31
1956-04-30,7.21,9.19,13.78,0.41,13.78,3.0,1.48,8.03,6.31,16.21,31.7,8.94,1.8,20.35,39.21,2.21,4.11,1.3,1.41,0.3,21.79
1956-05-31,8.04,16.12,24.18,0.79,25.51,3.35,1.65,21.39,16.81,38.2,75.74,21.36,3.48,40.87,70.18,3.95,9.14,2.89,2.1,0.44,14.23
1956-06-30,3.42,16.11,24.16,0.0,15.96,1.42,0.7,25.29,19.87,50.41,43.36,12.23,0.0,31.63,26.96,1.52,4.85,1.53,0.58,0.12,3.3
1956-07-31,1.29,3.35,5.02,0.0,1.73,0.54,0.26,14.46,11.36,21.55,11.89,3.35,0.0,6.21,2.91,0.16,1.25,0.4,0.32,0.07,6.9
1956-08-31,0.71,1.16,1.73,0.12,0.82,0.3,0.15,1.95,1.53,5.65,4.88,1.38,0.54,0.99,0.73,0.04,0.63,0.2,0.0,0.0,0.0
1956-09-30,0.47,0.39,0.59,0.16,0.7,0.2,0.1,2.77,2.18,2.99,0.0,0.0,0.71,0.8,0.88,0.05,0.0,0.0,0.0,0.0,0.0
1956-10-31,0.45,0.27,0.41,0.21,0.8,0.19,0.09,6.15,4.83,2.8,0.0,0.0,0.9,1.23,0.95,0.05,0.0,0.0,0.11,0.02,0.0
1956-11-30,0.93,0.55,0.83,0.14,2.73,0.39,0.19,1.18,0.93,2.71,0.34,0.09,0.64,0.08,0.37,0.02,0.51,0.16,0.22,0.05,1.24
1956-12-31,0.64,0.22,0.33,0.09,1.67,0.27,0.13,0.31,0.24,2.59,0.57,0.16,0.41,0.59,0.93,0.05,0.41,0.13,0.31,0.07,2.31
1957-01-31,0.69,0.69,1.04,0.15,0.96,0.29,0.14,0.48,0.38,1.72,1.04,0.29,0.66,0.41,1.12,0.06,0.37,0.12,0.58,0.12,3.31
1957-02-28,3.02,1.06,1.59,0.04,2.36,1.26,0.62,0.7,0.55,3.14,7.1,2.0,0.18,3.06,11.67,0.66,1.96,0.62,1.66,0.35,18.72
1957-03-31,6.0,2.14,3.21,0.33,5.08,2.5,1.23,1.19,0.94,4.59,12.81,3.61,1.47,7.31,21.26,1.2,3.71,1.17,4.82,1.02,33.83
1957-04-30,6.8,4.22,6.34,0.25,11.01,2.83,1.39,4.66,3.66,9.27,14.23,4.01,1.09,17.43,27.75,1.56,3.49,1.1,0.79,0.17,22.56
1957-05-31,8.01,9.56,14.34,0.31,17.77,3.34,1.64,11.24,8.83,20.82,56.6,15.97,1.35,30.02,45.8,2.58,7.75,2.45,1.6,0.34,24.74
1957-06-30,2.73,10.92,16.38,0.0,8.65,1.14,0.56,19.11,15.01,31.58,27.75,7.83,0.0,20.43,13.79,0.78,3.97,1.25,0.42,0.09,7.31
1957-07-31,0.5,1.09,1.63,0.12,1.03,0.21,0.1,4.86,3.82,6.93,8.53,2.4,0.5,1.8,1.69,0.1,0.7,0.22,0.15,0.03,2.22
1957-08-31,0.33,0.48,0.73,0.12,2.51,0.14,0.07,0.0,0.0,2.5,4.9,1.38,0.55,0.0,0.47,0.03,0.35,0.11,0.03,0.01,0.0
1957-09-30,0.31,0.44,0.66,0.11,2.01,0.13,0.06,0.0,0.0,1.81,2.25,0.64,0.5,0.12,0.92,0.05,0.64,0.2,0.04,0.01,0.0
1957-10-31,0.48,0.22,0.34,0.05,0.0,0.2,0.1,0.0,0.0,1.99,3.22,0.91,0.2,2.09,0.42,0.02,0.06,0.02,0.06,0.01,0.0
1957-11-30,0.73,0.46,0.69,0.08,0.24,0.3,0.15,3.91,3.07,1.95,0.0,0.0,0.35,0.0,0.29,0.02,0.0,0.0,0.13,0.03,0.58
1957-12-31,1.12,0.29,0.44,0.09,1.25,0.47,0.23,6.95,5.46,2.06,0.0,0.0,0.41,0.2,2.32,0.13,0.0,0.0,0.56,0.12,0.0
1958-01-31,1.64,0.67,1.01,0.16,1.29,0.68,0.34,0.47,0.37,2.01,5.01,1.41,0.7,0.28,2.67,0.15,1.08,0.34,3.07,0.65,11.29
1958-02-28,5.67,0.94,1.4,0.28,2.15,2.36,1.16,0.53,0.42,2.6,16.73,4.72,1.26,2.97,16.1,0.91,3.55,1.12,10.61,2.25,40.97
1958-03-31,8.7,1.86,2.79,1.26,3.17,3.62,1.78,0.91,0.71,3.04,21.27,6.0,5.55,3.07,14.7,0.83,5.06,1.6,12.59,2.66,74.36
1958-04-30,14.6,4.63,6.94,1.66,7.87,6.08,2.99,4.24,3.33,8.94,35.31,9.96,7.32,13.38,36.34,2.05,8.28,2.61,20.7,4.38,89.52
1958-05-31,16.36,17.42,26.12,1.0,29.22,6.81,3.35,20.85,16.38,43.75,102.24,28.84,4.4,53.36,104.02,5.86,13.81,4.36,1.77,0.37,72.97
1958-06-30,4.72,16.54,24.8,0.31,18.96,1.97,0.97,22.62,17.78,40.77,62.22,17.55,1.38,30.59,49.51,2.79,7.2,2.27,0.8,0.17,2.76
1958-07-31,1.27,4.93,7.39,0.0,4.45,0.53,0.26,12.62,9.91,17.51,17.86,5.04,0.0,6.41,5.59,0.31,1.92,0.61,0.34,0.07,4.91
1958-08-31,0.97,1.21,1.81,0.1,1.7,0.4,0.2,3.08,2.42,5.05,7.21,2.03,0.42,0.6,0.99,0.06,1.13,0.36,0.19,0.04,0.0
1958-09-30,0.21,0.0,0.0,0.16,0.31,0.09,0.04,5.67,4.46,2.6,0.0,0.0,0.7,1.2,1.28,0.07,0.0,0.0,0.0,0.0,0.0
1958-10-31,0.56,0.0,0.0,0.0,0.24,0.23,0.11,3.26,2.56,2.1,0.0,0.0,0.0,1.2,0.52,0.03,0.0,0.0,0.09,0.02,0.0
1958-11-30,0.57,0.0,0.0,0.04,0.39,0.24,0.12,0.35,0.28,1.86,0.87,0.25,0.18,0.0,0.44,0.02,0.43,0.14,0.16,0.03,2.81
1958-12-31,0.36,0.53,0.79,0.06,0.64,0.15,0.07,0.33,0.26,1.71,0.0,0.0,0.25,0.12,0.44,0.02,0.14,0.04,0.24,0.05,0.54
1959-01-31,1.82,1.01,1.52,0.07,2.35,0.76,0.37,0.49,0.38,2.55,4.45,1.26,0.29,0.27,5.28,0.3,1.33,0.42,1.05,0.22,10.79
1959-02-28,3.45,1.34,2.02,0.13,2.85,1.44,0.71,0.49,0.38,2.63,8.44,2.38,0.57,2.33,7.23,0.41,2.41,0.76,5.48,1.16,21.01
1959-03-31,4.61,2.35,3.52,0.19,6.02,1.92,0.94,1.14,0.89,4.41,12.18,3.44,0.84,7.38,16.61,0.94,3.14,0.99,0.86,0.18,18.56
1959-04-30,5.02,4.99,7.49,0.0,10.49,2.09,1.03,6.1,4.79,11.05,28.93,8.16,0.0,19.3,26.29,1.48,4.14,1.31,0.45,0.09,14.16
1959-05-31,2.21,7.9,11.85,0.15,11.21,0.92,0.45,6.46,5.08,15.16,25.01,7.05,0.67,15.52,12.12,0.68,3.15,0.99,0.2,0.04,0.0
1959-06-30,0.81,3.33,4.99,0.14,7.17,0.34,0.17,9.95,7.82,13.36,8.51,2.4,0.62,6.62,0.7,0.04,1.53,0.48,0.16,0.03,0.93
1959-07-31,0.22,0.28,0.42,0.13,1.27,0.09,0.05,2.16,1.7,2.65,4.59,1.29,0.6,1.77,0.67,0.04,0.35,0.11,0.1,0.02,0.0
1959-08-31,0.05,0.75,1.13,0.0,0.0,0.02,0.01,0.96,0.75,1.49,0.0,0.0,0.01,1.19,0.07,0.0,0.0,0.0,0.09,0.02,0.0
1959-09-30,0.44,0.67,1.01,0.0,0.38,0.18,0.09,5.59,4.39,1.74,0.0,0.0,0.0,0.0,0.44,0.02,0.0,0.0,0.05,0.01,0.0
1959-10-31,0.25,0.48,0.71,0.03,0.0,0.1,0.05,3.55,2.79,1.44,0.0,0.0,0.11,0.44,0.0,0.0,0.0,0.0,0.04,0.01,0.0
1959-11-30,0.28,0.47,0.7,0.07,0.0,0.12,0.06,0.0,0.0,1.22,0.31,0.09,0.29,0.0,0.0,0.0,0.26,0.08,0.06,0.01,0.0
1959-12-31,0.3,0.0,0.0,0.03,0.58,0.12,0.06,0.34,0.27,1.25,0.0,0.0,0.15,0.08,0.32,0.02,0.07,0.02,0.11,0.02,0.32
1960-01-31,0.69,0.55,0.82,0.09,1.15,0.29,0.14,0.48,0.38,1.48,1.55,0.44,0.42,0.13,0.39,0.02,0.47,0.15,0.4,0.08,4.41
1960-02-29,3.04,0.69,1.04,0.15,2.05,1.27,0.62,0.39,0.31,1.98,8.97,2.53,0.68,0.24,8.61,0.48,2.04,0.64,3.47,0.73,22.46
1960-03-31,5.38,1.8,2.71,0.17,4.79,2.24,1.1,1.07,0.84,4.23,13.3,3.75,0.76,8.38,25.42,1.43,3.4,1.07,0.98,0.21,22.72
1960-04-30,6.3,5.0,7.5,0.0,13.36,2.62,1.29,6.95,5.46,11.97,25.74,7.26,0.0,17.02,30.12,1.7,4.44,1.4,0.72,0.15,20.92
1960-05-31,2.9,8.96,13.44,0.27,12.14,1.21,0.59,10.39,8.16,18.63,33.68,9.5,1.17,16.48,23.89,1.34,4.27,1.35,0.46,0.1,0.0
1960-06-30,0.88,3.98,5.97,0.09,2.23,0.37,0.18,10.18,8.0,13.69,11.49,3.24,0.4,5.44,3.88,0.22,1.52,0.48,0.03,0.01,1.31
1960-07-31,0.35,0.67,1.0,0.14,0.18,0.15,0.07,2.45,1.92,2.52,1.14,0.32,0.63,2.42,0.92,0.05,0.38,0.12,0.09,0.02,0.0
1960-08-31,0.06,1.18,1.77,0.04,0.95,0.02,0.01,0.61,0.48,1.34,0.0,0.0,0.18,0.11,0.3,0.02,0.0,0.0,0.09,0.02,0.0
1960-09-30,0.03,0.21,0.31,0.0,0.98,0.01,0.01,0.4,0.32,1.14,0.0,0.0,0.0,0.0,0.05,0.0,0.0,0.0,0.08,0.02,0.0
1960-10-31,0.0,0.0,0.0,-0.0,0.95,0.0,0.0,2.79,2.19,1.23,0.0,0.0,-0.0,0.0,0.21,0.01,0.0,0.0,0.04,0.01,0.0
1960-11-30,0.57,0.05,0.07,0.0,0.52,0.24,0.12,0.06,0.05,1.33,2.67,0.75,0.0,0.0,0.21,0.01,0.4,0.13,0.04,0.01,1.99
1960-12-31,0.57,0.19,0.28,0.0,1.31,0.24,0.12,0.1,0.08,1.55,1.57,0.44,0.0,0.0,2.15,0.12,0.41,0.13,0.24,0.05,1.29
1961-01-31,0.5,0.57,0.86,0.0,1.25,0.21,0.1,0.1,0.08,1.4,1.07,0.3,0.0,0.03,1.2,0.07,0.34,0.11,0.15,0.03,1.9
1961-02-28,1.23,0.65,0.98,0.0,2.16,0.51,0.25,0.18,0.14,1.81,2.75,0.77,0.0,0.66,4.16,0.23,0.82,0.26,0.31,0.07,7.38
1961-03-31,2.46,1.46,2.18,0.0,2.93,1.02,0.5,0.38,0.3,2.48,5.6,1.58,0.0,3.82,7.74,0.44,1.66,0.52,0.73,0.16,14.0
1961-04-30,4.96,4.33,6.5,-0.0,7.75,2.07,1.02,5.94,4.67,8.3,13.41,3.78,-0.0,13.93,21.22,1.19,3.6,1.14,0.38,0.08,12.73
1961-05-31,2.74,5.99,8.99,-0.0,9.91,1.14,0.56,7.82,6.14,14.52,26.27,7.41,-0.0,16.42,16.72,0.94,3.22,1.02,0.26,0.06,0.0
1961-06-30,0.7,2.86,4.29,0.0,2.4,0.29,0.14,7.82,6.14,12.14,9.8,2.77,0.0,5.55,3.62,0.2,1.42,0.45,0.09,0.02,0.0
1961-07-31,0.09,0.87,1.31,0.0,2.39,0.04,0.02,1.58,1.24,2.43,0.36,0.1,0.0,0.19,0.38,0.02,0.1,0.03,0.1,0.02,0.0
1961-08-31,0.14,1.41,2.11,-0.0,1.31,0.06,0.03,0.6,0.47,1.42,1.58,0.44,-0.0,0.0,0.0,0.0,0.16,0.05,0.1,0.02,0.0
1961-09-30,0.16,0.23,0.35,-0.0,0.0,0.07,0.03,0.79,0.62,1.12,0.37,0.1,-0.0,0.67,0.0,0.0,0.29,0.09,0.06,0.01,0.0
1961-10-31,0.11,0.01,0.02,0.14,0.0,0.05,0.02,1.21,0.95,1.24,0.0,0.0,0.61,0.85,0.0,0.0,0.0,0.0,0.05,0.01,0.0
1961-11-30,0.23,0.07,0.1,0.08,0.0,0.1,0.05,0.0,0.0,1.26,1.49,0.42,0.33,0.29,0.19,0.01,0.0,0.0,0.02,0.0,0.0
1961-12-31,0.5,0.08,0.12,0.12,1.13,0.21,0.1,0.43,0.34,1.63,0.66,0.19,0.5,0.4,1.14,0.06,0.48,0.15,0.21,0.04,0.0
1962-01-31,0.63,0.28,0.43,0.14,1.49,0.26,0.13,0.45,0.35,1.3,1.07,0.3,0.63,0.49,1.05,0.06,0.39,0.12,0.29,0.06,1.22
1962-02-28,4.63,0.78,1.16,0.29,2.17,1.93,0.95,0.63,0.49,1.84,15.31,4.32,1.28,1.01,9.4,0.53,3.2,1.01,10.77,2.28,32.66
1962-03-31,3.88,1.95,2.92,0.59,2.96,1.62,0.79,0.75,0.59,1.86,9.43,2.66,2.59,2.97,9.19,0.52,2.47,0.78,4.74,1.0,25.81
1962-04-30,12.87,6.33,9.49,0.54,18.71,5.36,2.64,8.34,6.55,16.58,31.6,8.91,2.38,27.96,52.3,2.94,8.28,2.61,0.95,0.2,54.96
1962-05-31,6.62,11.09,16.63,0.17,19.95,2.76,1.36,12.92,10.15,22.31,46.65,13.16,0.75,28.67,46.81,2.64,6.02,1.9,0.41,0.09,4.96
1962-06-30,2.99,12.51,18.77,0.14,11.55,1.24,0.61,20.56,16.16,32.35,31.43,8.86,0.63,23.22,19.26,1.08,4.33,1.37,0.0,0.0,1.15
1962-07-31,0.91,1.72,2.58,0.03,0.6,0.38,0.19,8.31,6.53,10.75,11.42,3.22,0.15,3.55,1.66,0.09,1.04,0.33,0.09,0.02,4.3
1962-08-31,0.27,1.09,1.63,0.08,0.36,0.11,0.06,2.11,1.66,3.09,0.0,0.0,0.38,1.9,0.97,0.05,0.0,0.0,0.08,0.02,0.0
1962-09-30,0.13,0.41,0.61,0.13,1.51,0.05,0.03,1.46,1.15,1.71,0.0,0.0,0.59,0.0,0.52,0.03,0.0,0.0,0.04,0.01,0.0
1962-10-31,0.55,0.0,0.0,0.0,1.56,0.23,0.11,4.25,3.34,1.99,0.0,0.0,0.0,0.55,2.36,0.13,0.0,0.0,0.23,0.05,0.0
1962-11-30,0.45,0.3,0.45,0.13,0.19,0.19,0.09,0.48,0.37,1.56,0.0,0.0,0.57,0.11,0.49,0.03,0.43,0.13,0.14,0.03,0.0
1962-12-31,1.05,0.32,0.48,0.08,1.18,0.44,0.22,0.44,0.34,1.8,2.63,0.74,0.34,0.95,3.5,0.2,0.69,0.22,0.47,0.1,1.99
1963-01-31,3.2,0.77,1.15,0.0,1.68,1.33,0.66,0.67,0.53,2.68,10.37,2.93,0.0,3.98,20.11,1.13,2.3,0.73,2.75,0.58,10.0
1963-02-28,11.0,2.52,3.78,0.33,7.53,4.58,2.25,2.35,1.84,10.59,22.11,6.23,1.43,16.82,44.85,2.53,6.96,2.2,6.0,1.27,60.55
1963-03-31,3.47,1.84,2.77,0.31,4.96,1.44,0.71,1.71,1.34,5.26,6.11,1.72,1.37,5.04,11.19,0.63,1.86,0.59,3.81,0.81,13.96
1963-04-30,7.27,4.58,6.87,1.17,7.42,3.03,1.49,3.21,2.52,6.94,23.59,6.65,5.16,9.49,25.55,1.44,4.25,1.34,9.84,2.08,30.75
1963-05-31,11.27,15.4,23.1,0.89,20.89,4.69,2.31,16.51,12.98,33.95,83.26,23.48,3.92,37.49,64.0,3.6,10.12,3.19,2.21,0.47,48.91
1963-06-30,2.9,11.86,17.79,0.22,9.72,1.21,0.59,18.79,14.76,35.55,37.78,10.66,0.95,19.86,16.53,0.93,4.08,1.29,0.66,0.14,14.71
1963-07-31,0.88,2.05,3.08,0.0,0.74,0.37,0.18,9.99,7.85,14.68,8.69,2.45,0.01,3.64,2.36,0.13,0.91,0.29,0.19,0.04,6.35
1963-08-31,0.45,1.19,1.78,0.11,0.0,0.19,0.09,2.53,1.99,3.6,1.61,0.45,0.5,2.32,0.45,0.03,0.37,0.12,0.05,0.01,0.0
1963-09-30,0.34,0.34,0.51,0.14,1.12,0.14,0.07,1.45,1.14,2.31,0.0,0.0,0.63,0.4,1.02,0.06,0.6,0.19,0.03,0.01,0.0
1963-10-31,0.43,0.0,0.0,0.07,2.01,0.18,0.09,3.57,2.8,2.16,0.0,0.0,0.33,0.04,1.26,0.07,0.0,0.0,0.18,0.04,0.0
1963-11-30,2.41,0.35,0.53,0.04,3.35,1.0,0.49,1.04,0.82,3.78,6.28,1.77,0.2,3.37,9.52,0.54,1.75,0.55,1.53,0.32,6.56
1963-12-31,1.42,0.74,1.11,0.23,3.4,0.59,0.29,0.72,0.57,3.21,1.42,0.4,1.01,4.35,5.98,0.34,0.85,0.27,0.39,0.08,0.2
1964-01-31,1.83,1.21,1.81,0.16,2.57,0.76,0.37,0.53,0.42,2.62,3.22,0.91,0.72,2.62,3.51,0.2,1.17,0.37,2.83,0.6,7.39
1964-02-29,1.63,0.86,1.28,0.13,2.9,0.68,0.33,0.59,0.46,2.46,2.33,0.66,0.56,2.58,5.48,0.31,1.09,0.34,0.85,0.18,6.45
1964-03-31,2.67,1.8,2.7,0.18,4.2,1.11,0.55,0.73,0.57,3.09,6.31,1.78,0.81,2.83,8.8,0.5,1.62,0.51,1.09,0.23,12.4
1964-04-30,5.28,4.53,6.79,0.06,7.02,2.2,1.08,4.35,3.41,8.25,18.21,5.14,0.29,11.66,25.49,1.44,4.04,1.28,0.95,0.2,19.34
1964-05-31,4.44,8.5,12.75,0.08,13.45,1.85,0.91,10.88,8.55,19.13,36.29,10.24,0.36,19.83,29.87,1.68,4.31,1.36,0.58,0.12,3.12
1964-06-30,1.29,5.71,8.56,0.03,5.88,0.54,0.26,10.48,8.23,17.86,22.11,6.24,0.13,9.93,10.58,0.6,2.25,0.71,0.25,0.05,0.0
1964-07-31,0.34,0.76,1.14,0.1,0.1,0.14,0.07,3.27,2.57,4.8,4.04,1.14,0.46,2.06,1.59,0.09,0.38,0.12,0.0,0.0,0.0
1964-08-31,0.17,1.21,1.81,0.11,1.02,0.07,0.03,0.83,0.65,1.79,0.59,0.17,0.47,1.6,0.54,0.03,0.16,0.05,0.01,0.0,0.0
1964-09-30,0.18,0.46,0.7,0.04,1.47,0.07,0.04,0.49,0.38,1.23,0.44,0.12,0.2,0.0,0.94,0.05,0.37,0.12,0.01,0.0,0.0
1964-10-31,0.18,0.0,0.0,0.0,0.33,0.07,0.04,0.98,0.77,1.17,0.0,0.0,0.0,0.0,0.05,0.0,0.0,0.0,0.02,0.0,0.0
1964-11-30,0.97,0.23,0.35,0.05,0.53,0.4,0.2,0.73,0.57,1.9,4.86,1.37,0.22,0.0,1.62,0.09,0.58,0.18,0.81,0.17,4.35
1964-12-31,18.4,4.59,6.89,0.55,10.38,7.66,3.77,3.29,2.59,17.31,44.72,12.61,2.43,24.42,88.2,4.97,11.94,3.77,14.79,3.13,80.68
1965-01-31,11.45,2.81,4.22,1.13,4.74,4.77,2.34,8.15,6.4,8.09,21.32,6.01,4.99,6.33,30.23,1.7,6.92,2.19,12.06,2.55,73.24
1965-02-28,4.84,1.97,2.96,0.48,4.75,2.02,0.99,1.4,1.1,5.81,15.41,4.35,2.14,5.1,19.17,1.08,1.89,0.6,2.02,0.43,26.86
1965-03-31,3.68,3.07,4.61,0.3,6.91,1.53,0.75,1.6,1.26,6.64,18.38,5.18,1.34,7.4,18.97,1.07,3.71,1.17,1.95,0.41,14.92
1965-04-30,7.69,7.66,11.49,0.58,14.18,3.2,1.57,4.84,3.81,12.52,53.09,14.98,2.56,18.8,41.94,2.36,4.71,1.49,7.34,1.55,33.22
1965-05-31,6.25,12.17,18.26,0.34,22.12,2.6,1.28,13.92,10.94,30.37,62.51,17.63,1.48,32.91,56.28,3.17,7.27,2.29,1.28,0.27,9.56
1965-06-30,3.02,12.86,19.3,0.06,14.65,1.26,0.62,18.97,14.91,37.87,45.29,12.78,0.27,25.41,26.36,1.48,4.04,1.28,0.58,0.12,4.14
1965-07-31,1.2,3.83,5.74,0.0,2.23,0.5,0.25,13.73,10.79,20.78,11.61,3.27,0.0,6.71,3.29,0.19,1.47,0.46,0.36,0.08,10.79
1965-08-31,0.98,1.35,2.03,0.0,0.99,0.41,0.2,6.05,4.75,7.9,7.29,2.06,0.0,3.11,2.72,0.15,0.87,0.28,0.25,0.05,0.0
1965-09-30,0.45,0.49,0.73,0.1,0.0,0.19,0.09,1.78,1.4,3.62,0.0,0.0,0.46,1.95,1.01,0.06,0.55,0.17,0.05,0.01,0.0
1965-10-31,0.32,0.0,0.0,0.03,1.23,0.13,0.07,3.32,2.61,2.54,0.0,0.0,0.13,0.75,1.18,0.07,0.0,0.0,0.16,0.03,0.0
1965-11-30,2.36,1.05,1.58,0.1,0.79,0.98,0.48,0.31,0.24,2.7,7.56,2.13,0.44,0.1,7.79,0.44,1.59,0.5,1.24,0.26,12.09
1965-12-31,1.87,0.82,1.23,0.35,1.44,0.78,0.38,0.25,0.2,2.27,3.92,1.1,1.53,1.14,4.46,0.25,1.2,0.38,2.26,0.48,10.23
1966-01-31,2.13,1.16,1.74,0.39,1.78,0.89,0.44,0.07,0.06,2.08,4.76,1.34,1.74,1.04,4.23,0.24,1.27,0.4,2.23,0.47,13.23
1966-02-28,2.08,1.28,1.92,0.25,2.02,0.87,0.43,0.51,0.4,1.72,3.97,1.12,1.1,1.08,4.25,0.24,1.25,0.39,2.42,0.51,12.72
1966-03-31,5.32,2.43,3.65,0.22,7.73,2.22,1.09,2.29,1.8,5.36,11.78,3.32,0.95,7.78,22.28,1.25,3.09,0.98,1.04,0.22,20.49
1966-04-30,6.27,6.44,9.66,0.0,18.0,2.61,1.28,9.4,7.38,16.67,36.44,10.28,0.0,23.88,34.61,1.95,5.68,1.79,0.59,0.12,20.8
1966-05-31,2.67,11.01,16.52,0.12,11.58,1.11,0.55,14.94,11.74,26.54,26.69,7.53,0.54,21.19,13.13,0.74,4.14,1.31,0.27,0.06,0.48
1966-06-30,0.52,1.52,2.28,0.14,1.33,0.22,0.11,5.8,4.55,9.52,6.05,1.71,0.63,3.09,1.72,0.1,0.86,0.27,0.11,0.02,2.35
1966-07-31,0.32,0.72,1.08,0.16,1.53,0.13,0.07,1.94,1.52,2.81,2.37,0.67,0.71,0.2,0.39,0.02,0.32,0.1,0.1,0.02,0.0
1966-08-31,0.16,0.87,1.3,0.07,1.84,0.07,0.03,0.89,0.7,1.48,0.0,0.0,0.31,0.01,0.17,0.01,0.0,0.0,0.16,0.03,0.0
1966-09-30,0.06,0.39,0.59,0.0,0.18,0.02,0.01,5.22,4.1,1.21,0.0,0.0,0.0,0.66,0.49,0.03,0.0,0.0,0.1,0.02,0.0
1966-10-31,0.12,0.0,0.0,0.0,0.0,0.05,0.02,0.0,0.0,1.18,0.34,0.1,0.0,0.55,0.11,0.01,0.0,0.0,0.0,0.0,0.0
1966-11-30,1.06,0.38,0.57,0.04,1.02,0.44,0.22,0.21,0.17,1.96,6.67,1.88,0.16,0.36,4.3,0.24,0.56,0.18,0.44,0.09,2.09
1966-12-31,5.64,0.99,1.49,0.19,3.48,2.35,1.15,0.71,0.56,3.65,20.33,5.74,0.83,6.85,21.39,1.2,3.48,1.1,4.2,0.89,26.74
1967-01-31,4.4,1.37,2.05,0.41,2.38,1.83,0.9,0.66,0.52,2.43,11.5,3.24,1.78,2.97,9.05,0.51,3.12,0.98,8.77,1.86,29.27
1967-02-28,3.96,1.41,2.12,0.48,3.12,1.65,0.81,0.78,0.62,3.24,8.97,2.53,2.1,4.36,15.59,0.88,2.34,0.74,2.57,0.54,23.38
1967-03-31,10.17,2.95,4.42,1.04,6.88,4.23,2.08,1.54,1.21,7.05,21.77,6.14,4.58,13.11,36.57,2.06,6.43,2.03,7.19,1.52,57.3
1967-04-30,9.1,3.75,5.63,0.88,4.91,3.79,1.86,2.77,2.18,5.11,24.87,7.02,3.88,6.06,16.01,0.9,5.54,1.75,16.12,3.41,59.4
1967-05-31,17.61,12.09,18.13,1.7,22.53,7.33,3.61,15.0,11.79,31.35,85.34,24.07,7.5,37.82,72.57,4.09,11.08,3.5,3.85,0.81,106.42
1967-06-30,8.75,18.75,28.13,0.5,26.2,3.64,1.79,26.32,20.68,52.48,101.29,28.57,2.19,46.45,59.82,3.37,9.96,3.15,1.15,0.24,48.76
1967-07-31,2.56,11.07,16.61,0.05,7.2,1.07,0.52,23.24,18.26,38.74,33.88,9.56,0.21,17.88,9.9,0.56,3.53,1.12,0.32,0.07,17.63
1967-08-31,0.92,1.24,1.86,0.12,0.26,0.38,0.19,7.3,5.73,7.77,5.11,1.44,0.54,1.64,1.38,0.08,0.66,0.21,0.22,0.05,0.08
1967-09-30,0.61,0.44,0.66,0.17,0.22,0.25,0.12,2.42,1.9,3.45,0.6,0.17,0.77,2.43,1.5,0.08,1.31,0.41,0.01,0.0,0.0
1967-10-31,0.39,0.38,0.57,0.15,1.92,0.16,0.08,3.23,2.54,2.37,0.0,0.0,0.64,0.11,1.31,0.07,0.0,0.0,0.18,0.04,0.0
1967-11-30,0.59,0.51,0.76,0.13,1.26,0.25,0.12,0.0,0.0,1.94,1.08,0.3,0.59,0.0,0.59,0.03,0.36,0.11,0.28,0.06,0.0
1967-12-31,0.64,0.32,0.49,0.1,2.25,0.27,0.13,0.61,0.48,2.43,0.34,0.1,0.42,0.04,1.52,0.09,0.36,0.11,0.53,0.11,0.98
1968-01-31,1.16,0.43,0.65,0.1,1.34,0.48,0.24,0.51,0.4,1.78,2.65,0.75,0.45,0.08,2.77,0.16,0.83,0.26,1.26,0.27,7.42
1968-02-29,4.89,0.97,1.45,0.11,3.41,2.04,1.0,2.55,2.0,3.87,8.84,2.49,0.46,6.02,16.01,0.9,2.99,0.94,0.18,0.04,35.11
1968-03-31,4.73,2.18,3.28,0.21,4.34,1.97,0.97,2.17,1.71,5.35,9.95,2.81,0.94,7.82,16.2,0.91,2.89,0.91,2.41,0.51,21.39
1968-04-30,5.12,4.76,7.13,0.0,12.44,2.13,1.05,5.6,4.4,10.8,25.05,7.07,0.0,17.45,24.73,1.39,4.09,1.29,0.72,0.15,17.5
1968-05-31,3.0,9.44,14.16,0.01,13.09,1.25,0.61,13.17,10.35,21.5,27.84,7.85,0.06,21.85,18.11,1.02,4.46,1.41,0.35,0.07,0.0
1968-06-30,0.85,2.98,4.46,0.07,2.27,0.35,0.17,9.78,7.69,16.53,7.79,2.2,0.31,6.92,3.1,0.17,1.48,0.47,0.19,0.04,4.41
1968-07-31,0.18,0.6,0.91,0.16,0.07,0.07,0.04,2.36,1.85,3.55,1.53,0.43,0.72,1.65,0.77,0.04,0.25,0.08,0.1,0.02,0.0
1968-08-31,0.26,0.29,0.44,0.04,0.0,0.11,0.05,1.77,1.39,1.93,0.9,0.25,0.17,0.8,0.05,0.0,0.22,0.07,0.05,0.01,0.0
1968-09-30,0.17,1.19,1.79,0.0,0.43,0.07,0.03,4.46,3.5,1.26,0.0,0.0,0.0,0.28,0.17,0.01,0.0,0.0,0.0,0.0,0.0
1968-10-31,0.29,1.33,1.99,0.0,1.82,0.12,0.06,0.0,0.0,1.54,1.8,0.51,0.0,0.09,0.41,0.02,0.0,0.0,0.02,0.0,0.0
1968-11-30,1.9,2.28,3.42,0.1,2.24,0.79,0.39,0.9,0.71,2.93,7.86,2.22,0.45,1.09,4.11,0.23,1.2,0.38,0.46,0.1,3.06
1968-12-31,2.46,0.0,0.0,0.2,1.46,1.02,0.5,1.25,0.99,2.13,7.43,2.1,0.88,2.99,2.39,0.13,1.71,0.54,2.34,0.5,16.89
1969-01-31,17.48,1.16,1.73,2.15,3.79,7.28,3.58,3.05,2.4,4.26,49.71,14.02,9.47,9.25,43.05,2.42,11.16,3.53,23.08,4.88,137.92
1969-02-28,9.37,1.06,1.59,0.65,2.99,3.9,1.92,2.03,1.59,3.45,23.21,6.55,2.89,3.63,12.53,0.71,5.46,1.72,16.11,3.41,77.63
1969-03-31,7.91,3.23,4.84,0.92,5.17,3.29,1.62,1.54,1.21,4.63,22.44,6.33,4.06,6.3,17.0,0.96,5.12,1.62,7.69,1.63,49.97
1969-04-30,13.75,5.54,8.31,1.64,15.8,5.73,2.82,4.18,3.28,17.84,62.35,17.59,7.25,23.57,55.71,3.14,10.22,3.23,5.08,1.08,86.81
1969-05-31,13.98,22.84,34.26,1.15,50.91,5.82,2.86,27.67,21.74,62.59,106.4,30.01,5.07,64.78,87.08,4.9,11.37,3.59,1.47,0.31,41.66
1969-06-30,4.1,17.12,25.68,0.39,22.87,1.71,0.84,24.82,19.5,54.86,60.65,17.11,1.73,36.45,36.48,2.05,5.56,1.76,0.64,0.13,2.82
1969-07-31,1.65,6.19,9.28,0.0,3.55,0.69,0.34,17.05,13.4,23.82,17.79,5.02,0.0,10.03,3.43,0.19,1.71,0.54,0.3,0.06,2.73
1969-08-31,0.9,1.13,1.7,0.17,1.8,0.37,0.18,4.43,3.48,5.82,3.18,0.9,0.77,1.07,0.2,0.01,1.01,0.32,0.12,0.03,0.0
1969-09-30,0.38,0.35,0.52,0.21,2.88,0.16,0.08,2.11,1.66,2.89,0.0,0.0,0.93,0.0,0.66,0.04,0.0,0.0,0.13,0.03,0.0
1969-10-31,0.7,0.0,0.0,0.17,1.87,0.29,0.14,1.49,1.17,2.9,2.06,0.58,0.73,1.59,1.32,0.07,0.31,0.1,0.21,0.04,0.0
1969-11-30,1.15,0.93,1.39,0.14,0.59,0.48,0.24,1.68,1.32,2.34,0.59,0.17,0.6,1.74,1.52,0.09,0.71,0.23,0.54,0.11,1.31
1969-12-31,3.49,1.28,1.92,0.0,1.96,1.45,0.71,1.64,1.29,3.34,10.17,2.87,0.0,3.49,14.29,0.8,2.51,0.79,2.11,0.45,18.09
1970-01-31,18.18,2.4,3.6,1.25,9.6,7.57,3.72,2.26,1.77,9.02,49.43,13.94,5.51,15.8,56.95,3.21,11.55,3.65,14.16,3.0,118.91
1970-02-28,5.08,1.29,1.93,0.48,3.83,2.12,1.04,0.91,0.71,6.56,21.13,5.96,2.11,5.9,18.25,1.03,2.98,0.94,3.66,0.77,32.91
1970-03-31,5.22,2.49,3.74,0.57,6.84,2.17,1.07,2.24,1.76,8.03,27.92,7.88,2.52,8.93,20.73,1.17,5.38,1.7,6.45,1.36,28.4
1970-04-30,2.85,5.3,7.95,0.22,10.66,1.19,0.58,4.14,3.25,10.68,29.02,8.19,0.98,13.29,22.84,1.29,0.73,0.23,1.35,0.29,7.29
1970-05-31,4.68,13.56,20.34,0.15,24.07,1.95,0.96,14.36,11.28,26.75,53.53,15.1,0.64,30.78,34.81,1.96,5.35,1.69,0.76,0.16,0.0
1970-06-30,2.06,8.79,13.19,0.22,9.59,0.86,0.42,15.29,12.01,25.72,37.15,10.48,0.98,17.14,10.46,0.59,3.12,0.99,0.48,0.1,4.51
1970-07-31,0.59,1.24,1.87,0.18,2.34,0.25,0.12,6.44,5.06,9.22,0.68,0.19,0.81,2.13,1.55,0.09,0.46,0.14,0.29,0.06,0.0
1970-08-31,0.42,0.53,0.8,0.21,2.02,0.17,0.09,1.67,1.32,2.65,1.43,0.4,0.91,0.02,0.78,0.04,0.67,0.21,0.13,0.03,0.0
1970-09-30,0.17,0.88,1.32,0.0,0.8,0.07,0.03,0.64,0.51,1.75,0.0,0.0,0.0,0.05,0.32,0.02,0.0,0.0,0.1,0.02,0.0
1970-10-31,0.2,0.51,0.77,0.12,0.02,0.08,0.04,0.48,0.37,1.7,0.19,0.05,0.53,0.0,0.87,0.05,0.0,0.0,0.08,0.02,0.0
1970-11-30,2.0,0.35,0.52,0.1,0.68,0.83,0.41,0.8,0.63,2.78,7.11,2.01,0.46,1.05,6.09,0.34,1.45,0.46,1.82,0.39,7.24
1970-12-31,3.49,0.64,0.96,0.4,0.72,1.45,0.71,0.75,0.59,2.75,10.24,2.89,1.75,2.23,6.73,0.38,2.38,0.75,7.52,1.59,22.18
1971-01-31,3.95,1.17,1.75,0.27,1.72,1.64,0.81,3.11,2.44,3.78,5.4,1.52,1.2,4.59,11.48,0.65,2.46,0.78,3.48,0.74,26.05
1971-02-28,3.71,1.51,2.26,0.22,2.29,1.54,0.76,2.4,1.88,4.55,4.11,1.16,0.98,5.03,14.08,0.79,2.5,0.79,1.13,0.24,20.33
1971-03-31,5.66,2.49,3.73,0.64,4.92,2.36,1.16,1.31,1.03,5.13,14.72,4.15,2.82,7.33,20.7,1.17,3.45,1.09,2.89,0.61,25.24
1971-04-30,7.01,4.71,7.06,0.44,12.43,2.92,1.44,3.27,2.57,10.75,29.78,8.4,1.94,16.13,31.19,1.76,5.37,1.7,1.3,0.28,30.9
1971-05-31,5.87,8.13,12.2,0.23,20.35,2.44,1.2,11.23,8.82,21.23,48.94,13.8,1.01,26.58,40.77,2.3,4.74,1.5,0.68,0.14,11.87
1971-06-30,3.01,13.07,19.61,0.0,13.26,1.25,0.62,18.87,14.82,34.01,33.79,9.53,0.0,24.06,16.33,0.92,4.04,1.28,0.46,0.1,1.58
1971-07-31,0.95,2.5,3.74,0.06,1.1,0.4,0.19,8.82,6.93,13.74,12.0,3.38,0.28,4.77,2.07,0.12,1.07,0.34,0.32,0.07,3.72
1971-08-31,0.43,1.14,1.72,0.05,0.64,0.18,0.09,1.82,1.43,3.34,1.33,0.38,0.22,1.22,0.67,0.04,0.6,0.19,0.14,0.03,0.0
1971-09-30,0.13,0.96,1.44,0.0,0.66,0.05,0.03,0.9,0.71,1.91,0.0,0.0,0.0,0.17,0.46,0.03,0.0,0.0,0.1,0.02,0.0
1971-10-31,0.25,0.08,0.13,0.25,0.81,0.1,0.05,0.61,0.48,1.89,0.5,0.14,1.11,0.29,0.17,0.01,0.0,0.0,0.02,0.0,0.0
1971-11-30,1.14,0.11,0.16,0.16,1.97,0.47,0.23,0.7,0.55,2.13,3.03,0.86,0.73,0.72,1.35,0.08,0.94,0.3,0.32,0.07,3.51
1971-12-31,2.48,0.28,0.43,0.18,2.18,1.03,0.51,0.64,0.5,2.62,7.15,2.02,0.77,0.6,2.46,0.14,1.77,0.56,3.72,0.79,19.36
1972-01-31,1.58,0.65,0.98,0.29,1.87,0.66,0.32,1.55,1.22,1.94,1.68,0.47,1.26,0.41,2.97,0.17,0.96,0.3,1.07,0.23,11.29
1972-02-29,2.79,0.92,1.37,0.29,2.16,1.16,0.57,0.42,0.33,2.23,6.41,1.81,1.29,2.14,5.74,0.32,1.88,0.6,2.79,0.59,19.35
1972-03-31,7.34,2.89,4.34,0.16,9.31,3.06,1.5,4.1,3.22,9.02,14.25,4.02,0.71,15.22,29.6,1.67,4.53,1.43,0.8,0.17,27.53
1972-04-30,4.98,4.14,6.22,0.19,12.7,2.07,1.02,3.13,2.46,8.58,27.21,7.67,0.86,14.38,23.61,1.33,3.81,1.2,0.78,0.17,17.58
1972-05-31,3.99,11.25,16.87,0.0,19.28,1.66,0.82,14.5,11.39,23.54,41.49,11.7,0.0,26.17,26.93,1.52,4.63,1.46,0.46,0.1,0.0
1972-06-30,1.3,5.98,8.97,0.13,5.33,0.54,0.27,12.59,9.89,21.29,17.98,5.07,0.57,12.21,4.25,0.24,2.13,0.67,0.23,0.05,0.0
1972-07-31,0.44,0.5,0.75,0.21,0.35,0.18,0.09,2.86,2.25,5.4,1.74,0.49,0.92,1.65,0.5,0.03,0.45,0.14,0.05,0.01,0.0
1972-08-31,0.09,0.77,1.15,0.0,0.79,0.04,0.02,0.81,0.64,2.21,0.0,0.0,0.0,0.62,0.19,0.01,0.0,0.0,0.04,0.01,0.0
1972-09-30,0.09,0.46,0.69,0.02,0.87,0.04,0.02,0.0,0.0,1.68,0.0,0.0,0.1,0.0,0.03,0.0,0.0,0.0,0.07,0.02,0.0
1972-10-31,0.46,0.33,0.5,0.12,0.72,0.19,0.09,2.51,1.97,1.92,0.93,0.26,0.53,0.83,0.0,0.0,0.0,0.0,0.0,0.0,0.0
1972-11-30,0.97,0.27,0.41,0.16,1.17,0.4,0.2,0.95,0.75,1.96,1.6,0.45,0.7,0.14,0.63,0.04,0.75,0.24,0.46,0.1,3.24
1972-12-31,2.18,0.88,1.33,0.07,2.11,0.91,0.45,0.91,0.72,3.63,5.6,1.58,0.3,1.49,5.81,0.33,1.35,0.43,1.04,0.22,12.48
1973-01-31,5.71,2.15,3.23,0.12,1.56,2.38,1.17,1.16,0.91,3.12,8.33,2.35,0.51,3.06,10.33,0.58,9.64,3.04,10.69,2.26,44.66
1973-02-28,6.62,1.2,1.79,0.83,1.75,2.76,1.36,0.9,0.71,2.25,7.38,2.08,3.67,2.42,6.71,0.38,11.74,3.71,13.02,2.75,55.08
1973-03-31,6.54,1.86,2.79,0.89,3.73,2.72,1.34,1.03,0.81,2.96,11.44,3.23,3.95,3.39,11.8,0.66,10.53,3.33,8.06,1.71,47.04
1973-04-30,8.58,5.18,7.77,0.66,13.5,3.57,1.76,4.6,3.61,11.22,37.38,10.54,2.91,17.64,38.63,2.17,4.86,1.53,2.41,0.51,41.18
1973-05-31,9.13,14.82,22.23,0.82,35.52,3.8,1.87,23.25,18.27,44.07,87.48,24.68,3.6,47.19,62.75,3.53,0.9,0.28,0.84,0.18,17.52
1973-06-30,2.02,9.37,14.05,0.22,8.75,0.84,0.41,16.47,12.94,31.35,30.4,8.58,0.96,16.51,14.01,0.79,2.08,0.66,0.49,0.1,0.0
1973-07-31,0.64,1.06,1.6,0.28,0.51,0.27,0.13,5.32,4.18,7.03,6.16,1.74,1.26,1.9,1.46,0.08,0.0,0.0,0.52,0.11,0.0
1973-08-31,0.25,0.46,0.69,0.0,0.69,0.1,0.05,1.09,0.85,3.21,1.87,0.53,0.0,0.55,0.63,0.04,0.0,0.0,0.31,0.07,0.0
1973-09-30,0.22,0.83,1.25,0.0,0.07,0.09,0.05,0.76,0.6,2.13,1.5,0.42,0.0,0.43,0.27,0.02,0.0,0.0,0.09,0.02,0.0
1973-10-31,0.41,0.28,0.42,0.16,1.14,0.17,0.08,0.83,0.66,2.46,0.37,0.11,0.71,0.6,0.61,0.03,0.49,0.15,0.26,0.05,0.0
1973-11-30,5.09,1.08,1.62,0.09,3.45,2.12,1.04,5.98,4.7,7.09,8.54,2.41,0.4,11.72,19.16,1.08,2.74,0.87,1.23,0.26,20.82
1973-12-31,5.22,1.05,1.58,0.44,3.94,2.17,1.07,1.64,1.29,4.85,16.94,4.78,1.93,4.74,15.63,0.88,0.0,0.0,5.26,1.11,30.83
1974-01-31,8.15,1.83,2.75,0.46,6.61,3.39,1.67,1.77,1.39,6.57,22.06,6.22,2.03,8.41,31.78,1.79,0.0,0.0,5.69,1.2,45.1
1974-02-28,3.32,1.49,2.24,0.42,3.07,1.38,0.68,1.18,0.93,4.84,18.28,5.16,1.83,3.22,10.89,0.61,0.0,0.0,1.42,0.3,4.11
1974-03-31,9.83,2.74,4.11,0.79,8.31,4.09,2.01,2.34,1.84,7.06,28.15,7.94,3.49,9.82,31.58,1.78,5.46,1.72,10.47,2.21,58.67
1974-04-30,8.89,5.41,8.11,0.8,13.04,3.7,1.82,5.36,4.22,12.59,35.59,10.04,3.54,15.75,34.58,1.95,12.53,3.96,6.22,1.32,66.17
1974-05-31,7.35,16.38,24.58,0.69,31.8,3.06,1.51,17.72,13.92,41.09,74.81,21.1,3.06,41.8,51.36,2.89,4.83,1.52,1.07,0.23,17.1
1974-06-30,2.44,11.65,17.48,0.02,11.8,1.02,0.5,19.91,15.64,40.33,36.39,10.26,0.1,22.74,14.8,0.83,0.0,0.0,0.54,0.11,4.73
1974-07-31,0.85,1.95,2.93,0.16,1.86,0.35,0.17,9.52,7.48,12.08,12.28,3.46,0.7,4.39,3.17,0.18,0.0,0.0,0.59,0.12,1.41
1974-08-31,0.71,0.69,1.03,0.11,0.84,0.3,0.15,3.46,2.72,4.71,3.73,1.05,0.47,2.38,0.93,0.05,0.12,0.04,0.16,0.03,0.0
1974-09-30,0.31,0.62,0.93,0.12,0.02,0.13,0.06,1.08,0.85,2.35,0.0,0.0,0.55,0.59,0.0,0.0,0.43,0.14,0.13,0.03,0.0
1974-10-31,0.0,0.87,1.3,0.07,1.4,0.0,0.0,0.83,0.65,2.14,1.93,0.54,0.33,0.0,0.39,0.02,0.0,0.0,0.11,0.02,0.0
1974-11-30,0.56,0.31,0.47,0.09,1.38,0.23,0.11,0.84,0.66,2.12,1.38,0.39,0.42,0.29,1.03,0.06,0.8,0.25,0.24,0.05,1.22
1974-12-31,1.33,0.0,0.0,0.07,1.11,0.55,0.27,0.41,0.32,2.18,1.85,0.52,0.33,0.07,1.86,0.1,1.29,0.41,0.51,0.11,8.84
1975-01-31,1.32,0.73,1.1,0.07,1.23,0.55,0.27,0.58,0.46,2.18,3.27,0.92,0.29,0.26,3.48,0.2,0.58,0.18,1.0,0.21,9.29
1975-02-28,3.44,0.97,1.45,0.26,1.49,1.43,0.7,0.5,0.4,3.33,3.69,1.04,1.16,0.81,5.57,0.31,4.19,1.32,5.11,1.08,33.85
1975-03-31,7.29,2.63,3.95,0.58,2.64,3.04,1.49,0.7,0.55,3.67,13.33,3.76,2.54,3.19,14.86,0.84,5.17,1.63,10.92,2.31,62.22
1975-04-30,6.39,4.0,6.0,0.73,2.96,2.66,1.31,2.34,1.84,4.51,16.12,4.55,3.22,5.32,17.17,0.97,1.55,0.49,3.59,0.76,45.16
1975-05-31,14.29,9.03,13.55,0.24,31.55,5.95,2.93,15.94,12.52,34.14,83.5,23.55,1.04,40.81,70.38,3.96,0.0,0.0,1.34,0.28,41.19
1975-06-30,5.45,17.18,25.76,0.0,25.93,2.27,1.12,23.01,18.08,44.78,59.65,16.82,0.0,33.54,42.2,2.38,5.21,1.65,0.24,0.05,8.89
1975-07-31,0.96,3.66,5.49,0.0,2.15,0.4,0.2,10.67,8.38,15.14,14.65,4.13,0.0,6.19,3.96,0.22,0.0,0.0,0.17,0.04,1.56
1975-08-31,0.51,1.2,1.8,0.0,0.0,0.21,0.1,2.31,1.81,3.65,4.51,1.27,0.0,2.07,0.66,0.04,0.66,0.21,0.1,0.02,0.0
1975-09-30,0.44,0.46,0.7,0.22,1.16,0.18,0.09,0.99,0.78,2.26,3.15,0.89,0.98,0.82,1.08,0.06,0.0,0.0,0.06,0.01,0.0
1975-10-31,1.62,1.41,2.12,0.0,1.73,0.67,0.33,2.37,1.87,3.41,4.75,1.34,0.0,1.74,3.29,0.19,0.0,0.0,0.16,0.03,1.75
1975-11-30,1.33,1.41,2.12,0.05,1.36,0.55,0.27,1.73,1.36,3.68,6.63,1.87,0.2,1.67,4.87,0.27,0.0,0.0,0.26,0.05,0.0
1975-12-31,1.16,0.87,1.31,0.13,1.03,0.48,0.24,0.71,0.56,2.72,4.06,1.14,0.57,1.72,3.05,0.17,0.0,0.0,0.21,0.04,0.36
1976-01-31,1.0,0.39,0.58,0.03,0.8,0.42,0.2,0.53,0.42,2.29,3.24,0.91,0.14,2.87,2.12,0.12,0.0,0.0,0.23,0.05,2.24
1976-02-29,1.04,0.59,0.88,0.01,1.54,0.43,0.21,0.86,0.68,2.08,3.36,0.95,0.05,0.6,3.02,0.17,0.0,0.0,0.41,0.09,3.64
1976-03-31,2.08,1.33,2.0,0.05,4.18,0.87,0.43,1.15,0.91,3.2,7.81,2.2,0.23,2.96,7.84,0.44,0.29,0.09,0.54,0.12,8.43
1976-04-30,2.43,3.53,5.29,0.0,7.69,1.01,0.5,2.65,2.08,5.16,12.7,3.58,0.0,7.52,10.43,0.59,2.68,0.85,0.37,0.08,14.93
1976-05-31,1.74,4.55,6.82,0.0,6.6,0.72,0.36,8.33,6.55,15.55,18.33,5.17,0.0,11.69,9.1,0.51,2.12,0.67,0.19,0.04,5.75
1976-06-30,0.22,0.96,1.43,0.14,0.53,0.09,0.05,2.64,2.08,4.97,4.24,1.2,0.61,2.35,0.71,0.04,0.0,0.0,0.07,0.01,0.0
1976-07-31,0.01,0.52,0.78,0.1,0.24,0.0,0.0,0.89,0.7,1.89,1.44,0.41,0.44,1.61,0.0,0.0,0.0,0.0,0.07,0.01,0.0
1976-08-31,0.1,0.73,1.09,0.0,1.38,0.04,0.02,1.26,0.99,1.66,1.41,0.4,0.0,0.0,0.23,0.01,0.19,0.06,0.12,0.02,0.0
1976-09-30,0.32,0.0,0.0,0.0,0.0,0.13,0.07,0.81,0.63,1.33,1.2,0.34,0.0,0.97,0.0,0.0,1.23,0.39,0.0,0.0,0.0
1976-10-31,0.1,0.0,0.0,0.0,0.96,0.04,0.02,0.61,0.48,1.41,0.95,0.27,0.0,0.0,0.05,0.0,0.0,0.0,0.0,0.0,0.0
1976-11-30,0.27,0.0,0.0,0.0,0.61,0.11,0.06,0.43,0.34,1.25,0.67,0.19,0.0,0.1,0.25,0.01,0.0,0.0,0.02,0.0,0.0
1976-12-31,0.2,0.0,0.0,0.0,0.42,0.08,0.04,0.52,0.41,1.03,0.27,0.08,0.0,0.13,0.21,0.01,0.0,0.0,0.02,0.0,0.0
1977-01-31,0.32,0.27,0.41,0.0,0.6,0.13,0.07,0.43,0.34,1.17,0.71,0.2,0.0,0.16,0.6,0.03,0.0,0.0,0.13,0.03,0.48
1977-02-28,0.42,0.29,0.43,0.0,1.08,0.17,0.09,0.3,0.23,1.28,1.34,0.38,0.0,0.25,0.98,0.06,0.0,0.0,0.17,0.04,1.26
1977-03-31,0.78,0.93,1.4,0.0,2.04,0.32,0.16,0.53,0.42,1.59,2.01,0.57,0.01,0.34,1.87,0.11,0.13,0.04,0.18,0.04,3.81
1977-04-30,1.83,3.3,4.96,0.0,2.5,0.76,0.37,2.69,2.12,4.24,5.27,1.49,0.0,4.08,3.4,0.19,1.08,0.34,0.15,0.03,5.08
1977-05-31,1.3,2.22,3.32,0.0,2.27,0.54,0.27,3.12,2.45,4.83,8.21,2.31,0.0,6.74,6.63,0.37,6.02,1.9,0.15,0.03,0.0
1977-06-30,0.56,1.22,1.83,0.0,1.92,0.23,0.11,5.78,4.54,6.85,4.35,1.23,0.0,4.78,1.58,0.09,6.43,2.03,0.05,0.01,0.0
1977-07-31,0.0,0.0,0.0,0.0,0.0,0.0,0.0,0.0,0.0,1.41,1.45,0.41,0.01,2.09,0.07,0.0,0.0,0.0,0.15,0.03,0.0
1977-08-31,0.0,0.62,0.93,0.0,0.67,0.0,0.0,0.58,0.45,0.78,0.47,0.13,0.0,0.19,0.0,0.0,0.0,0.0,0.1,0.02,0.0
1977-09-30,0.1,0.0,0.0,0.0,0.85,0.04,0.02,0.7,0.55,0.61,0.48,0.14,0.0,0.0,0.0,0.0,0.2,0.06,0.0,0.0,0.0
1977-10-31,0.0,0.0,0.0,0.08,0.67,0.0,0.0,0.05,0.04,0.74,0.37,0.11,0.38,0.0,0.06,0.0,0.0,0.0,0.0,0.0,0.0
1977-11-30,0.21,0.0,0.0,0.0,0.0,0.09,0.04,0.39,0.31,1.18,0.73,0.21,0.0,0.0,0.43,0.02,0.0,0.0,0.01,0.0,0.16
1977-12-31,1.95,0.0,0.0,0.06,0.89,0.81,0.4,0.67,0.53,1.89,6.69,1.89,0.29,0.16,7.61,0.43,2.35,0.74,0.61,0.13,8.42
1978-01-31,5.18,1.23,1.85,0.41,1.13,2.16,1.06,0.59,0.46,2.0,9.26,2.61,1.8,2.02,13.47,0.76,10.68,3.37,8.95,1.89,37.88
1978-02-28,5.32,1.38,2.07,0.62,1.63,2.22,1.09,0.55,0.43,2.18,10.82,3.05,2.76,2.7,11.58,0.65,5.7,1.8,7.02,1.48,44.54
1978-03-31,11.58,2.96,4.44,0.95,7.26,4.82,2.37,5.29,4.16,5.75,30.71,8.66,4.22,11.05,36.87,2.08,0.81,0.26,8.15,1.72,73.13
1978-04-30,11.61,5.28,7.92,0.87,12.24,4.83,2.38,4.15,3.26,9.75,37.51,10.58,3.83,16.24,39.77,2.24,11.96,3.78,7.63,1.61,72.54
1978-05-31,10.5,15.3,22.95,0.27,33.38,4.37,2.15,14.96,11.75,32.38,79.15,22.32,1.21,39.53,62.92,3.54,6.06,1.91,1.93,0.41,31.1
1978-06-30,4.58,17.47,26.21,0.12,22.05,1.91,0.94,23.39,18.38,44.16,57.3,16.16,0.54,29.36,35.63,2.01,0.44,0.14,0.5,0.11,2.59
1978-07-31,1.2,5.94,8.91,0.0,2.85,0.5,0.25,15.29,12.01,20.2,17.46,4.93,0.0,8.02,3.33,0.19,0.0,0.0,0.16,0.03,0.0
1978-08-31,0.38,0.68,1.02,0.17,1.29,0.16,0.08,5.03,3.96,5.29,4.55,1.28,0.73,1.25,0.5,0.03,0.0,0.0,0.04,0.01,0.01
1978-09-30,1.04,0.28,0.42,0.15,1.25,0.43,0.21,4.05,3.18,4.02,4.52,1.27,0.68,1.12,1.52,0.09,2.82,0.89,0.2,0.04,0.0
1978-10-31,0.64,0.75,1.13,0.1,1.03,0.27,0.13,1.24,0.98,2.2,2.16,0.61,0.46,1.61,0.58,0.03,0.45,0.14,0.0,0.0,0.0
1978-11-30,0.45,0.35,0.52,0.18,1.04,0.19,0.09,0.84,0.66,1.92,1.36,0.38,0.78,0.2,1.1,0.06,0.0,0.0,0.13,0.03,0.0
1978-12-31,0.88,0.65,0.97,0.11,1.14,0.37,0.18,0.87,0.68,2.33,1.27,0.36,0.46,0.73,0.86,0.05,0.31,0.1,0.39,0.08,2.5
1979-01-31,3.79,1.27,1.91,0.24,2.04,1.58,0.78,1.02,0.8,2.62,8.16,2.3,1.04,0.95,6.91,0.39,5.7,1.8,4.33,0.92,30.56
1979-02-28,5.43,1.19,1.78,0.36,1.71,2.26,1.11,0.68,0.53,2.18,6.01,1.69,1.6,1.94,4.09,0.23,11.05,3.49,9.22,1.95,50.6
1979-03-31,8.36,2.38,3.57,0.89,3.41,3.48,1.71,2.1,1.65,4.92,17.09,4.82,3.91,6.03,17.0,0.96,8.76,2.77,9.32,1.97,59.34
1979-04-30,8.57,5.31,7.96,0.55,11.31,3.57,1.75,4.69,3.69,10.46,32.93,9.29,2.42,16.93,33.2,1.87,7.9,2.49,2.65,0.56,46.46
1979-05-31,8.46,15.76,23.63,0.59,30.37,3.52,1.73,19.39,15.24,37.91,75.7,21.35,2.6,40.76,56.97,3.21,11.24,3.55,1.19,0.25,17.09
1979-06-30,1.69,7.65,11.47,0.0,7.12,0.7,0.35,14.03,11.03,27.4,23.42,6.61,0.0,14.33,9.67,0.54,3.02,0.95,0.4,0.08,3.32
1979-07-31,0.46,0.89,1.34,0.25,0.17,0.19,0.09,5.14,4.04,6.42,5.11,1.44,1.08,2.41,1.9,0.11,0.0,0.0,0.25,0.05,0.0
1979-08-31,0.32,0.67,1.0,0.07,0.12,0.13,0.07,1.55,1.22,2.6,2.23,0.63,0.32,0.6,0.75,0.04,0.0,0.0,0.0,0.0,0.0
1979-09-30,0.33,0.37,0.56,0.15,0.47,0.14,0.07,0.85,0.66,1.63,1.4,0.39,0.66,0.33,0.13,0.01,0.56,0.18,0.02,0.0,0.0
1979-10-31,0.41,0.85,1.27,0.08,1.24,0.17,0.08,1.48,1.16,1.97,1.4,0.39,0.37,0.08,0.75,0.04,0.0,0.0,0.06,0.01,0.0
1979-11-30,1.16,0.59,0.88,0.22,2.46,0.48,0.24,0.73,0.57,2.15,1.84,0.52,0.97,0.58,3.0,0.17,2.25,0.71,0.38,0.08,1.36
1979-12-31,1.67,0.59,0.89,0.06,2.3,0.7,0.34,0.92,0.72,2.51,3.87,1.09,0.28,1.15,4.01,0.23,1.13,0.36,1.13,0.24,6.36
1980-01-31,19.1,2.83,4.24,0.71,9.61,7.95,3.91,4.4,3.46,12.76,59.51,16.79,3.14,19.47,74.17,4.18,0.0,0.0,13.07,2.77,121.54
1980-02-29,13.23,1.92,2.88,1.55,5.7,5.51,2.71,2.12,1.67,6.97,30.75,8.67,6.81,8.57,36.28,2.04,11.8,3.73,11.52,2.44,91.26
1980-03-31,4.98,2.55,3.82,0.82,5.36,2.07,1.02,1.49,1.17,6.7,21.01,5.93,3.64,5.45,22.54,1.27,7.34,2.32,5.08,1.07,34.77
1980-04-30,6.99,7.41,11.12,0.28,16.2,2.91,1.43,6.77,5.32,16.72,41.67,11.75,1.21,20.74,37.73,2.12,0.0,0.0,1.86,0.39,18.24
1980-05-31,6.51,13.72,20.58,0.44,28.03,2.71,1.33,15.68,12.32,36.56,70.59,19.91,1.93,34.57,45.7,2.57,0.0,0.0,0.77,0.16,11.49
1980-06-30,3.67,14.57,21.85,0.0,18.7,1.53,0.75,19.84,15.59,41.74,47.82,13.49,0.0,29.29,28.01,1.58,3.5,1.11,0.52,0.11,5.69
1980-07-31,1.65,6.59,9.88,0.0,4.09,0.69,0.34,18.33,14.4,29.77,16.6,4.68,0.0,11.52,6.47,0.36,0.64,0.2,0.49,0.1,8.29
1980-08-31,0.76,0.86,1.29,0.09,0.0,0.32,0.16,4.52,3.55,6.87,3.82,1.08,0.4,2.16,1.15,0.06,0.49,0.15,0.23,0.05,0.0
1980-09-30,0.56,0.0,0.0,0.22,0.29,0.23,0.11,1.68,1.32,3.41,2.39,0.67,0.94,0.89,0.74,0.04,0.0,0.0,0.22,0.05,0.0
1980-10-31,0.43,0.01,0.02,0.07,0.81,0.18,0.09,1.16,0.91,2.55,1.59,0.45,0.31,0.66,0.46,0.03,0.0,0.0,0.02,0.0,0.0
1980-11-30,0.44,0.0,0.0,0.02,0.04,0.18,0.09,0.5,0.39,2.11,1.15,0.32,0.09,0.09,0.35,0.02,0.0,0.0,0.1,0.02,0.0
1980-12-31,0.55,0.19,0.29,0.03,0.41,0.23,0.11,0.98,0.77,2.0,0.0,0.0,0.15,0.08,1.06,0.06,0.2,0.06,0.3,0.06,2.3
1981-01-31,1.98,0.31,0.47,0.12,0.25,0.82,0.41,0.72,0.57,1.59,2.17,0.61,0.55,0.04,0.57,0.03,3.38,1.07,2.79,0.59,20.76
1981-02-28,2.04,0.94,1.41,0.18,2.67,0.85,0.42,1.21,0.95,2.52,4.57,1.29,0.78,0.67,5.93,0.33,0.12,0.04,0.96,0.2,14.91
1981-03-31,4.37,1.13,1.7,0.4,2.51,1.82,0.89,0.78,0.61,3.25,7.42,2.09,1.75,3.74,10.02,0.56,5.03,1.59,3.68,0.78,29.99
1981-04-30,6.41,6.2,9.3,0.15,15.16,2.67,1.31,7.44,5.85,12.99,29.3,8.26,0.65,19.78,27.76,1.56,1.54,0.49,1.06,0.22,20.43
1981-05-31,2.96,9.39,14.08,0.0,13.45,1.23,0.61,12.0,9.43,21.05,28.97,8.17,0.0,20.92,21.53,1.21,7.12,2.25,0.26,0.05,0.0
1981-06-30,0.71,3.08,4.61,0.0,2.3,0.3,0.15,8.3,6.53,12.19,11.12,3.14,0.02,6.44,2.58,0.15,0.0,0.0,0.27,0.06,0.0
1981-07-31,0.15,0.13,0.2,0.02,0.18,0.06,0.03,1.89,1.48,2.43,2.81,0.79,0.09,1.27,0.62,0.04,0.0,0.0,0.14,0.03,0.0
1981-08-31,0.1,0.07,0.1,0.0,0.09,0.04,0.02,1.01,0.79,1.35,1.33,0.37,0.0,0.25,0.0,0.0,0.0,0.0,0.15,0.03,0.0
1981-09-30,0.21,0.08,0.11,0.0,0.13,0.09,0.04,0.81,0.64,1.11,0.7,0.2,0.0,0.33,0.0,0.0,0.32,0.1,0.02,0.0,0.0
1981-10-31,0.36,0.45,0.68,0.03,0.44,0.15,0.07,0.75,0.59,1.6,1.78,0.5,0.13,0.99,0.9,0.05,0.33,0.11,0.02,0.0,0.0
1981-11-30,4.96,3.44,5.15,0.33,8.54,2.07,1.02,4.32,3.4,3.96,14.47,4.08,1.45,9.0,20.19,1.14,2.59,0.82,1.68,0.36,16.45
1981-12-31,9.01,4.36,6.54,0.48,10.68,3.75,1.85,3.2,2.51,8.26,25.48,7.19,2.12,15.18,44.6,2.51,7.41,2.34,4.1,0.87,28.95
1982-01-31,8.52,1.73,2.59,0.7,3.14,3.55,1.74,1.84,1.44,4.69,16.15,4.56,3.09,4.77,15.46,0.87,2.87,0.91,13.75,2.91,73.74
1982-02-28,16.98,5.31,7.96,1.61,10.29,7.07,3.48,3.45,2.71,10.87,55.63,15.69,7.12,14.44,60.9,3.43,8.56,2.7,11.75,2.49,77.55
1982-03-31,11.02,2.67,4.0,1.13,5.94,4.59,2.26,2.28,1.8,8.26,31.44,8.87,4.99,7.57,30.36,1.71,4.54,1.43,14.56,3.08,101.01
1982-04-30,13.26,9.36,14.05,1.98,18.32,5.52,2.72,9.27,7.28,20.67,67.85,19.14,8.74,26.29,70.64,3.98,11.58,3.66,16.23,3.43,99.93
1982-05-31,8.38,17.08,25.62,0.54,34.17,3.49,1.72,22.36,17.57,51.98,88.84,25.06,2.39,44.45,71.13,4.0,12.13,3.83,1.98,0.42,6.28
1982-06-30,2.9,13.54,20.3,0.27,16.42,1.21,0.59,20.75,16.31,50.69,44.95,12.68,1.17,27.23,25.31,1.42,6.43,2.03,0.77,0.16,0.0
1982-07-31,1.38,4.31,6.47,0.24,3.54,0.57,0.28,16.05,12.61,29.35,19.15,5.4,1.06,10.08,5.56,0.31,4.15,1.31,0.47,0.1,0.0
1982-08-31,0.42,0.4,0.61,0.06,0.11,0.17,0.09,6.27,4.93,7.32,5.82,1.64,0.25,1.06,2.01,0.11,1.79,0.56,0.2,0.04,0.0
1982-09-30,1.47,1.42,2.13,0.06,0.0,0.61,0.3,5.55,4.36,5.34,4.81,1.36,0.24,0.24,0.49,0.03,1.7,0.54,0.26,0.05,4.06
1982-10-31,4.4,3.83,5.75,0.16,9.11,1.83,0.9,6.16,4.84,7.81,13.86,3.91,0.71,11.3,18.05,1.02,2.26,0.71,0.81,0.17,0.0
1982-11-30,5.67,1.94,2.92,0.43,4.36,2.36,1.16,2.15,1.69,7.0,14.21,4.01,1.88,5.6,11.96,0.67,3.12,0.98,5.31,1.12,41.6
1982-12-31,7.81,1.73,2.6,1.01,2.46,3.25,1.6,1.82,1.43,5.52,18.01,5.08,4.43,4.38,17.39,0.98,4.33,1.37,8.88,1.88,63.83
1983-01-31,9.12,1.66,2.48,0.94,2.37,3.8,1.87,2.07,1.62,5.2,15.56,4.39,4.13,3.89,16.85,0.95,5.82,1.84,13.67,2.89,81.21
1983-02-28,12.65,1.54,2.32,1.61,2.87,5.27,2.59,1.36,1.07,4.63,17.95,5.06,7.11,4.13,24.38,1.37,9.8,3.09,15.04,3.18,117.85
1983-03-31,20.25,2.7,4.05,2.48,3.91,8.43,4.15,1.96,1.54,7.52,38.48,10.85,10.92,6.57,48.05,2.71,17.16,5.42,26.36,5.58,183.12
1983-04-30,7.75,2.41,3.62,1.04,5.0,3.23,1.59,1.89,1.48,7.84,27.51,7.76,4.57,7.3,32.13,1.81,11.93,3.77,7.29,1.54,72.93
1983-05-31,14.16,13.81,20.71,0.94,32.73,5.9,2.9,15.8,12.42,40.16,103.48,29.19,4.12,41.43,93.96,5.29,20.26,6.4,4.98,1.05,41.56
1983-06-30,10.87,25.44,38.15,0.04,50.82,4.53,2.23,32.21,25.31,79.14,135.38,38.18,0.18,65.35,99.67,5.61,15.65,4.94,1.39,0.29,0.0
1983-07-31,3.42,16.97,25.45,0.06,19.01,1.42,0.7,23.55,18.5,53.03,50.56,14.26,0.29,29.08,27.37,1.54,0.0,0.0,0.78,0.16,3.83
1983-08-31,1.51,3.05,4.57,0.09,2.17,0.63,0.31,11.46,9.0,18.34,12.37,3.49,0.38,4.46,1.72,0.1,1.35,0.43,0.38,0.08,2.62
1983-09-30,1.19,1.01,1.52,0.06,1.48,0.5,0.24,4.41,3.46,6.29,4.83,1.36,0.25,2.81,3.83,0.22,0.43,0.13,0.34,0.07,0.0
1983-10-31,1.06,0.72,1.08,0.07,1.64,0.44,0.22,2.61,2.05,4.21,3.75,1.06,0.33,1.69,1.52,0.09,0.9,0.28,0.42,0.09,0.0
1983-11-30,11.12,5.07,7.61,0.63,10.85,4.63,2.28,4.46,3.5,8.69,32.84,9.26,2.76,13.67,48.83,2.75,6.08,1.92,7.83,1.66,45.01
1983-12-31,7.98,3.9,5.85,1.39,7.67,3.32,1.63,2.56,2.01,8.76,40.92,11.54,6.11,11.07,54.89,3.09,10.03,3.17,12.49,2.64,0.0
1984-01-31,7.47,2.26,3.39,0.48,4.49,3.11,1.53,3.11,2.44,8.12,23.19,6.54,2.11,6.54,16.88,0.95,6.59,2.08,3.01,0.64,38.31
1984-02-29,3.79,1.69,2.53,0.42,3.28,1.58,0.78,1.27,1.0,5.57,14.02,3.95,1.87,4.71,10.33,0.58,5.15,1.63,3.76,0.8,28.96
1984-03-31,5.02,3.09,4.64,0.5,7.85,2.09,1.03,2.87,2.26,9.04,23.48,6.62,2.19,9.05,24.83,1.4,6.85,2.16,3.51,0.74,19.47
1984-04-30,3.66,4.72,7.08,0.28,12.08,1.52,0.75,5.66,4.44,15.98,28.54,8.05,1.26,12.19,28.86,1.62,6.47,2.04,1.58,0.33,12.98
1984-05-31,5.18,16.67,25.01,0.16,26.62,2.16,1.06,19.28,15.14,47.93,54.69,15.43,0.68,35.79,29.07,1.64,6.06,1.91,0.9,0.19,0.0
1984-06-30,1.77,8.03,12.04,0.21,8.43,0.74,0.36,14.52,11.41,36.48,23.35,6.59,0.92,16.0,11.48,0.65,2.93,0.92,0.49,0.1,0.0
1984-07-31,0.89,1.15,1.72,0.06,1.14,0.37,0.18,7.74,6.09,11.99,8.05,2.27,0.26,2.07,2.01,0.11,1.35,0.43,0.25,0.05,0.0
1984-08-31,0.43,0.08,0.12,0.04,0.12,0.18,0.09,2.25,1.77,3.62,2.74,0.77,0.15,0.44,0.64,0.04,1.0,0.32,0.1,0.02,0.0
1984-09-30,0.0,0.02,0.03,0.01,0.09,0.0,0.0,2.85,2.24,2.04,1.53,0.43,0.05,0.0,0.0,0.0,1.78,0.56,0.0,0.0,0.0
1984-10-31,0.49,0.42,0.64,0.02,0.53,0.2,0.1,0.0,0.0,2.42,1.93,0.55,0.07,0.2,1.04,0.06,0.24,0.08,0.21,0.04,0.0
1984-11-30,2.39,1.17,1.76,0.19,2.04,1.0,0.49,1.65,1.29,2.85,4.71,1.33,0.86,1.53,4.6,0.26,7.4,2.34,1.27,0.27,6.69
1984-12-31,1.56,0.58,0.88,0.11,1.73,0.65,0.32,0.85,0.67,2.25,5.19,1.46,0.51,1.29,3.55,0.2,5.07,1.6,1.1,0.23,0.0
1985-01-31,1.32,0.6,0.9,0.1,0.85,0.55,0.27,0.81,0.64,4.03,2.51,0.71,0.46,1.49,3.71,0.21,1.28,0.4,0.82,0.17,3.93
1985-02-28,2.54,0.82,1.23,0.0,3.2,1.06,0.52,0.88,0.69,3.07,4.68,1.32,0.02,2.65,5.5,0.31,0.91,0.29,2.62,0.55,17.11
1985-03-31,4.14,1.37,2.06,0.17,4.12,1.72,0.85,1.91,1.5,4.02,10.24,2.89,0.77,4.52,10.56,0.59,1.76,0.56,3.6,0.76,22.68
1985-04-30,6.92,7.31,10.97,0.33,16.5,2.88,1.42,6.96,5.47,17.02,42.16,11.89,1.44,23.82,37.13,2.09,4.68,1.48,1.18,0.25,18.35
1985-05-31,2.81,9.72,14.59,0.04,12.93,1.17,0.58,12.27,9.64,25.63,31.64,8.92,0.17,20.7,22.13,1.25,2.03,0.64,0.38,0.08,0.0
1985-06-30,0.81,2.44,3.67,0.08,2.08,0.34,0.17,8.15,6.4,11.63,11.02,3.11,0.37,5.23,3.38,0.19,0.76,0.24,0.29,0.06,0.0
1985-07-31,0.15,0.12,0.19,0.05,0.25,0.06,0.03,1.88,1.47,2.95,2.79,0.79,0.24,0.88,0.97,0.05,1.49,0.47,0.22,0.05,0.0
1985-08-31,0.0,0.02,0.04,0.03,0.1,0.0,0.0,0.91,0.71,1.59,1.6,0.45,0.14,0.24,0.48,0.03,0.62,0.2,0.21,0.04,0.0
1985-09-30,0.11,0.29,0.44,0.02,0.31,0.05,0.02,0.61,0.48,1.81,0.92,0.26,0.07,0.65,1.02,0.06,1.87,0.59,0.14,0.03,0.0
1985-10-31,0.0,0.64,0.96,0.01,0.32,0.0,0.0,2.41,1.89,2.08,2.38,0.67,0.06,0.36,0.92,0.05,0.83,0.26,0.15,0.03,0.0
1985-11-30,1.91,0.43,0.65,0.11,1.05,0.8,0.39,0.95,0.75,1.92,1.39,0.39,0.48,0.0,0.16,0.01,1.9,0.6,0.57,0.12,22.38
1985-12-31,2.19,1.09,1.63,0.25,1.87,0.91,0.45,1.31,1.03,2.57,6.2,1.75,1.09,1.05,6.81,0.38,2.26,0.71,0.81,0.17,9.32
1986-01-31,4.72,2.2,3.29,0.26,5.57,1.97,0.97,1.97,1.55,3.71,16.56,4.67,1.15,7.82,21.37,1.2,3.56,1.12,1.87,0.4,18.59
1986-02-28,27.15,5.19,7.79,2.21,11.43,11.3,5.56,3.15,2.47,8.5,70.73,19.95,9.75,17.25,84.99,4.79,13.39,4.23,27.9,5.9,196.67
1986-03-31,13.46,6.48,9.72,1.44,16.43,5.6,2.76,5.11,4.01,17.75,63.81,18.0,6.33,23.0,66.56,3.75,10.03,3.17,12.43,2.63,64.39
1986-04-30,5.58,6.62,9.93,0.65,17.53,2.32,1.14,9.67,7.6,21.23,45.64,12.87,2.86,23.08,31.96,1.8,4.71,1.49,1.89,0.4,46.17
1986-05-31,5.34,12.76,19.14,1.01,25.35,2.22,1.09,17.62,13.84,42.65,61.78,17.43,4.47,38.78,33.09,1.86,1.16,0.36,0.96,0.2,1.33
1986-06-30,2.52,10.98,16.47,0.79,12.37,1.05,0.52,20.24,15.91,46.02,37.63,10.61,3.49,27.25,8.75,0.49,0.0,0.0,0.38,0.08,1.85
1986-07-31,0.73,1.9,2.85,0.12,1.36,0.3,0.15,9.52,7.48,13.51,9.18,2.59,0.51,4.38,0.79,0.04,0.0,0.0,0.15,0.03,3.25
1986-08-31,0.46,0.15,0.22,0.04,0.06,0.19,0.09,3.39,2.66,3.87,3.13,0.88,0.18,2.63,0.4,0.02,0.0,0.0,0.08,0.02,0.06
1986-09-30,1.0,0.11,0.17,0.06,0.23,0.42,0.2,1.56,1.23,2.43,0.93,0.26,0.29,0.19,0.0,0.0,0.09,0.03,0.08,0.02,12.05
1986-10-31,0.69,0.09,0.14,0.03,0.13,0.29,0.14,1.01,0.8,2.38,0.3,0.08,0.16,0.0,0.0,0.0,-0.0,-0.0,0.11,0.02,1.99
1986-11-30,0.16,0.0,0.0,0.0,0.01,0.07,0.03,0.52,0.41,1.8,1.48,0.42,0.02,0.0,0.0,0.0,-0.0,-0.0,0.12,0.03,0.0
1986-12-31,0.44,0.06,0.08,0.01,0.0,0.18,0.09,0.43,0.34,1.67,0.84,0.24,0.05,0.0,0.0,0.0,-0.0,-0.0,0.21,0.05,2.24
1987-01-31,0.65,0.15,0.23,0.03,0.24,0.27,0.13,0.38,0.3,1.49,1.22,0.34,0.12,0.31,0.2,0.01,0.0,0.0,0.39,0.08,6.01
1987-02-28,1.5,0.42,0.63,0.1,0.88,0.62,0.31,0.48,0.38,1.64,2.65,0.75,0.43,2.33,0.36,0.02,0.0,0.0,1.2,0.25,15.25
1987-03-31,3.17,0.98,1.47,0.22,2.43,1.32,0.65,0.91,0.71,2.47,6.21,1.75,0.95,3.28,5.72,0.32,0.0,0.0,2.72,0.58,25.42
1987-04-30,3.94,5.9,8.85,0.07,12.55,1.64,0.81,5.68,4.46,10.49,18.72,5.28,0.31,16.29,19.06,1.07,0.0,0.0,0.44,0.09,3.43
1987-05-31,1.74,5.96,8.94,0.12,5.83,0.72,0.36,10.57,8.31,15.29,15.09,4.26,0.54,11.04,6.74,0.38,0.0,0.0,0.1,0.02,5.05
1987-06-30,0.33,0.83,1.25,0.05,0.86,0.14,0.07,4.9,3.85,5.55,4.83,1.36,0.21,2.08,0.35,0.02,-0.0,-0.0,0.0,0.0,0.72
1987-07-31,0.15,0.08,0.12,0.01,0.18,0.06,0.03,1.56,1.23,1.83,0.0,0.0,0.04,1.46,0.13,0.01,-0.0,-0.0,0.0,0.0,4.61
1987-08-31,0.14,0.07,0.1,0.0,0.0,0.06,0.03,1.06,0.83,1.09,0.0,0.0,0.0,0.56,0.13,0.01,-0.0,-0.0,0.05,0.01,1.42
1987-09-30,0.18,0.12,0.18,0.02,0.0,0.07,0.04,0.31,0.25,0.96,1.16,0.33,0.06,0.0,0.0,0.0,-0.0,-0.0,0.05,0.01,0.0
1987-10-31,0.12,0.03,0.04,0.03,0.09,0.05,0.02,0.43,0.34,1.08,0.76,0.22,0.14,0.0,0.0,0.0,0.08,0.03,0.02,0.0,0.0
1987-11-30,0.57,0.36,0.54,0.01,0.24,0.24,0.12,1.37,1.07,1.39,1.1,0.31,0.03,0.0,0.0,0.0,0.0,0.0,0.02,0.0,2.42
1987-12-31,0.66,0.46,0.7,0.08,1.21,0.27,0.14,0.39,0.31,1.78,1.81,0.51,0.33,0.4,1.06,0.06,0.03,0.01,0.11,0.02,1.65
1988-01-31,1.36,0.73,1.09,0.16,1.6,0.57,0.28,1.24,0.98,1.76,3.57,1.01,0.71,0.84,2.65,0.15,0.05,0.02,0.71,0.15,6.81
1988-02-29,1.87,1.03,1.54,0.08,2.18,0.78,0.38,0.84,0.66,2.16,4.79,1.35,0.34,1.92,4.57,0.26,0.04,0.01,0.23,0.05,11.23
1988-03-31,3.19,2.53,3.79,0.07,5.6,1.33,0.65,1.66,1.3,4.29,10.77,3.04,0.32,7.93,12.14,0.68,0.0,0.0,0.43,0.09,7.08
1988-04-30,2.95,4.21,6.31,0.05,8.17,1.23,0.6,4.35,3.42,7.26,14.03,3.96,0.23,12.03,14.62,0.82,0.08,0.02,0.43,0.09,11.02
1988-05-31,1.6,5.32,7.98,0.07,5.58,0.67,0.33,8.18,6.42,12.56,13.04,3.68,0.31,10.34,8.01,0.45,0.05,0.01,0.12,0.03,4.2
1988-06-30,0.48,1.89,2.84,0.05,1.26,0.2,0.1,5.95,4.68,7.57,6.47,1.83,0.2,3.15,1.67,0.09,0.0,0.0,0.05,0.01,3.08
1988-07-31,0.17,0.19,0.29,0.02,0.14,0.07,0.03,2.11,1.65,2.04,0.0,0.0,0.09,1.73,0.55,0.03,0.05,0.02,0.15,0.03,3.66
1988-08-31,0.16,0.06,0.09,0.0,0.0,0.07,0.03,0.22,0.17,1.14,0.0,0.0,0.0,0.31,0.0,0.0,0.0,0.0,0.17,0.03,3.33
1988-09-30,0.15,0.07,0.11,0.13,0.0,0.06,0.03,0.55,0.44,0.82,0.79,0.22,0.57,0.0,0.0,0.0,0.0,0.0,0.05,0.01,0.0
1988-10-31,0.34,0.0,0.0,0.15,0.0,0.14,0.07,0.32,0.25,0.79,0.59,0.17,0.68,0.0,0.0,0.0,0.0,0.0,0.01,0.0,0.64
1988-11-30,0.36,0.24,0.35,0.06,0.67,0.15,0.07,0.61,0.48,1.23,0.88,0.25,0.27,0.17,0.96,0.05,0.31,0.1,0.03,0.01,0.0
1988-12-31,0.74,0.32,0.48,0.04,0.71,0.31,0.15,0.58,0.45,1.17,1.59,0.45,0.18,1.03,0.98,0.06,0.0,0.0,0.19,0.04,3.15
1989-01-31,0.84,0.46,0.7,0.08,0.9,0.35,0.17,0.66,0.52,1.29,2.16,0.61,0.37,1.19,1.65,0.09,0.15,0.05,0.39,0.08,4.6
1989-02-28,1.46,0.89,1.33,0.23,2.77,0.61,0.3,0.92,0.72,1.57,4.76,1.34,1.0,2.72,4.82,0.27,0.04,0.01,0.45,0.09,6.07
1989-03-31,9.38,4.98,7.47,0.69,13.35,3.91,1.92,3.86,3.03,8.68,37.47,10.57,3.04,8.48,40.74,2.29,2.69,0.85,2.88,0.61,26.24
1989-04-30,8.53,8.55,12.83,0.3,21.18,3.55,1.75,9.67,7.6,22.52,44.83,12.64,1.33,31.09,39.41,2.22,2.18,0.69,0.54,0.11,9.19
1989-05-31,3.02,8.87,13.31,0.47,13.36,1.26,0.62,11.96,9.39,27.13,29.35,8.28,2.06,18.89,16.19,0.91,0.24,0.08,0.14,0.03,0.0
1989-06-30,1.12,4.23,6.34,0.18,3.87,0.47,0.23,11.39,8.95,25.12,15.48,4.37,0.81,9.35,2.53,0.14,1.05,0.33,0.0,0.0,0.0
1989-07-31,0.42,0.26,0.38,0.04,0.19,0.17,0.09,3.66,2.87,5.68,3.59,1.01,0.16,4.3,0.84,0.05,0.0,0.0,0.05,0.01,0.14
1989-08-31,0.3,0.06,0.09,0.0,0.05,0.12,0.06,0.71,0.56,2.23,1.26,0.35,0.0,6.25,2.78,0.16,0.0,0.0,0.0,0.0,0.0
1989-09-30,0.06,0.37,0.56,0.02,0.26,0.02,0.01,1.26,0.99,1.98,0.96,0.27,0.08,0.0,0.0,0.0,0.0,0.0,0.03,0.01,0.0
1989-10-31,1.12,1.14,1.71,0.05,0.87,0.47,0.23,1.96,1.54,2.05,8.95,2.53,0.23,4.66,2.79,0.16,-0.0,-0.0,0.07,0.01,0.0
1989-11-30,0.85,0.81,1.21,0.02,1.67,0.35,0.17,1.38,1.08,1.95,1.99,0.56,0.11,0.49,2.36,0.13,-0.0,-0.0,0.17,0.04,1.1
1989-12-31,0.64,0.37,0.55,0.04,1.17,0.27,0.13,1.05,0.83,1.94,2.13,0.6,0.18,1.37,2.4,0.14,-0.0,-0.0,0.12,0.02,0.0
1990-01-31,1.26,0.63,0.94,0.11,1.68,0.52,0.26,0.7,0.55,1.77,3.03,0.86,0.48,2.63,3.96,0.22,-0.0,-0.0,0.61,0.13,2.52
1990-02-28,1.29,0.65,0.97,0.1,1.2,0.54,0.26,0.85,0.67,1.61,3.56,1.0,0.46,2.62,4.6,0.26,0.0,0.0,1.58,0.33,1.5
1990-03-31,4.4,2.44,3.66,0.3,5.56,1.83,0.9,1.83,1.44,4.25,13.63,3.85,1.31,7.61,15.57,0.88,0.0,0.0,1.72,0.36,16.89
1990-04-30,4.17,6.38,9.56,0.05,12.47,1.74,0.85,7.14,5.61,11.84,25.04,7.06,0.21,18.08,22.27,1.25,0.0,0.0,0.42,0.09,11.37
1990-05-31,1.53,4.86,7.3,0.02,5.11,0.64,0.31,7.82,6.14,13.74,14.41,4.06,0.09,11.07,7.42,0.42,0.0,0.0,0.27,0.06,8.71
1990-06-30,0.64,1.78,2.67,0.06,2.37,0.27,0.13,6.11,4.8,9.74,9.1,2.57,0.24,5.85,4.26,0.24,0.0,0.0,0.17,0.04,2.14
1990-07-31,0.35,0.17,0.25,0.01,0.05,0.15,0.07,2.34,1.84,2.71,2.38,0.67,0.04,1.19,1.14,0.06,0.0,0.0,0.03,0.01,0.69
1990-08-31,0.05,0.12,0.18,0.0,0.2,0.02,0.01,0.69,0.55,1.37,0.23,0.06,0.0,0.0,0.4,0.02,0.0,0.0,0.0,0.0,0.0
1990-09-30,0.0,0.22,0.33,0.0,0.0,0.0,0.0,0.43,0.34,1.01,0.55,0.16,0.0,1.17,0.77,0.04,0.0,0.0,0.06,0.01,0.0
1990-10-31,0.2,0.0,0.0,0.0,0.0,0.08,0.04,0.64,0.5,1.0,0.7,0.2,0.0,0.0,0.77,0.04,0.05,0.02,0.04,0.01,0.0
1990-11-30,0.27,0.06,0.09,0.0,0.14,0.11,0.06,0.4,0.32,1.17,0.42,0.12,0.0,0.1,0.98,0.06,0.0,0.0,0.02,0.0,0.0
1990-12-31,0.28,0.05,0.07,0.0,0.17,0.12,0.06,0.48,0.38,1.22,0.81,0.23,0.0,0.09,1.2,0.07,0.25,0.08,0.0,0.0,0.0
1991-01-31,0.31,0.11,0.16,0.02,0.27,0.13,0.06,0.2,0.16,1.25,0.36,0.1,0.08,0.0,0.59,0.03,0.0,0.0,0.01,0.0,0.0
1991-02-28,0.57,0.14,0.21,0.06,0.53,0.24,0.12,0.29,0.23,0.93,0.9,0.25,0.27,0.93,0.64,0.04,0.2,0.06,0.08,0.02,0.0
1991-03-31,4.99,1.6,2.4,0.3,3.3,2.08,1.02,0.94,0.74,2.47,6.99,1.97,1.31,5.17,8.71,0.49,1.53,0.48,5.97,1.26,32.1
1991-04-30,6.69,2.96,4.44,0.37,6.74,2.79,1.37,3.18,2.5,5.0,17.81,5.02,1.65,9.57,19.43,1.09,1.55,0.49,0.76,0.16,11.26
1991-05-31,2.04,8.71,13.06,0.2,15.54,0.85,0.42,11.17,8.78,16.01,36.13,10.19,0.9,18.44,35.62,2.01,3.4,1.07,0.2,0.04,10.2
1991-06-30,1.05,7.0,10.5,0.27,5.51,0.44,0.22,11.99,9.42,19.55,20.83,5.88,1.19,10.82,10.3,0.58,2.03,0.64,0.03,0.01,0.0
1991-07-31,0.49,0.68,1.02,0.03,0.61,0.2,0.1,4.41,3.46,4.11,4.7,1.33,0.12,2.37,1.6,0.09,0.67,0.21,0.02,0.01,0.0
1991-08-31,0.23,0.07,0.1,0.0,0.0,0.1,0.05,0.98,0.77,1.57,1.12,0.32,0.0,0.8,0.47,0.03,0.52,0.16,0.02,0.0,0.0
1991-09-30,0.19,0.18,0.27,0.0,0.12,0.08,0.04,0.89,0.7,1.22,0.72,0.2,0.0,1.06,0.25,0.01,0.9,0.28,0.04,0.01,0.0
1991-10-31,0.36,0.22,0.32,0.05,0.17,0.15,0.07,0.68,0.54,1.17,0.99,0.28,0.21,0.93,1.44,0.08,0.36,0.11,0.1,0.02,0.0
1991-11-30,0.43,0.71,1.06,0.01,0.72,0.18,0.09,1.39,1.09,2.04,2.03,0.57,0.07,1.01,1.41,0.08,0.41,0.13,0.02,0.0,0.08
1991-12-31,0.43,0.24,0.35,0.04,0.8,0.18,0.09,0.87,0.68,1.89,1.54,0.43,0.16,0.81,1.12,0.06,0.76,0.24,0.16,0.03,0.0
1992-01-31,1.47,0.48,0.72,0.04,1.13,0.61,0.3,0.64,0.5,1.71,1.88,0.53,0.2,1.26,1.54,0.09,0.07,0.02,0.52,0.11,3.95
1992-02-29,3.44,1.07,1.61,0.32,2.34,1.43,0.7,0.91,0.71,1.99,6.12,1.73,1.41,3.43,7.53,0.42,1.02,0.32,5.53,1.17,31.0
1992-03-31,4.72,1.89,2.83,0.27,5.48,1.97,0.97,1.62,1.27,3.42,11.66,3.29,1.2,6.01,14.17,0.8,1.9,0.6,2.17,0.46,15.96
1992-04-30,1.24,7.16,10.74,0.09,13.58,0.52,0.25,6.91,5.43,11.69,24.98,7.05,0.37,15.21,24.79,1.4,2.14,0.68,0.42,0.09,16.7
1992-05-31,1.0,5.21,7.81,0.14,4.09,0.42,0.2,8.77,6.89,14.18,15.46,4.36,0.64,7.91,5.7,0.32,0.85,0.27,0.13,0.03,15.29
1992-06-30,0.48,0.67,1.0,0.03,0.23,0.2,0.1,3.38,2.66,4.36,4.47,1.26,0.16,1.66,1.03,0.06,0.99,0.31,0.04,0.01,0.0
1992-07-31,0.45,1.55,2.32,0.06,0.81,0.19,0.09,3.23,2.54,2.55,4.25,1.2,0.27,2.06,1.56,0.09,1.36,0.43,0.08,0.02,0.0
1992-08-31,0.18,0.17,0.26,0.0,0.09,0.07,0.04,1.0,0.79,1.27,1.3,0.37,0.01,1.35,0.63,0.04,1.01,0.32,0.11,0.02,0.0
1992-09-30,0.17,0.0,0.0,0.02,0.0,0.07,0.03,0.72,0.57,0.98,0.85,0.24,0.09,0.34,0.69,0.04,0.79,0.25,0.02,0.0,0.0
1992-10-31,0.27,0.12,0.17,0.04,0.05,0.11,0.06,0.54,0.42,1.1,0.81,0.23,0.19,0.7,0.84,0.05,0.12,0.04,0.0,0.0,0.0
1992-11-30,0.45,0.24,0.36,0.0,0.21,0.19,0.09,0.88,0.69,1.37,1.04,0.29,0.02,0.68,0.93,0.05,0.09,0.03,0.01,0.0,0.0
1992-12-31,3.73,0.4,0.6,0.16,1.15,1.55,0.76,0.69,0.54,2.09,1.04,0.29,0.7,1.45,1.59,0.09,1.12,0.35,1.18,0.25,5.59
1993-01-31,7.07,1.34,2.01,1.01,1.45,2.94,1.45,1.28,1.01,2.39,9.88,2.79,4.43,3.06,17.36,0.98,3.54,1.12,13.6,2.88,101.78
1993-02-28,8.16,0.96,1.44,0.7,1.77,3.4,1.67,0.98,0.77,1.78,9.48,2.67,3.1,2.98,13.82,0.78,3.26,1.03,6.68,1.41,41.15
1993-03-31,17.87,4.02,6.03,1.17,9.08,7.44,3.66,3.08,2.42,6.75,42.38,11.95,5.14,12.94,42.13,2.37,8.29,2.62,5.92,1.25,47.33
1993-04-30,14.81,6.07,9.1,0.56,14.91,6.17,3.03,5.9,4.64,14.13,52.36,14.77,2.45,21.12,44.65,2.51,7.05,2.23,2.88,0.61,28.78
1993-05-31,6.3,16.49,24.73,0.74,37.61,2.62,1.29,19.66,15.45,44.5,85.31,24.06,3.27,42.5,64.79,3.65,5.18,1.64,0.76,0.16,10.56
1993-06-30,1.15,13.81,20.71,0.4,17.38,0.48,0.24,17.62,13.84,40.2,46.77,13.19,1.78,31.1,28.47,1.6,1.23,0.39,0.56,0.12,0.0
1993-07-31,0.9,4.27,6.41,0.16,2.63,0.37,0.18,12.28,9.65,18.18,14.79,4.17,0.7,6.81,2.73,0.15,1.36,0.43,0.07,0.01,0.0
1993-08-31,0.52,0.29,0.44,0.01,0.08,0.22,0.11,3.78,2.97,4.31,3.65,1.03,0.06,0.2,0.48,0.03,1.14,0.36,0.05,0.01,0.0
1993-09-30,0.36,0.09,0.14,0.04,0.0,0.15,0.07,1.19,0.93,2.29,1.58,0.45,0.15,0.64,0.58,0.03,0.92,0.29,0.1,0.02,0.0
1993-10-31,0.44,0.14,0.21,0.04,0.02,0.18,0.09,1.28,1.01,2.05,1.48,0.42,0.16,0.19,0.58,0.03,0.78,0.25,0.19,0.04,0.0
1993-11-30,0.33,0.06,0.09,0.01,0.1,0.14,0.07,0.73,0.58,1.73,0.66,0.19,0.06,0.54,1.16,0.07,0.91,0.29,0.14,0.03,0.0
1993-12-31,0.37,0.16,0.24,0.02,0.42,0.15,0.08,0.63,0.5,1.7,1.39,0.39,0.09,1.06,1.65,0.09,1.1,0.35,0.36,0.08,0.0
1994-01-31,0.69,0.27,0.4,0.08,2.13,0.29,0.14,0.31,0.24,1.67,1.59,0.45,0.36,1.55,1.37,0.08,1.06,0.33,0.45,0.09,2.44
1994-02-28,2.17,0.41,0.61,0.15,2.07,0.9,0.44,0.52,0.41,1.55,4.18,1.18,0.69,2.04,2.31,0.13,0.0,0.0,1.95,0.41,8.42
1994-03-31,3.37,1.93,2.9,0.16,4.09,1.4,0.69,1.99,1.57,3.66,11.43,3.22,0.72,6.64,10.93,0.62,0.94,0.3,0.65,0.14,7.87
1994-04-30,2.79,4.79,7.18,0.1,9.5,1.16,0.57,5.3,4.16,9.4,19.92,5.62,0.42,13.61,17.93,1.01,1.44,0.45,0.5,0.11,10.24
1994-05-31,1.24,6.79,10.19,0.25,10.57,0.52,0.25,9.8,7.7,17.43,22.18,6.26,1.1,17.51,15.86,0.89,2.43,0.77,0.31,0.07,36.34
1994-06-30,0.75,1.63,2.45,0.12,1.38,0.31,0.15,5.79,4.55,9.35,8.22,2.32,0.52,4.91,2.02,0.11,1.09,0.34,0.2,0.04,0.0
1994-07-31,0.29,0.14,0.21,0.0,0.1,0.12,0.06,1.42,1.12,1.94,1.7,0.48,0.02,0.93,0.0,0.0,0.64,0.2,0.21,0.04,0.0
1994-08-31,0.16,0.0,0.0,0.0,0.0,0.07,0.03,0.45,0.35,1.11,0.74,0.21,0.0,0.0,0.05,0.0,0.78,0.25,0.06,0.01,0.0
1994-09-30,0.16,0.03,0.05,0.0,0.0,0.07,0.03,0.67,0.53,0.92,0.43,0.12,0.0,0.61,0.67,0.04,0.73,0.23,0.18,0.04,0.07
1994-10-31,0.37,0.25,0.37,0.0,0.01,0.15,0.08,1.1,0.87,0.87,1.11,0.31,0.0,1.05,0.38,0.02,0.46,0.15,0.02,0.0,0.0
1994-11-30,0.54,0.97,1.45,0.04,1.56,0.22,0.11,1.49,1.17,3.47,1.13,0.32,0.16,2.59,2.73,0.15,0.82,0.26,0.05,0.01,4.23
1994-12-31,3.95,0.56,0.84,0.16,1.92,1.64,0.81,1.0,0.79,1.92,3.26,0.92,0.69,2.14,1.95,0.11,1.26,0.4,0.61,0.13,0.0
1995-01-31,11.81,2.09,3.14,1.31,2.61,4.92,2.42,1.54,1.21,12.2,13.44,3.79,5.75,9.06,28.42,1.6,4.89,1.55,16.08,3.4,99.62
1995-02-28,6.19,2.01,3.01,0.38,3.74,2.58,1.27,1.55,1.22,3.44,18.45,5.2,1.67,6.49,17.18,0.97,4.99,1.58,2.01,0.42,17.88
1995-03-31,22.84,4.91,7.37,1.96,11.28,9.51,4.68,3.41,2.68,14.66,51.76,14.6,8.64,17.21,62.88,3.54,12.23,3.86,21.5,4.55,136.24
1995-04-30,16.13,6.06,9.1,1.13,15.97,6.72,3.3,4.27,3.36,14.36,54.62,15.4,4.96,19.57,56.74,3.19,11.91,3.76,4.16,0.88,28.0
1995-05-31,22.85,12.54,18.81,1.41,34.88,9.51,4.68,13.86,10.89,38.81,91.74,25.88,6.21,39.22,83.22,4.69,12.16,3.84,6.37,1.35,45.02
1995-06-30,6.01,20.52,30.78,0.87,39.88,2.5,1.23,27.33,21.47,53.6,99.38,28.03,3.82,53.42,54.8,3.09,3.53,1.12,1.72,0.36,9.59
1995-07-31,1.18,16.24,24.36,0.57,18.09,0.49,0.24,26.74,21.01,42.91,55.69,15.71,2.51,30.09,11.39,0.64,0.0,0.0,0.55,0.12,0.0
1995-08-31,1.0,2.53,3.8,0.03,1.22,0.42,0.2,10.09,7.93,10.91,13.2,3.72,0.15,3.11,1.44,0.08,2.86,0.9,0.05,0.01,0.0
1995-09-30,0.62,0.3,0.45,0.04,0.08,0.26,0.13,2.97,2.33,4.41,3.3,0.93,0.19,0.9,0.75,0.04,1.49,0.47,0.35,0.07,0.0
1995-10-31,0.6,0.1,0.15,0.0,0.0,0.25,0.12,1.33,1.05,1.9,2.2,0.62,0.0,0.21,0.11,0.01,1.6,0.51,0.29,0.06,0.0
1995-11-30,1.06,0.04,0.05,0.04,0.0,0.44,0.22,0.93,0.73,1.18,1.78,0.5,0.18,0.21,0.63,0.04,0.75,0.24,0.48,0.1,0.0
1995-12-31,2.69,1.24,1.85,0.13,1.94,1.12,0.55,1.05,0.83,3.3,4.76,1.34,0.58,4.06,3.36,0.19,2.15,0.68,1.03,0.22,8.52
1996-01-31,8.92,1.15,1.72,0.28,2.2,3.71,1.83,1.02,0.8,4.84,6.2,1.75,1.24,4.39,5.43,0.31,2.67,0.84,6.18,1.31,29.76
1996-02-29,15.96,4.33,6.49,0.99,7.56,6.65,3.27,1.63,1.28,9.96,37.34,10.53,4.35,15.08,39.03,2.2,7.76,2.45,11.74,2.48,91.59
1996-03-31,12.78,3.38,5.08,1.06,7.21,5.32,2.62,1.68,1.32,10.35,32.38,9.13,4.7,11.5,30.6,1.72,8.36,2.64,5.97,1.26,61.4
1996-04-30,9.31,6.88,10.32,0.48,18.53,3.88,1.91,10.74,8.44,19.11,48.7,13.74,2.1,21.85,43.9,2.47,7.91,2.5,2.79,0.59,25.73
1996-05-31,6.84,15.12,22.67,1.17,32.57,2.85,1.4,18.64,14.64,43.91,71.99,20.31,5.16,44.67,57.75,3.25,6.31,1.99,1.52,0.32,7.16
1996-06-30,1.43,8.16,12.25,0.41,8.76,0.6,0.29,14.85,11.67,30.32,37.76,10.65,1.83,18.33,9.01,0.51,0.71,0.23,0.72,0.15,10.35
1996-07-31,1.2,1.3,1.95,0.08,1.01,0.5,0.25,8.71,6.84,8.98,11.47,3.23,0.37,2.64,1.95,0.11,3.13,0.99,0.45,0.1,0.0
1996-08-31,0.75,0.2,0.3,0.01,0.0,0.31,0.15,2.43,1.91,0.97,4.57,1.29,0.07,0.95,0.79,0.04,2.15,0.68,0.33,0.07,0.0
1996-09-30,0.56,0.1,0.16,0.02,0.15,0.23,0.11,0.92,0.73,0.13,2.95,0.83,0.07,0.05,0.52,0.03,0.96,0.3,0.18,0.04,0.0
1996-10-31,1.83,0.1,0.15,0.04,0.12,0.76,0.37,0.91,0.71,1.16,1.94,0.55,0.16,0.0,0.25,0.01,1.92,0.61,0.1,0.02,0.0
1996-11-30,4.96,1.62,2.43,0.1,3.6,2.07,1.02,1.79,1.41,4.86,5.29,1.49,0.46,4.27,7.49,0.42,2.03,0.64,1.06,0.22,3.91
1996-12-31,11.31,2.8,4.21,0.85,5.98,4.71,2.32,2.25,1.77,12.1,26.69,7.53,3.75,12.31,44.2,2.49,7.12,2.25,16.06,3.4,92.8
1997-01-31,37.49,12.84,19.25,2.07,13.19,15.61,7.68,14.82,11.65,33.01,79.92,22.54,9.11,36.18,120.56,6.79,27.49,8.68,28.69,6.07,152.74
1997-02-28,7.19,1.59,2.39,0.56,4.37,2.99,1.47,1.8,1.41,8.83,17.14,4.84,2.49,5.64,20.33,1.14,6.65,2.1,3.61,0.76,0.0
1997-03-31,4.67,4.0,6.0,0.17,10.27,1.94,0.96,4.46,3.5,12.64,26.71,7.53,0.76,13.91,27.73,1.56,6.16,1.95,1.51,0.32,0.0
1997-04-30,5.0,7.21,10.82,0.14,17.68,2.08,1.02,8.69,6.83,18.02,38.98,10.99,0.63,21.12,31.51,1.77,6.66,2.1,0.92,0.19,0.0
1997-05-31,2.43,13.72,20.57,0.0,18.76,1.01,0.5,18.77,14.75,35.44,49.36,13.92,0.0,31.03,21.02,1.18,6.96,2.2,0.55,0.12,0.0
1997-06-30,1.92,5.95,8.92,0.08,4.9,0.8,0.39,13.93,10.94,20.69,22.3,6.29,0.35,12.7,3.96,0.22,6.58,2.08,0.27,0.06,0.0
1997-07-31,0.96,0.39,0.59,0.06,0.38,0.4,0.2,5.69,4.47,5.2,7.78,2.19,0.24,2.44,1.0,0.06,2.03,0.64,0.16,0.03,0.0
1997-08-31,0.65,0.19,0.28,0.12,0.03,0.27,0.13,2.24,1.76,2.8,2.39,0.67,0.53,0.36,0.78,0.04,0.96,0.3,0.07,0.01,0.0
1997-09-30,0.55,0.0,0.0,0.05,0.0,0.23,0.11,0.97,0.76,1.13,1.89,0.53,0.2,1.73,1.14,0.06,1.16,0.37,0.04,0.01,0.0
1997-10-31,0.71,0.0,0.0,0.04,0.0,0.3,0.15,0.98,0.77,1.99,1.42,0.4,0.2,1.1,1.21,0.07,1.38,0.44,0.11,0.02,0.0
1997-11-30,0.94,0.13,0.19,0.06,0.86,0.39,0.19,0.72,0.57,2.1,1.12,0.32,0.28,1.2,0.73,0.04,1.3,0.41,0.41,0.09,2.81
1997-12-31,3.55,0.47,0.71,0.1,1.69,1.48,0.73,0.82,0.65,1.5,1.91,0.54,0.44,1.24,1.62,0.09,1.63,0.51,0.65,0.14,0.0
1998-01-31,6.38,2.29,3.43,0.6,2.32,2.66,1.31,1.13,0.89,8.79,5.14,1.45,2.62,3.71,13.01,0.73,2.3,0.73,11.07,2.34,77.23
1998-02-28,5.97,0.05,0.07,2.01,1.98,2.49,1.22,1.08,0.85,8.75,7.36,2.08,8.88,3.92,19.07,1.07,3.99,1.26,26.24,5.55,143.77
1998-03-31,13.08,3.27,4.91,1.88,6.42,5.45,2.68,2.81,2.21,8.37,32.15,9.07,8.28,10.5,38.71,2.18,7.49,2.37,8.62,1.82,63.26
1998-04-30,11.07,4.51,6.76,0.86,10.56,4.61,2.27,4.2,3.3,12.23,36.45,10.28,3.81,13.46,36.41,2.05,8.43,2.66,9.0,1.91,67.62
1998-05-31,14.39,8.48,12.71,0.63,20.49,5.99,2.95,9.54,7.49,25.05,67.34,18.99,2.79,24.76,59.55,3.35,10.79,3.41,4.73,1.0,43.61
1998-06-30,9.16,23.81,35.72,1.39,42.77,3.81,1.88,26.97,21.19,56.82,113.2,31.93,6.14,54.05,70.01,3.94,1.66,0.52,1.81,0.38,6.84
1998-07-31,1.32,16.04,24.06,0.86,11.96,0.55,0.27,22.76,17.89,40.18,40.85,11.52,3.81,25.37,14.02,0.79,2.82,0.89,0.82,0.17,13.36
1998-08-31,1.12,1.2,1.81,0.1,0.38,0.47,0.23,5.74,4.51,8.45,6.98,1.97,0.46,1.8,3.99,0.22,3.05,0.96,0.43,0.09,0.0
1998-09-30,0.97,0.32,0.47,0.04,0.35,0.4,0.2,2.51,1.97,6.91,1.45,0.41,0.2,0.79,2.63,0.15,1.89,0.6,0.35,0.07,5.17
1998-10-31,0.97,0.29,0.43,0.05,0.0,0.4,0.2,1.49,1.17,2.55,2.56,0.72,0.22,0.0,0.55,0.03,1.61,0.51,0.25,0.05,0.0
1998-11-30,1.62,0.68,1.02,0.11,2.6,0.67,0.33,1.18,0.93,2.49,3.27,0.92,0.47,2.44,2.85,0.16,1.37,0.43,0.54,0.11,4.5
1998-12-31,3.55,0.87,1.3,0.13,4.31,1.48,0.73,1.52,1.19,2.46,5.13,1.45,0.59,1.75,3.81,0.21,1.2,0.38,0.73,0.16,5.46
1999-01-31,8.47,1.06,1.59,0.66,2.03,3.53,1.73,1.08,0.85,4.7,21.0,5.92,2.89,4.38,14.13,0.8,0.0,0.0,5.16,1.09,20.01
1999-02-28,9.77,1.29,1.94,2.39,1.77,4.07,2.0,1.13,0.89,7.2,16.73,4.72,10.56,4.56,24.42,1.37,5.25,1.66,13.27,2.81,79.46
1999-03-31,8.56,1.72,2.57,0.75,3.75,3.56,1.75,1.61,1.27,5.14,19.86,5.6,3.29,7.68,24.52,1.38,5.28,1.67,3.69,0.78,21.17
1999-04-30,9.59,4.22,6.34,1.21,10.39,3.99,1.96,4.02,3.16,10.7,32.76,9.24,5.35,12.82,35.05,1.97,5.79,1.83,3.08,0.65,15.6
1999-05-31,5.02,16.26,24.39,3.59,35.1,2.09,1.03,19.15,15.05,35.73,79.51,22.43,15.83,38.86,62.36,3.51,5.53,1.75,1.22,0.26,0.0
1999-06-30,1.22,11.61,17.42,0.31,14.77,0.51,0.25,19.25,15.13,34.64,41.21,11.62,1.39,25.57,18.57,1.05,4.48,1.42,0.63,0.13,0.0
1999-07-31,1.05,1.34,2.02,0.12,1.4,0.44,0.22,7.64,6.0,10.16,9.75,2.75,0.53,4.88,2.5,0.14,3.07,0.97,0.3,0.06,0.0
1999-08-31,0.69,0.25,0.37,0.01,0.04,0.29,0.14,2.14,1.68,3.66,1.47,0.42,0.05,0.75,1.11,0.06,2.12,0.67,0.22,0.05,1.21
1999-09-30,0.51,0.09,0.13,0.0,0.0,0.21,0.1,0.83,0.65,4.53,0.0,0.0,0.02,1.21,0.58,0.03,1.79,0.56,0.14,0.03,4.46
1999-10-31,0.53,0.14,0.21,0.03,0.0,0.22,0.11,0.79,0.62,1.71,1.08,0.31,0.14,1.86,1.11,0.06,2.97,0.94,0.14,0.03,0.0
1999-11-30,0.73,0.32,0.48,0.03,0.27,0.3,0.15,0.87,0.68,1.68,1.53,0.43,0.13,0.91,0.32,0.02,1.53,0.48,0.32,0.07,4.44
1999-12-31,2.68,0.11,0.17,0.02,0.32,1.12,0.55,0.64,0.5,0.98,1.91,0.54,0.09,0.5,0.19,0.01,1.6,0.5,0.24,0.05,0.0
2000-01-31,7.26,1.25,1.87,0.32,1.85,3.02,1.49,0.92,0.72,5.27,6.7,1.89,1.43,3.89,12.71,0.72,1.41,0.44,5.02,1.06,34.23
2000-02-29,8.1,1.32,1.98,1.65,2.3,3.37,1.66,1.03,0.81,7.04,11.71,3.3,7.27,5.3,19.39,1.09,3.77,1.19,14.99,3.17,89.75
2000-03-31,9.52,2.5,3.74,1.48,4.66,3.96,1.95,2.1,1.65,7.64,20.75,5.85,6.51,7.76,24.71,1.39,7.44,2.35,5.26,1.11,42.07
2000-04-30,6.13,7.03,10.55,1.44,19.78,2.55,1.26,7.64,6.0,17.15,43.6,12.3,6.34,22.06,42.33,2.38,9.59,3.03,1.54,0.33,11.91
2000-05-31,1.99,15.22,22.82,1.7,24.44,0.83,0.41,17.9,14.06,35.52,54.83,15.46,7.51,33.23,39.74,2.24,6.36,2.01,1.38,0.29,0.0
2000-06-30,1.24,7.61,11.42,0.98,4.58,0.52,0.25,16.0,12.57,22.78,21.51,6.07,4.34,12.44,5.4,0.3,5.49,1.73,0.48,0.1,0.0
2000-07-31,0.87,0.48,0.71,0.1,0.27,0.36,0.18,4.57,3.59,5.34,3.96,1.12,0.42,1.5,0.46,0.03,3.61,1.14,0.22,0.05,0.0
2000-08-31,0.54,0.07,0.1,0.03,0.04,0.22,0.11,1.46,1.14,1.83,1.14,0.32,0.12,0.9,1.47,0.08,3.33,1.05,0.14,0.03,0.0
2000-09-30,0.57,0.11,0.16,0.01,0.07,0.24,0.12,1.03,0.81,2.63,0.18,0.05,0.06,1.52,0.81,0.05,2.99,0.94,0.2,0.04,0.0
2000-10-31,0.6,0.26,0.39,0.0,0.05,0.25,0.12,0.87,0.68,1.97,0.83,0.23,0.0,0.2,0.44,0.02,2.32,0.73,0.52,0.11,0.0
2000-11-30,0.63,0.24,0.36,0.02,0.21,0.26,0.13,0.74,0.58,1.18,1.28,0.36,0.07,1.8,1.35,0.08,1.54,0.49,0.1,0.02,0.0
2000-12-31,0.7,0.25,0.38,0.0,0.67,0.29,0.14,0.79,0.62,0.84,1.98,0.56,0.01,2.07,1.62,0.09,1.8,0.57,0.2,0.04,0.0
2001-01-31,0.71,0.34,0.51,0.05,0.93,0.3,0.15,0.7,0.55,1.45,1.46,0.41,0.22,1.68,0.67,0.04,0.22,0.07,0.89,0.19,10.15
2001-02-28,3.41,0.49,0.73,0.1,1.14,1.42,0.7,0.71,0.56,1.61,1.82,0.51,0.42,1.59,1.61,0.09,0.72,0.23,12.5,2.65,2.34
2001-03-31,5.9,3.17,4.76,0.33,5.43,2.46,1.21,2.32,1.82,4.43,14.27,4.03,1.48,8.65,14.57,0.82,1.46,0.46,9.17,1.94,14.27
2001-04-30,4.35,4.82,7.23,0.27,11.15,1.81,0.89,5.11,4.02,10.61,23.09,6.51,1.17,13.17,22.37,1.26,5.1,1.61,1.06,0.23,18.26
2001-05-31,1.23,12.53,18.8,0.32,14.14,0.51,0.25,15.85,12.46,30.7,34.03,9.6,1.41,20.67,24.34,1.37,5.07,1.6,0.0,0.0,3.58
2001-06-30,0.79,1.11,1.67,0.06,0.53,0.33,0.16,4.45,3.5,7.13,5.37,1.51,0.24,2.1,0.65,0.04,3.0,0.95,0.09,0.02,0.0
2001-07-31,0.42,0.31,0.47,0.01,0.13,0.17,0.09,1.47,1.15,1.56,2.04,0.58,0.04,0.82,0.0,0.0,2.8,0.89,0.11,0.02,0.0
2001-08-31,0.27,0.0,0.0,0.01,0.0,0.11,0.06,0.38,0.3,0.63,1.07,0.3,0.04,1.4,0.0,0.0,1.82,0.57,0.08,0.02,0.0
2001-09-30,0.25,0.0,0.0,0.0,0.0,0.1,0.05,0.46,0.36,1.19,0.19,0.05,0.0,0.29,0.0,0.0,0.91,0.29,0.0,0.0,0.0
2001-10-31,0.52,0.0,0.0,0.0,0.25,0.22,0.11,0.56,0.44,1.08,0.48,0.14,0.0,1.57,0.02,0.0,0.36,0.11,0.38,0.08,0.0
2001-11-30,1.18,0.83,1.24,0.09,1.33,0.49,0.24,1.07,0.84,2.18,1.6,0.45,0.42,2.58,2.16,0.12,0.16,0.05,0.01,0.0,4.2
2001-12-31,2.51,0.91,1.37,0.18,1.73,1.05,0.51,1.23,0.97,3.81,2.73,0.77,0.82,3.06,4.92,0.28,1.62,0.51,2.65,0.56,22.97
2002-01-31,3.28,1.03,1.55,0.09,1.68,1.37,0.67,1.9,1.49,2.5,6.01,1.7,0.41,2.85,8.55,0.48,4.29,1.35,2.77,0.59,15.15
2002-02-28,4.28,1.07,1.61,0.08,1.91,1.78,0.88,1.52,1.2,2.12,7.36,2.08,0.35,3.28,8.52,0.48,1.12,0.35,2.04,0.43,13.11
2002-03-31,9.11,1.79,2.69,0.25,3.79,3.79,1.87,1.77,1.39,4.46,14.52,4.09,1.1,6.03,16.5,0.93,3.79,1.2,3.93,0.83,21.87
2002-04-30,4.73,7.39,11.09,0.03,19.52,1.97,0.97,7.61,5.98,16.56,41.37,11.67,0.15,22.52,41.06,2.31,8.36,2.64,1.11,0.24,20.65
2002-05-31,1.35,10.83,16.25,0.0,19.88,0.56,0.28,12.77,10.03,28.37,34.4,9.7,0.0,26.84,31.72,1.79,7.78,2.46,1.01,0.21,8.47
2002-06-30,1.07,4.69,7.03,0.0,4.69,0.45,0.22,11.43,8.98,18.67,17.71,5.0,0.0,10.38,4.39,0.25,3.02,0.95,0.59,0.12,0.0
2002-07-31,0.52,0.18,0.26,0.02,0.12,0.22,0.11,2.71,2.13,4.11,2.9,0.82,0.09,2.06,0.46,0.03,1.54,0.49,0.21,0.04,0.0
2002-08-31,0.3,0.14,0.21,0.01,0.0,0.12,0.06,0.66,0.52,1.13,1.5,0.42,0.03,0.08,0.0,0.0,1.0,0.31,0.35,0.07,0.0
2002-09-30,0.23,0.01,0.01,0.02,0.0,0.1,0.05,0.53,0.41,0.66,0.57,0.16,0.09,0.58,0.0,0.0,1.37,0.43,0.27,0.06,0.0
2002-10-31,0.26,0.03,0.04,0.0,0.0,0.11,0.05,0.36,0.28,0.61,0.66,0.19,0.0,0.39,0.0,0.0,0.92,0.29,0.0,0.0,0.0
2002-11-30,0.87,1.36,2.03,0.09,1.8,0.36,0.18,1.31,1.03,3.26,2.53,0.71,0.41,2.49,2.3,0.13,0.83,0.26,0.28,0.06,7.17
2002-12-31,1.78,0.55,0.83,0.22,1.61,0.74,0.36,0.78,0.61,3.11,2.24,0.63,0.99,3.27,2.87,0.16,1.68,0.53,2.29,0.48,21.06
2003-01-31,3.02,1.29,1.94,0.31,2.37,1.26,0.62,1.17,0.92,2.55,8.73,2.46,1.35,3.83,9.17,0.52,1.72,0.54,0.98,0.21,13.49
2003-02-28,4.15,1.08,1.62,0.21,2.21,1.73,0.85,1.08,0.85,2.11,9.7,2.74,0.9,3.95,8.97,0.5,1.75,0.55,0.59,0.13,9.58
2003-03-31,6.74,2.54,3.8,0.25,7.76,2.81,1.38,2.1,1.65,3.61,18.32,5.17,1.1,9.17,17.62,0.99,2.46,0.78,0.78,0.16,7.14
2003-04-30,9.82,3.25,4.88,0.86,8.05,4.09,2.01,3.27,2.57,8.21,24.06,6.79,3.79,11.16,25.47,1.43,5.06,1.6,3.04,0.64,28.06
2003-05-31,2.79,13.32,19.98,1.12,26.39,1.16,0.57,15.53,12.2,31.09,59.38,16.75,4.92,32.33,53.23,3.0,7.46,2.36,1.43,0.3,27.02
2003-06-30,1.06,10.61,15.91,0.17,10.36,0.44,0.22,17.34,13.62,31.55,32.34,9.12,0.77,19.86,12.73,0.72,1.92,0.61,0.17,0.04,1.96
2003-07-31,0.64,0.74,1.1,0.04,0.97,0.27,0.13,5.08,3.99,4.53,5.55,1.57,0.16,1.87,0.48,0.03,1.76,0.56,0.01,0.0,0.0
2003-08-31,0.41,0.32,0.48,0.06,0.21,0.17,0.08,1.38,1.09,2.99,1.65,0.47,0.25,1.42,0.0,0.0,1.53,0.48,0.0,0.0,0.0
2003-09-30,0.29,0.16,0.24,0.04,0.07,0.12,0.06,0.68,0.53,1.39,0.98,0.28,0.18,0.05,0.0,0.0,1.06,0.34,0.0,0.0,0.0
2003-10-31,0.3,0.0,0.0,0.02,0.0,0.12,0.06,0.45,0.36,0.47,1.05,0.3,0.07,0.87,1.09,0.06,0.0,0.0,0.03,0.01,0.0
2003-11-30,0.89,0.02,0.04,0.08,0.38,0.37,0.18,0.55,0.43,1.28,1.18,0.33,0.36,0.47,0.71,0.04,0.02,0.01,0.06,0.01,0.0
2003-12-31,1.11,0.98,1.47,0.22,1.77,0.46,0.23,1.44,1.13,3.59,2.75,0.78,1.0,4.24,4.95,0.28,2.14,0.68,1.5,0.32,16.86
2004-01-31,2.87,0.7,1.05,0.22,1.48,1.2,0.59,1.2,0.94,2.13,3.93,1.11,0.95,3.13,5.37,0.3,3.77,1.19,2.18,0.46,7.45
2004-02-29,7.96,0.83,1.24,0.55,1.89,3.31,1.63,1.12,0.88,3.07,6.1,1.72,2.45,3.73,9.24,0.52,4.35,1.37,3.75,0.79,20.08
2004-03-31,6.8,4.57,6.85,0.42,12.55,2.83,1.39,4.7,3.69,8.79,30.64,8.64,1.84,15.15,32.34,1.82,6.45,2.04,1.75,0.37,20.73
2004-04-30,2.59,6.71,10.06,0.13,17.19,1.08,0.53,7.17,5.63,17.07,31.45,8.87,0.58,20.86,33.23,1.87,5.23,1.65,0.45,0.1,13.39
2004-05-31,1.17,9.28,13.93,0.51,12.15,0.49,0.24,11.41,8.96,22.76,25.04,7.06,2.26,18.59,15.91,0.9,4.38,1.38,0.17,0.04,0.0
2004-06-30,0.77,2.28,3.42,0.26,1.74,0.32,0.16,8.61,6.77,12.51,10.24,2.89,1.17,5.75,1.48,0.08,2.51,0.79,0.13,0.03,1.75
2004-07-31,0.39,0.15,0.22,0.06,0.28,0.16,0.08,3.22,2.53,4.48,1.31,0.37,0.27,1.59,0.0,0.0,2.15,0.68,0.1,0.02,1.75
2004-08-31,0.26,0.09,0.13,0.0,0.03,0.11,0.05,0.78,0.61,1.56,0.59,0.17,0.0,0.62,0.0,0.0,1.52,0.48,0.11,0.02,0.0
2004-09-30,0.27,0.08,0.12,0.0,0.3,0.11,0.06,0.39,0.3,0.0,1.33,0.38,0.01,0.03,0.0,0.0,1.22,0.38,0.04,0.01,0.0
2004-10-31,0.62,0.63,0.94,0.03,0.99,0.26,0.13,0.94,0.74,2.91,0.34,0.1,0.14,2.35,0.55,0.03,1.32,0.42,0.16,0.03,0.72
2004-11-30,0.92,0.78,1.17,0.03,1.43,0.38,0.19,1.48,1.16,1.81,2.57,0.72,0.13,2.64,1.65,0.09,1.36,0.43,0.29,0.06,2.45
2004-12-31,3.27,0.67,1.0,0.13,2.27,1.36,0.67,1.12,0.88,2.96,2.71,0.76,0.59,3.28,3.59,0.2,2.41,0.76,2.81,0.59,8.29
2005-01-31,5.44,1.3,1.94,0.75,2.48,2.27,1.11,1.37,1.08,6.93,5.32,1.5,3.32,4.48,12.73,0.72,4.21,1.33,11.24,2.38,75.1
2005-02-28,7.9,1.35,2.02,0.81,2.35,3.29,1.62,1.2,0.94,3.9,11.7,3.3,3.6,4.19,15.16,0.85,4.48,1.41,4.6,0.97,35.72
2005-03-31,11.34,2.64,3.96,1.11,5.39,4.72,2.32,2.35,1.85,7.13,22.74,6.41,4.89,9.32,28.14,1.58,6.92,2.19,11.56,2.45,57.51
2005-04-30,7.85,4.22,6.32,0.9,11.97,3.27,1.61,4.35,3.42,10.61,37.13,10.47,3.99,15.95,38.78,2.18,6.25,1.97,3.44,0.73,43.78
2005-05-31,15.69,19.9,29.85,0.64,39.82,6.53,3.21,24.7,19.41,45.94,121.52,34.27,2.82,52.46,87.84,4.95,1.56,0.49,1.88,0.4,28.74
2005-06-30,1.74,17.63,26.45,0.0,19.8,0.72,0.36,21.0,16.5,42.66,58.48,16.49,0.0,62.02,4.97,0.28,0.0,0.0,0.66,0.14,5.41
2005-07-31,1.12,5.74,8.61,0.16,2.67,0.47,0.23,15.88,12.48,20.35,15.74,4.44,0.7,12.16,0.95,0.05,2.0,0.63,0.27,0.06,0.0
2005-08-31,0.68,0.08,0.12,0.05,0.35,0.28,0.14,3.06,2.4,3.82,1.92,0.54,0.21,0.76,2.32,0.13,1.95,0.61,0.17,0.04,0.0
2005-09-30,0.51,0.02,0.04,0.05,0.1,0.21,0.1,0.76,0.59,1.66,1.21,0.34,0.23,0.0,0.0,0.0,1.77,0.56,0.03,0.01,0.0
2005-10-31,0.45,0.03,0.05,0.02,0.22,0.19,0.09,0.54,0.43,2.13,0.77,0.22,0.09,2.76,0.8,0.04,0.2,0.06,0.14,0.03,0.0
2005-11-30,2.42,0.29,0.44,0.04,0.6,1.01,0.5,0.92,0.73,1.66,1.32,0.37,0.16,1.27,1.17,0.07,1.71,0.54,0.11,0.02,0.0
2005-12-31,6.76,3.68,5.52,0.53,10.02,2.81,1.38,2.86,2.25,12.47,29.45,8.31,2.31,17.94,46.84,2.64,3.71,1.17,4.59,0.97,51.42
2006-01-31,7.42,2.47,3.71,0.82,5.66,3.09,1.52,2.43,1.91,6.84,27.09,7.64,3.64,9.37,30.62,1.72,6.8,2.15,8.55,1.81,66.3
2006-02-28,9.28,3.21,4.82,0.59,9.33,3.86,1.9,2.27,1.79,4.58,23.59,6.65,2.6,11.23,30.47,1.72,4.56,1.44,2.28,0.48,15.28
2006-03-31,8.13,2.57,3.86,2.33,6.04,3.39,1.66,2.4,1.89,8.77,21.48,6.06,10.26,8.53,25.58,1.44,4.56,1.44,14.54,3.08,92.75
2006-04-30,13.38,6.46,9.69,2.7,16.34,5.57,2.74,5.77,4.53,29.98,47.58,13.42,11.89,20.07,67.98,3.83,10.55,3.33,24.45,5.17,168.29
2006-05-31,17.28,21.53,32.29,1.02,41.75,7.2,3.54,26.12,20.52,56.16,118.55,33.44,4.49,52.66,81.57,4.59,0.0,0.0,2.28,0.48,15.28
2006-06-30,1.39,17.4,26.1,0.23,18.68,0.58,0.28,25.31,19.89,42.93,56.46,15.93,1.02,37.69,13.07,0.74,0.0,0.0,0.82,0.17,2.94
2006-07-31,1.11,2.95,4.42,0.05,1.68,0.46,0.23,13.2,10.37,15.23,13.4,3.78,0.21,4.8,4.04,0.23,1.27,0.4,0.36,0.08,2.43
2006-08-31,0.71,0.22,0.33,0.0,0.17,0.3,0.15,2.44,1.92,5.47,2.63,0.74,0.0,1.5,1.25,0.07,0.62,0.2,0.15,0.03,5.63
2006-09-30,0.43,0.12,0.18,0.0,0.12,0.18,0.09,0.94,0.74,3.94,0.65,0.18,0.0,0.0,0.79,0.04,0.37,0.12,0.11,0.02,5.0
2006-10-31,0.48,0.14,0.21,0.0,0.04,0.2,0.1,0.81,0.64,2.26,0.92,0.26,0.02,0.9,1.08,0.06,1.41,0.45,0.15,0.03,0.75
2006-11-30,0.82,0.3,0.45,0.01,1.02,0.34,0.17,1.07,0.84,1.11,2.52,0.71,0.04,1.12,1.98,0.11,1.52,0.48,0.27,0.06,0.0
2006-12-31,1.16,0.45,0.68,0.01,1.33,0.48,0.24,0.82,0.64,1.98,1.93,0.54,0.05,2.62,3.77,0.21,1.92,0.61,0.67,0.14,8.38
2007-01-31,2.73,0.59,0.89,0.03,1.36,1.14,0.56,0.74,0.58,1.23,3.26,0.92,0.13,2.24,4.31,0.24,1.65,0.52,0.65,0.14,3.46
2007-02-28,4.89,1.01,1.51,0.14,2.72,2.04,1.0,0.99,0.78,3.49,6.09,1.72,0.64,5.02,10.78,0.61,1.52,0.48,3.49,0.74,30.27
2007-03-31,4.15,3.09,4.64,0.26,9.1,1.73,0.85,2.79,2.19,7.23,16.17,4.56,1.16,8.66,22.82,1.28,3.13,0.99,1.54,0.33,22.72
2007-04-30,2.42,5.25,7.87,0.1,15.0,1.01,0.5,5.11,4.01,13.94,17.88,5.04,0.46,11.55,20.6,1.16,2.66,0.84,0.71,0.15,18.23
2007-05-31,1.22,7.03,10.54,0.06,9.21,0.51,0.25,9.07,7.13,21.29,17.93,5.06,0.26,13.59,12.16,0.68,2.69,0.85,0.41,0.09,8.6
2007-06-30,0.74,0.93,1.39,0.05,0.77,0.31,0.15,4.2,3.3,8.09,4.27,1.21,0.2,2.87,2.31,0.13,1.69,0.54,0.14,0.03,0.6
2007-07-31,0.4,0.07,0.11,0.01,0.25,0.17,0.08,1.06,0.83,1.46,1.86,0.53,0.07,1.49,1.3,0.07,1.05,0.33,0.1,0.02,0.0
2007-08-31,0.27,0.09,0.14,0.01,0.16,0.11,0.06,0.49,0.38,0.73,1.37,0.39,0.07,0.93,0.9,0.05,0.8,0.25,0.14,0.03,0.0
2007-09-30,0.25,0.1,0.15,0.03,0.09,0.1,0.05,0.37,0.29,0.46,0.86,0.24,0.15,0.33,0.96,0.05,1.09,0.35,0.05,0.01,0.0
2007-10-31,0.31,0.17,0.25,0.0,0.18,0.13,0.06,0.43,0.34,1.54,0.19,0.05,0.0,1.05,1.02,0.06,0.98,0.31,0.01,0.0,0.0
2007-11-30,0.32,0.06,0.09,0.0,0.38,0.13,0.07,0.41,0.32,0.28,1.16,0.33,0.0,0.62,0.52,0.03,1.4,0.44,0.02,0.0,0.0
2007-12-31,0.49,0.15,0.22,0.03,0.75,0.2,0.1,0.48,0.38,1.34,0.8,0.23,0.14,1.32,1.14,0.06,0.97,0.3,0.36,0.08,3.33
2008-01-31,0.88,0.47,0.71,0.13,1.2,0.37,0.18,0.65,0.51,2.92,0.56,0.16,0.55,2.95,2.74,0.15,1.61,0.51,3.45,0.73,25.01
2008-02-29,2.74,0.68,1.02,0.17,1.77,1.14,0.56,0.74,0.58,2.26,2.29,0.65,0.77,2.33,4.38,0.25,1.75,0.55,3.16,0.67,24.04
2008-03-31,5.84,2.07,3.11,0.22,3.62,2.43,1.2,1.76,1.38,3.26,12.03,3.39,0.96,5.7,12.7,0.72,2.42,0.76,0.94,0.2,10.37
2008-04-30,4.3,4.96,7.43,0.0,12.92,1.79,0.88,4.4,3.46,8.63,26.19,7.39,0.0,13.65,23.78,1.34,3.14,0.99,0.43,0.09,13.59
2008-05-31,1.42,10.05,15.07,0.0,17.85,0.59,0.29,12.03,9.45,24.87,34.27,9.67,0.0,22.33,28.17,1.59,3.99,1.26,0.18,0.04,11.08
2008-06-30,0.89,4.67,7.01,0.0,3.71,0.37,0.18,9.66,7.59,17.2,14.34,4.04,0.0,8.49,4.8,0.27,2.36,0.75,0.12,0.02,0.8
2008-07-31,0.36,0.3,0.45,0.02,0.29,0.15,0.07,2.89,2.27,3.46,2.8,0.79,0.07,1.78,1.62,0.09,1.89,0.6,0.15,0.03,0.0
2008-08-31,0.21,0.03,0.04,0.01,0.0,0.09,0.04,0.61,0.48,1.27,0.77,0.22,0.02,0.54,1.2,0.07,1.53,0.48,0.05,0.01,0.0
2008-09-30,0.23,0.09,0.14,0.0,0.09,0.1,0.05,0.26,0.2,0.89,0.31,0.09,0.0,1.16,1.24,0.07,1.18,0.37,0.03,0.01,0.0
2008-10-31,0.25,0.2,0.3,0.0,0.09,0.1,0.05,0.55,0.43,0.47,0.92,0.26,0.0,0.88,1.58,0.09,1.28,0.4,0.0,0.0,0.0
2008-11-30,0.55,1.68,2.53,0.03,0.94,0.23,0.11,3.01,2.36,2.77,2.29,0.64,0.15,2.96,2.54,0.14,1.17,0.37,0.0,0.0,0.02
2008-12-31,1.46,0.34,0.51,0.05,1.11,0.61,0.3,0.9,0.71,1.28,1.32,0.37,0.25,2.25,1.95,0.11,0.83,0.26,0.2,0.04,0.0
2009-01-31,2.55,1.75,2.63,0.23,2.66,1.06,0.52,1.67,1.31,3.26,6.33,1.79,1.03,4.85,8.34,0.47,1.13,0.36,0.66,0.14,11.64
2009-02-28,6.63,1.43,2.14,0.31,3.2,2.76,1.36,1.5,1.18,2.87,9.1,2.57,1.39,4.85,10.59,0.6,2.05,0.65,2.26,0.48,16.06
2009-03-31,8.73,3.13,4.7,1.03,8.41,3.64,1.79,2.8,2.2,6.76,25.72,7.25,4.57,10.68,30.06,1.69,4.53,1.43,4.16,0.88,38.54
2009-04-30,5.44,6.2,9.3,0.0,17.05,2.27,1.11,7.24,5.69,11.41,40.24,11.35,0.0,18.78,34.91,1.97,3.65,1.15,0.67,0.14,17.45
2009-05-31,3.39,16.9,25.36,0.16,27.96,1.41,0.69,19.91,15.64,40.24,66.28,18.69,0.69,36.42,48.51,2.73,0.35,0.11,0.6,0.13,8.2
2009-06-30,1.07,5.14,7.72,0.07,3.73,0.45,0.22,11.83,9.3,17.72,17.13,4.83,0.32,9.37,3.65,0.21,1.53,0.48,0.1,0.02,3.88
2009-07-31,0.52,0.43,0.64,0.03,0.35,0.22,0.11,5.3,4.17,6.07,3.93,1.11,0.15,1.35,0.5,0.03,0.79,0.25,0.03,0.01,2.42
2009-08-31,0.33,0.19,0.29,0.02,0.05,0.14,0.07,1.16,0.91,1.96,1.5,0.42,0.08,1.19,0.16,0.01,0.49,0.15,0.11,0.02,0.0
2009-09-30,0.23,0.01,0.01,0.02,0.0,0.1,0.05,0.55,0.43,1.04,0.84,0.24,0.07,0.43,0.0,0.0,0.35,0.11,0.08,0.02,0.0
2009-10-31,0.51,0.78,1.17,0.06,0.78,0.21,0.1,2.34,1.84,2.85,1.8,0.51,0.27,1.84,1.48,0.08,0.31,0.1,0.08,0.02,2.91
2009-11-30,0.44,0.01,0.02,0.04,0.71,0.18,0.09,0.75,0.59,0.74,2.01,0.57,0.16,0.83,0.33,0.02,0.04,0.01,0.0,0.0,0.0
2009-12-31,0.85,0.2,0.29,0.14,1.04,0.35,0.17,0.83,0.65,1.59,2.06,0.58,0.6,2.06,2.98,0.17,1.7,0.54,0.54,0.11,0.0
2010-01-31,1.83,0.62,0.93,0.2,1.66,0.76,0.37,1.05,0.82,3.28,2.75,0.78,0.89,4.19,4.97,0.28,1.56,0.49,4.28,0.91,20.49
2010-02-28,3.53,0.73,1.09,0.49,1.76,1.47,0.72,1.04,0.82,2.54,5.36,1.51,2.15,3.03,6.97,0.39,1.44,0.46,2.86,0.61,26.21
2010-03-31,7.53,1.66,2.49,0.43,3.77,3.14,1.54,1.92,1.51,3.65,13.81,3.89,1.91,6.4,14.59,0.82,1.83,0.58,3.67,0.78,25.51
2010-04-30,10.76,3.73,5.59,0.46,10.62,4.48,2.2,4.06,3.19,7.96,29.94,8.44,2.03,14.0,29.42,1.66,3.32,1.05,3.81,0.81,33.97
2010-05-31,6.25,8.22,12.33,0.37,22.35,2.6,1.28,9.95,7.82,21.24,52.2,14.72,1.63,24.86,51.25,2.89,1.47,0.46,1.48,0.31,30.92
2010-06-30,1.24,17.85,26.77,1.42,23.34,0.52,0.25,23.52,18.48,42.2,62.87,17.73,6.26,34.65,39.19,2.21,0.0,0.0,0.56,0.12,0.0
2010-07-31,0.93,2.61,3.91,0.13,1.58,0.39,0.19,9.27,7.28,14.79,10.18,2.87,0.56,4.25,2.94,0.17,2.6,0.82,0.26,0.06,7.57
2010-08-31,0.47,0.04,0.06,0.04,0.05,0.2,0.1,1.89,1.49,2.4,2.21,0.62,0.19,0.0,0.07,0.0,1.21,0.38,0.09,0.02,0.0
2010-09-30,0.51,0.02,0.03,0.05,0.08,0.21,0.1,0.72,0.57,1.59,0.87,0.25,0.2,0.0,0.14,0.01,1.11,0.35,0.06,0.01,0.0
2010-10-31,0.73,2.14,3.21,0.09,3.81,0.3,0.15,4.43,3.48,5.51,3.95,1.11,0.39,6.65,4.0,0.23,1.39,0.44,0.11,0.02,7.51
2010-11-30,4.96,1.08,1.62,0.13,2.53,2.07,1.02,2.06,1.62,3.18,4.24,1.2,0.6,3.53,3.55,0.2,0.78,0.25,0.99,0.21,4.57
2010-12-31,7.74,2.58,3.87,1.0,6.11,3.22,1.58,2.6,2.05,9.99,24.98,7.05,4.39,9.84,31.34,1.76,0.0,0.0,8.82,1.87,83.97
2011-01-31,4.69,1.8,2.7,0.42,3.73,1.95,0.96,1.84,1.45,3.98,11.88,3.35,1.87,5.3,19.54,1.1,5.32,1.68,3.66,0.77,37.38
2011-02-28,8.59,1.38,2.07,0.23,3.13,3.58,1.76,1.63,1.28,3.24,9.55,2.69,1.03,6.18,11.92,0.67,5.37,1.7,5.63,1.19,24.16
2011-03-31,18.77,2.38,3.56,1.95,5.44,7.82,3.84,2.02,1.58,11.33,42.14,11.89,8.61,8.74,40.16,2.26,0.0,0.0,22.25,4.71,107.67
2011-04-30,15.09,5.86,8.79,1.94,16.47,6.28,3.09,5.97,4.69,18.3,55.09,15.54,8.55,18.15,59.14,3.33,9.25,2.92,4.0,0.85,64.06
2011-05-31,10.42,11.51,17.26,1.23,27.85,4.34,2.13,12.77,10.03,32.33,72.62,20.48,5.43,32.19,65.65,3.7,10.88,3.44,1.76,0.37,19.75
2011-06-30,6.55,20.84,31.26,2.93,37.51,2.73,1.34,25.25,19.84,54.26,89.59,25.27,12.91,31.16,86.15,4.85,7.06,2.23,1.08,0.23,0.0
2011-07-31,1.26,11.12,16.68,1.11,12.56,0.52,0.26,21.38,16.8,36.4,40.11,11.31,4.89,13.75,25.21,1.42,0.72,0.23,0.34,0.07,5.01
2011-08-31,0.94,0.69,1.03,0.03,0.51,0.39,0.19,6.07,4.77,9.08,8.06,2.27,0.13,1.58,2.49,0.14,0.0,0.0,0.14,0.03,4.43
2011-09-30,0.58,0.12,0.17,0.06,0.2,0.24,0.12,2.4,1.89,4.9,2.67,0.75,0.27,1.13,2.21,0.12,0.0,0.0,0.08,0.02,1.57
2011-10-31,0.64,0.57,0.85,0.08,0.87,0.27,0.13,2.18,1.71,3.99,2.47,0.7,0.34,2.01,1.49,0.08,0.8,0.25,0.23,0.05,17.06
2011-11-30,0.7,0.19,0.28,0.0,0.51,0.29,0.14,0.93,0.73,0.89,2.79,0.79,0.0,1.39,1.23,0.07,0.51,0.16,0.16,0.03,0.0
2011-12-31,0.62,0.0,0.0,0.0,0.12,0.26,0.13,0.69,0.54,0.78,2.06,0.58,0.0,0.63,0.94,0.05,1.9,0.6,0.12,0.02,0.0
2012-01-31,1.21,0.69,1.04,0.11,2.06,0.5,0.25,0.91,0.72,1.62,4.19,1.18,0.5,3.64,4.07,0.23,1.87,0.59,0.64,0.14,11.74
2012-02-29,3.34,0.53,0.79,0.06,1.69,1.39,0.68,0.68,0.53,1.15,4.31,1.22,0.25,2.62,2.52,0.14,0.88,0.28,0.38,0.08,4.67
2012-03-31,7.57,1.61,2.41,0.26,5.58,3.15,1.55,1.34,1.06,4.06,11.47,3.24,1.13,7.02,15.77,0.89,1.59,0.5,2.75,0.58,20.65
2012-04-30,3.57,6.9,10.35,0.26,18.3,1.49,0.73,6.93,5.44,18.21,27.53,7.76,1.13,18.47,36.88,2.08,3.15,0.99,3.44,0.73,41.34
2012-05-31,1.22,7.09,10.64,0.5,8.6,0.51,0.25,10.01,7.86,20.89,18.34,5.17,2.19,12.61,13.11,0.74,1.75,0.55,0.46,0.1,15.89
2012-06-30,0.93,1.02,1.53,0.07,0.95,0.39,0.19,4.31,3.39,8.52,4.14,1.17,0.3,3.47,1.88,0.11,0.53,0.17,0.18,0.04,10.01
2012-07-31,0.49,0.04,0.06,0.04,0.14,0.2,0.1,1.03,0.81,3.76,0.45,0.13,0.16,1.22,0.08,0.0,0.39,0.12,0.18,0.04,8.09
2012-08-31,0.3,0.08,0.12,0.02,0.09,0.12,0.06,0.62,0.49,2.97,0.0,0.0,0.08,0.92,0.01,0.0,0.0,0.0,0.14,0.03,5.63
2012-09-30,0.23,-0.0,-0.0,0.05,0.01,0.1,0.05,0.36,0.28,1.02,0.27,0.08,0.22,0.0,0.0,0.0,0.1,0.03,0.27,0.06,0.0
2012-10-31,0.43,0.03,0.04,0.03,0.12,0.18,0.09,0.42,0.33,1.46,0.02,0.01,0.15,0.79,0.77,0.04,0.04,0.01,0.13,0.03,0.0
2012-11-30,3.03,0.58,0.87,0.1,1.79,1.26,0.62,0.93,0.73,2.05,1.71,0.48,0.42,3.65,3.39,0.19,0.33,0.1,0.27,0.06,0.0
2012-12-31,3.73,2.17,3.25,0.31,8.1,1.55,0.76,2.28,1.79,5.85,12.3,3.47,1.35,9.43,22.42,1.26,1.92,0.61,4.49,0.95,34.0
2013-01-31,2.35,1.07,1.61,0.18,2.79,0.98,0.48,1.17,0.92,2.07,6.8,1.92,0.82,3.4,8.73,0.49,1.61,0.51,0.88,0.19,4.79
2013-02-28,3.2,0.76,1.14,0.13,2.22,1.33,0.66,1.01,0.79,2.11,6.62,1.87,0.59,3.14,6.55,0.37,2.11,0.67,0.46,0.1,5.47
2013-03-31,3.32,2.73,4.1,0.17,7.79,1.38,0.68,2.57,2.02,6.32,15.33,4.32,0.75,10.06,16.2,0.91,1.79,0.57,0.49,0.1,10.43
2013-04-30,1.28,6.44,9.67,0.1,11.89,0.53,0.26,7.66,6.02,15.1,21.12,5.96,0.43,14.28,17.66,0.99,2.37,0.75,0.46,0.1,20.57
2013-05-31,1.06,6.57,9.86,0.32,5.85,0.44,0.22,10.62,8.34,18.6,17.16,4.84,1.44,13.13,4.82,0.27,2.15,0.68,0.21,0.05,6.91
2013-06-30,0.55,1.2,1.8,0.05,1.06,0.23,0.11,7.65,6.01,7.89,7.0,1.97,0.23,3.89,0.95,0.05,1.53,0.48,0.19,0.04,0.0
2013-07-31,0.29,0.11,0.17,0.01,0.22,0.12,0.06,2.11,1.66,2.53,1.26,0.36,0.04,0.9,0.67,0.04,0.81,0.26,0.17,0.04,0.91
2013-08-31,0.2,0.14,0.21,0.02,0.07,0.08,0.04,0.44,0.34,2.93,0.0,0.0,0.1,0.92,0.0,0.0,0.17,0.05,0.1,0.02,5.91
2013-09-30,0.19,0.0,0.0,0.04,0.06,0.08,0.04,0.42,0.33,1.18,0.54,0.15,0.16,0.5,0.18,0.01,3.55,1.12,0.03,0.01,0.0
2013-10-31,0.25,0.0,0.0,0.0,0.04,0.1,0.05,0.31,0.24,1.36,0.1,0.03,0.02,0.0,0.25,0.01,0.46,0.14,0.0,0.0,0.0
2013-11-30,0.29,0.0,0.0,0.0,0.1,0.12,0.06,0.42,0.33,0.57,0.7,0.2,0.0,0.87,0.26,0.01,0.9,0.28,0.03,0.01,0.0
2013-12-31,0.33,0.05,0.07,0.02,0.14,0.14,0.07,0.43,0.34,0.59,0.72,0.2,0.1,0.93,0.52,0.03,0.78,0.25,0.0,0.0,0.0
2014-01-31,1.12,0.08,0.12,0.03,0.26,0.47,0.23,0.36,0.28,0.61,0.98,0.28,0.11,0.71,0.28,0.02,0.54,0.17,0.03,0.01,0.12
2014-02-28,1.82,0.74,1.11,0.13,1.67,0.76,0.37,0.72,0.56,2.16,3.85,1.09,0.56,3.15,6.25,0.35,1.1,0.35,0.73,0.16,10.0
2014-03-31,2.17,1.64,2.47,0.14,5.44,0.9,0.44,1.73,1.36,3.32,9.08,2.56,0.6,6.15,11.29,0.64,1.55,0.49,0.87,0.19,15.15
2014-04-30,1.22,4.66,6.99,0.12,11.95,0.51,0.25,5.64,4.43,11.33,16.13,4.55,0.55,11.87,15.68,0.88,1.9,0.6,0.52,0.11,22.84
2014-05-31,0.91,4.86,7.29,0.11,6.95,0.38,0.19,7.88,6.19,16.39,12.94,3.65,0.5,11.42,6.53,0.37,2.07,0.65,0.09,0.02,8.47
2014-06-30,0.3,0.53,0.8,0.03,0.52,0.12,0.06,3.68,2.89,4.96,5.65,1.59,0.14,2.24,0.59,0.03,1.1,0.35,0.09,0.02,0.0
2014-07-31,0.16,0.08,0.12,0.03,0.34,0.07,0.03,1.9,1.49,3.06,0.65,0.18,0.12,1.84,0.06,0.0,0.62,0.19,0.11,0.02,1.89
2014-08-31,0.1,0.15,0.23,0.01,0.09,0.04,0.02,0.95,0.75,2.07,0.03,0.01,0.04,1.31,0.0,0.0,0.23,0.07,0.13,0.03,1.81
2014-09-30,0.12,0.0,0.0,0.0,0.1,0.05,0.02,0.44,0.35,1.41,0.0,0.0,0.0,0.59,0.0,0.0,0.36,0.11,0.11,0.02,0.0
2014-10-31,0.16,0.05,0.08,0.03,0.06,0.07,0.03,0.42,0.33,1.22,0.0,0.0,0.11,1.4,0.05,0.0,0.6,0.19,0.03,0.01,0.0
2014-11-30,0.59,0.07,0.11,0.06,0.25,0.25,0.12,0.68,0.53,1.0,0.69,0.2,0.25,1.04,0.07,0.0,0.29,0.09,0.02,0.0,0.0
2014-12-31,0.92,1.29,1.94,0.15,3.13,0.38,0.19,1.44,1.13,2.45,2.23,0.63,0.64,3.69,5.28,0.3,1.54,0.49,1.54,0.33,6.6
2015-01-31,1.68,0.47,0.71,0.05,1.72,0.7,0.34,0.99,0.77,0.7,2.55,0.72,0.21,1.99,2.51,0.14,1.16,0.37,0.19,0.04,0.0
2015-02-28,2.51,3.09,4.63,0.15,9.07,1.05,0.51,3.34,2.62,6.39,8.11,2.29,0.65,9.28,20.01,1.13,1.77,0.56,2.63,0.56,17.67
2015-03-31,0.89,1.96,2.94,0.06,3.12,0.37,0.18,2.83,2.22,4.3,4.96,1.4,0.27,4.35,4.12,0.23,0.71,0.22,0.2,0.04,5.2
2015-04-30,0.62,2.34,3.51,0.05,2.76,0.26,0.13,3.3,2.59,5.72,4.35,1.23,0.24,4.43,3.19,0.18,0.57,0.18,0.17,0.04,7.42
2015-05-31,0.63,3.18,4.77,0.07,3.36,0.26,0.13,7.28,5.72,11.72,9.06,2.56,0.33,7.28,4.25,0.24,1.49,0.47,0.06,0.01,0.0
2015-06-30,0.27,0.76,1.14,0.04,0.69,0.11,0.06,5.45,4.28,7.76,4.39,1.24,0.19,2.72,0.65,0.04,1.32,0.42,0.06,0.01,0.0
2015-07-31,0.12,0.17,0.25,0.02,0.44,0.05,0.02,1.64,1.29,2.74,1.03,0.29,0.1,1.92,0.0,0.0,0.82,0.26,0.1,0.02,0.0
2015-08-31,0.06,0.13,0.2,0.01,0.1,0.02,0.01,0.69,0.54,0.75,0.58,0.16,0.06,0.34,0.0,0.0,0.57,0.18,0.02,0.0,0.0
2015-09-30,0.07,0.0,0.0,0.03,0.03,0.03,0.01,0.35,0.27,0.0,0.84,0.24,0.12,0.66,0.0,0.0,0.99,0.31,0.01,0.0,0.0
2015-10-31,0.15,0.13,0.19,0.02,0.22,0.06,0.03,0.74,0.58,1.46,1.01,0.28,0.07,1.19,0.0,0.0,0.91,0.29,0.02,0.0,0.0
2015-11-30,0.37,0.54,0.81,0.04,0.92,0.15,0.08,1.3,1.02,1.42,1.04,0.29,0.18,1.31,0.91,0.05,0.73,0.23,0.02,0.0,0.1
2015-12-31,1.39,0.71,1.07,0.24,1.66,0.58,0.28,0.96,0.76,3.58,7.05,1.99,1.04,2.39,5.89,0.33,0.0,0.0,2.29,0.48,16.04
2016-01-31,2.45,1.15,1.72,0.4,2.99,1.02,0.5,1.23,0.97,4.08,9.88,2.79,1.79,4.23,11.1,0.63,1.05,0.33,5.47,1.16,32.65
2016-02-29,4.21,2.08,3.12,0.19,6.07,1.75,0.86,2.11,1.66,3.35,8.54,2.41,0.86,7.18,18.25,1.03,11.61,3.67,1.49,0.31,12.33
2016-03-31,11.2,4.43,6.65,0.67,13.09,4.66,2.29,4.23,3.32,12.46,37.42,10.55,2.98,15.95,45.77,2.58,6.35,2.0,8.67,1.83,58.69
2016-04-30,7.1,7.84,11.75,0.16,21.28,2.96,1.45,9.14,7.18,19.85,42.11,11.88,0.71,21.57,41.28,2.32,2.81,0.89,1.03,0.22,17.01
2016-05-31,3.05,11.31,16.97,0.61,17.29,1.27,0.62,15.55,12.22,26.4,36.83,10.39,2.67,22.67,21.92,1.23,4.58,1.45,0.36,0.08,0.0
2016-06-30,0.81,6.49,9.73,0.36,4.03,0.34,0.17,15.63,12.28,21.46,17.19,4.85,1.58,11.51,2.78,0.16,9.76,3.08,0.25,0.05,0.0
2016-07-31,0.33,0.24,0.36,0.06,0.18,0.14,0.07,4.23,3.33,5.38,3.31,0.93,0.28,2.03,0.12,0.01,0.84,0.27,0.28,0.06,3.3
2016-08-31,0.19,0.02,0.03,0.04,0.03,0.08,0.04,1.01,0.79,2.16,1.91,0.54,0.17,0.1,0.0,0.0,0.0,0.0,0.34,0.07,2.02
2016-09-30,0.19,0.0,0.0,0.03,0.0,0.08,0.04,0.52,0.41,1.74,1.07,0.3,0.12,0.99,0.0,0.0,0.0,0.0,0.16,0.03,0.22
2016-10-31,0.96,2.81,4.22,0.07,3.49,0.4,0.2,6.81,5.35,6.68,3.81,1.07,0.3,7.45,5.16,0.29,0.79,0.25,0.3,0.06,9.53
2016-11-30,0.7,1.01,1.51,0.01,1.29,0.29,0.14,2.59,2.04,2.28,4.63,1.3,0.05,3.2,3.27,0.18,0.94,0.3,0.4,0.09,1.46
2016-12-31,5.23,3.1,4.65,0.24,8.73,2.18,1.07,2.79,2.19,7.87,18.25,5.15,1.08,10.69,29.19,1.64,3.03,0.96,3.16,0.67,21.53
2017-01-31,16.41,6.28,9.42,3.08,14.81,6.83,3.36,5.36,4.21,16.59,54.43,15.35,13.57,22.84,70.88,3.99,10.03,3.17,28.15,5.96,134.82
2017-02-28,18.43,7.11,10.66,5.04,15.19,7.67,3.77,5.02,3.95,25.42,76.73,21.64,22.25,22.85,106.08,5.97,8.86,2.8,34.22,7.24,214.51
2017-03-31,1.5,5.17,7.75,1.53,12.26,0.62,0.31,4.66,3.66,15.48,47.53,13.41,6.74,16.21,47.22,2.66,13.54,4.28,6.61,1.4,58.72
2017-04-30,12.7,8.36,12.54,1.58,19.79,5.29,2.6,8.04,6.32,33.64,62.03,17.5,6.98,26.63,63.79,3.59,17.49,5.52,5.76,1.22,86.7
2017-05-31,9.65,20.0,29.99,1.89,43.62,4.02,1.98,27.3,21.45,52.95,116.56,32.88,8.32,56.51,67.1,3.78,3.22,1.02,1.7,0.36,25.79
2017-06-30,3.49,19.64,29.47,1.63,25.8,1.45,0.71,34.45,27.07,55.59,81.91,23.1,7.19,50.14,16.0,0.9,2.71,0.86,0.87,0.18,3.05
2017-07-31,1.14,5.47,8.21,0.08,3.12,0.47,0.23,19.84,15.59,26.29,20.59,5.81,0.36,11.15,3.52,0.2,6.27,1.98,0.57,0.12,11.34
2017-08-31,0.69,0.42,0.62,0.04,0.45,0.29,0.14,6.26,4.92,9.14,2.87,0.81,0.19,2.37,1.99,0.11,1.77,0.56,0.33,0.07,8.88
2017-09-30,0.54,0.21,0.31,0.06,0.36,0.22,0.11,3.01,2.36,6.19,0.9,0.25,0.28,1.65,1.84,0.1,0.0,0.0,0.19,0.04,6.99
2017-10-31,0.54,0.13,0.19,0.03,0.04,0.22,0.11,1.35,1.06,2.78,1.0,0.28,0.15,1.03,0.99,0.06,0.65,0.2,0.09,0.02,8.59
2017-11-30,1.24,1.86,2.78,0.12,4.58,0.52,0.25,2.8,2.2,3.62,7.06,1.99,0.51,6.3,6.14,0.35,1.52,0.48,1.63,0.34,7.43
2017-12-31,0.76,0.46,0.7,0.1,0.89,0.32,0.16,1.46,1.14,1.5,3.97,1.12,0.42,2.56,3.37,0.19,2.0,0.63,0.28,0.06,0.0
2018-01-31,1.94,1.56,2.34,0.14,4.18,0.81,0.4,1.69,1.33,2.22,7.92,2.24,0.63,5.16,10.15,0.57,1.9,0.6,1.17,0.25,9.53
2018-02-28,0.98,0.7,1.04,0.08,1.73,0.41,0.2,1.24,0.98,1.11,5.29,1.49,0.35,2.68,3.64,0.2,1.14,0.36,0.36,0.08,3.03
2018-03-31,7.84,3.27,4.91,1.17,9.0,3.26,1.61,2.7,2.12,8.25,25.44,7.18,5.18,11.93,35.22,1.98,4.87,1.54,8.02,1.7,54.71
2018-04-30,11.89,9.41,14.12,1.08,23.47,4.95,2.43,12.01,9.44,27.4,59.94,16.91,4.77,29.48,51.45,2.9,8.61,2.72,2.8,0.59,26.83
2018-05-31,2.71,8.18,12.27,0.84,8.2,1.13,0.55,14.91,11.72,24.52,30.62,8.64,3.7,18.07,11.19,0.63,7.3,2.3,0.78,0.16,6.97
2018-06-30,1.01,2.36,3.53,0.09,0.91,0.42,0.21,9.33,7.33,14.28,11.78,3.32,0.4,4.44,2.82,0.16,3.31,1.05,0.45,0.1,12.01
2018-07-31,0.5,0.12,0.18,0.03,0.14,0.21,0.1,2.87,2.26,5.1,2.17,0.61,0.11,1.65,2.47,0.14,1.01,0.32,0.29,0.06,5.26
2018-08-31,0.39,0.16,0.24,0.02,0.03,0.16,0.08,0.88,0.69,2.97,0.54,0.15,0.09,0.8,2.38,0.13,0.88,0.28,0.1,0.02,1.76
2018-09-30,0.26,0.01,0.01,0.0,0.0,0.11,0.05,0.55,0.44,2.13,0.16,0.05,0.03,0.22,0.94,0.05,0.48,0.15,0.13,0.03,0.0
2018-10-31,0.37,0.01,0.01,0.03,0.05,0.15,0.08,0.6,0.47,1.82,0.22,0.06,0.11,0.91,1.22,0.07,0.45,0.14,0.12,0.03,0.0
2018-11-30,0.65,0.22,0.34,0.05,0.41,0.27,0.13,0.55,0.44,2.47,0.69,0.19,0.25,1.63,1.15,0.06,0.8,0.25,0.47,0.1,9.41
2018-12-31,0.91,0.37,0.56,0.1,0.7,0.38,0.19,0.74,0.58,1.69,2.8,0.79,0.43,1.17,2.32,0.13,0.74,0.23,0.57,0.12,4.23
2019-01-31,3.5,0.92,1.38,0.47,1.83,1.46,0.72,0.97,0.76,5.46,5.25,1.48,2.06,3.52,12.53,0.71,2.52,0.8,5.12,1.08,36.41
2019-02-28,7.9,2.14,3.22,0.94,5.36,3.29,1.62,1.82,1.43,8.47,16.63,4.69,4.13,9.05,27.84,1.57,5.09,1.61,18.75,3.97,92.94
2019-03-31,13.12,2.14,3.21,1.69,3.75,5.46,2.69,1.39,1.09,10.1,26.35,7.43,7.47,7.19,39.29,2.21,6.45,2.04,12.93,2.73,122.53
2019-04-30,19.26,8.31,12.46,0.54,24.59,8.02,3.94,8.23,6.47,19.43,75.02,21.16,2.37,27.32,65.67,3.7,8.73,2.76,3.51,0.74,48.8
2019-05-31,14.63,11.31,16.96,0.97,31.38,6.09,3.0,15.02,11.8,35.36,74.87,21.12,4.3,36.14,63.9,3.6,10.55,3.33,2.66,0.56,17.23
2019-06-30,8.56,21.07,31.61,0.48,29.22,3.56,1.75,25.84,20.3,52.9,79.88,22.53,2.11,41.95,42.24,2.38,3.36,1.06,1.3,0.27,3.76
2019-07-31,1.77,5.58,8.37,0.0,3.54,0.74,0.36,15.15,11.9,20.66,17.64,4.98,0.0,8.75,5.72,0.32,2.55,0.8,1.1,0.23,3.08
2019-08-31,0.88,0.39,0.59,0.06,0.11,0.37,0.18,3.84,3.01,6.55,2.98,0.84,0.26,1.01,3.15,0.18,0.0,0.0,0.42,0.09,4.08
2019-09-30,0.64,0.0,0.0,0.03,0.13,0.27,0.13,1.09,0.86,3.74,0.0,0.0,0.15,0.04,2.76,0.16,0.0,0.0,0.11,0.02,2.65
2019-10-31,0.55,0.0,0.0,0.06,0.0,0.23,0.11,0.61,0.48,1.79,1.95,0.55,0.24,0.48,2.22,0.12,0.18,0.06,0.13,0.03,0.0
2019-11-30,0.52,0.0,0.0,0.03,0.2,0.22,0.11,0.52,0.41,1.1,1.96,0.55,0.12,1.03,1.57,0.09,0.12,0.04,0.25,0.05,0.0
2019-12-31,2.45,0.55,0.83,0.33,1.0,1.02,0.5,0.84,0.66,3.73,3.74,1.06,1.44,2.93,6.54,0.37,1.93,0.61,1.94,0.41,25.37
2020-01-31,1.5,0.34,0.51,0.14,1.03,0.62,0.31,0.6,0.47,1.3,4.73,1.33,0.6,2.29,5.44,0.31,1.32,0.42,0.8,0.17,4.91
2020-02-29,1.78,0.66,0.99,0.08,2.35,0.74,0.36,0.95,0.74,1.35,6.31,1.78,0.35,3.42,5.12,0.29,0.92,0.29,0.49,0.1,5.27
2020-03-31,2.07,1.22,1.82,0.24,4.18,0.86,0.42,1.22,0.96,3.08,8.72,2.46,1.06,4.77,8.96,0.5,1.35,0.43,3.57,0.76,23.58
2020-04-30,7.25,5.99,8.99,0.34,15.84,3.02,1.48,6.13,4.82,15.24,27.77,7.83,1.53,17.29,33.91,1.91,4.12,1.3,4.04,0.86,34.78
2020-05-31,4.59,9.45,14.17,0.25,16.61,1.91,0.94,11.75,9.23,26.59,25.81,7.28,1.11,20.23,27.45,1.55,3.5,1.11,0.77,0.16,6.89
2020-06-30,1.22,1.85,2.77,0.07,1.59,0.51,0.25,5.97,4.69,10.99,8.1,2.29,0.31,4.14,4.18,0.24,1.89,0.6,0.36,0.08,2.43
2020-07-31,0.52,0.16,0.24,0.04,0.16,0.22,0.11,1.61,1.27,2.87,2.75,0.78,0.19,1.12,1.71,0.1,0.9,0.29,0.2,0.04,0.0
2020-08-31,0.3,0.07,0.1,0.03,0.11,0.12,0.06,0.74,0.58,0.89,2.02,0.57,0.12,1.31,1.5,0.08,0.6,0.19,0.22,0.05,0.0
2020-09-30,0.25,0.02,0.03,0.08,0.05,0.1,0.05,0.4,0.32,1.9,0.42,0.12,0.33,0.42,0.51,0.03,0.54,0.17,0.13,0.03,0.0
2020-10-31,0.28,0.0,0.0,0.02,0.0,0.12,0.06,0.24,0.19,1.54,0.44,0.12,0.1,1.88,0.86,0.05,0.3,0.09,0.02,0.0,0.0
2020-11-30,0.41,0.0,0.0,0.04,0.17,0.17,0.08,0.26,0.2,0.73,0.0,0.0,0.17,0.52,0.04,0.0,0.0,0.0,0.06,0.01,0.83
2020-12-31,0.49,0.05,0.08,0.05,0.27,0.2,0.1,0.41,0.32,0.74,1.8,0.51,0.22,0.71,0.06,0.0,0.54,0.17,0.23,0.05,0.73
2021-01-31,0.55,0.18,0.28,0.04,0.98,0.23,0.11,0.51,0.4,1.63,1.51,0.42,0.18,2.08,0.29,0.02,0.6,0.19,1.87,0.4,12.02
2021-02-28,0.97,0.56,0.84,0.17,1.25,0.4,0.2,0.61,0.48,1.49,3.51,0.99,0.75,2.0,3.08,0.17,0.75,0.24,0.99,0.21,9.89
2021-03-31,1.82,0.95,1.42,0.17,2.61,0.76,0.37,0.98,0.77,2.47,6.81,1.92,0.73,3.78,6.35,0.36,1.13,0.36,1.16,0.25,10.3
2021-04-30,2.83,4.64,6.96,0.08,12.52,1.18,0.58,5.02,3.94,10.41,15.73,4.44,0.35,12.63,17.45,0.98,1.89,0.6,0.52,0.11,9.44
2021-05-31,1.23,5.21,7.82,0.03,6.97,0.51,0.25,8.79,6.91,15.34,13.77,3.88,0.14,10.0,7.32,0.41,1.58,0.5,0.4,0.08,4.52
2021-06-30,0.33,0.48,0.73,0.04,0.43,0.14,0.07,3.9,3.06,5.95,4.35,1.23,0.16,2.8,0.54,0.03,0.09,0.03,0.18,0.04,2.01
2021-07-31,0.15,0.09,0.13,0.02,0.16,0.06,0.03,1.0,0.79,0.67,2.52,0.71,0.1,1.56,0.0,0.0,0.47,0.15,0.11,0.02,0.0
2021-08-31,0.1,0.01,0.01,0.03,0.03,0.04,0.02,0.53,0.41,2.5,0.0,0.0,0.14,0.4,0.0,0.0,0.08,0.03,0.09,0.02,5.14
2021-09-30,0.11,0.02,0.04,0.02,0.01,0.05,0.02,0.31,0.25,3.26,0.0,0.0,0.08,1.91,2.28,0.13,0.0,0.0,0.07,0.01,0.0
